Location,Slot Height Group,Location height,Scenario_1_Item_Height,Scenario_2_Item_Height,Scenario_3_Item_Height,Scenario_4_Item_Height,Scenario_5_Item_Height,Scenario_6_Item_Height,Scenario_7_Item_Height
A0001,Group 4,234,95,109,134,161,188,202.2,229
A0101,Group 4,234,192,109,134,161,188,202.2,229
A0201,Group 4,234,197,109,134,161,188,202.2,229
A0301,Group 4,234,197,109,134,161,188,202.2,229
A0401,Group 4,234,200,109,134,161,188,202.2,229
A0601,Group 4,234,197,109,134,161,188,202.2,229
A0701,Group 4,234,222,109,134,161,188,202.2,229
A0801,Group 4,234,232,109,134,161,188,202.2,229
A0901,Group 4,234,200,109,134,161,188,202.2,229
A1001,Group 4,234,229,109,134,161,188,202.2,229
A1101,Group 4,234,229,109,134,161,188,202.2,229
A1201,Group 4,234,200,109,134,161,188,202.2,229
A1301,Group 4,234,132,109,134,161,188,202.2,229
A1401,Group 4,234,143,109,134,161,188,202.2,229
A1501,Group 4,234,161,109,134,161,188,202.2,229
A0002,Group 4,234,197,109,134,161,188,202.2,229
A0102,Group 4,234,197,109,134,161,188,202.2,229
A0202,Group 4,234,197,109,134,161,188,202.2,229
A0302,Group 4,234,197,109,134,161,188,202.2,229
A0402,Group 4,234,197,109,134,161,188,202.2,229
A0502,Group 4,234,197,109,134,161,188,202.2,229
A0602,Group 4,234,197,109,134,161,188,202.2,229
A0802,Group 4,234,197,109,134,161,188,202.2,229
A0902,Group 4,234,197,109,134,161,188,202.2,229
A1002,Group 4,234,197,109,134,161,188,202.2,229
A1102,Group 4,234,197,109,134,161,188,202.2,229
A1202,Group 4,234,197,109,134,161,188,202.2,229
A1302,Group 4,234,88,109,134,161,188,202.2,229
A1402,Group 4,234,109,109,134,161,188,202.2,229
A0003,Group 2,94,88,23,34,52,67,83,89
A0103,Group 2,94,88,23,34,52,67,83,89
A0203,Group 2,94,88,23,34,52,67,83,89
A0303,Group 2,94,67,23,34,52,67,83,89
A0403,Group 2,94,65,23,34,52,67,83,89
A0503,Group 2,94,26,23,34,52,67,83,89
A0603,Group 2,94,48,23,34,52,67,83,89
A0703,Group 2,94,38,23,34,52,67,83,89
A0903,Group 2,94,29,23,34,52,67,83,89
A1003,Group 2,94,81,23,34,52,67,83,89
A1103,Group 2,94,69,23,34,52,67,83,89
A1303,Group 2,94,73,23,34,52,67,83,89
A1403,Group 2,94,68,23,34,52,67,83,89
A0004,Group 3,129,88,24.6,50,72,96,109,124
A0104,Group 3,129,88,24.6,50,72,96,109,124
A0204,Group 3,129,88,24.6,50,72,96,109,124
A0304,Group 3,129,116,24.6,50,72,96,109,124
A0404,Group 3,129,81,24.6,50,72,96,109,124
A0504,Group 3,129,81,24.6,50,72,96,109,124
A0604,Group 3,129,102,24.6,50,72,96,109,124
A0804,Group 3,129,62,24.6,50,72,96,109,124
A1004,Group 3,129,16,24.6,50,72,96,109,124
A1104,Group 3,129,16,24.6,50,72,96,109,124
A1204,Group 3,129,91,24.6,50,72,96,109,124
A1304,Group 3,129,96,24.6,50,72,96,109,124
A1404,Group 3,129,15,24.6,50,72,96,109,124
A1504,Group 3,129,53,24.6,50,72,96,109,124
B0001,Group 4,234,229,109,134,161,188,202.2,229
B0101,Group 4,234,229,109,134,161,188,202.2,229
B0201,Group 4,234,197,109,134,161,188,202.2,229
B0301,Group 4,234,229,109,134,161,188,202.2,229
B0401,Group 4,234,197,109,134,161,188,202.2,229
B0901,Group 4,234,120,109,134,161,188,202.2,229
B1001,Group 4,234,202,109,134,161,188,202.2,229
B1201,Group 4,234,172,109,134,161,188,202.2,229
B1301,Group 4,234,175,109,134,161,188,202.2,229
B1401,Group 4,234,117,109,134,161,188,202.2,229
B1501,Group 4,234,200,109,134,161,188,202.2,229
B1601,Group 4,234,71,109,134,161,188,202.2,229
B1701,Group 4,234,139,109,134,161,188,202.2,229
B1801,Group 4,234,114,109,134,161,188,202.2,229
B0002,Group 4,234,196,109,134,161,188,202.2,229
B0102,Group 4,234,196,109,134,161,188,202.2,229
B0202,Group 4,234,196,109,134,161,188,202.2,229
B0302,Group 4,234,196,109,134,161,188,202.2,229
B0702,Group 4,234,160,109,134,161,188,202.2,229
B0802,Group 4,234,160,109,134,161,188,202.2,229
B0902,Group 4,234,160,109,134,161,188,202.2,229
B1402,Group 4,234,218,109,134,161,188,202.2,229
B1502,Group 4,234,218,109,134,161,188,202.2,229
B1602,Group 4,234,198,109,134,161,188,202.2,229
B1702,Group 4,234,196,109,134,161,188,202.2,229
B1802,Group 4,234,199,109,134,161,188,202.2,229
B1902,Group 4,234,141,109,134,161,188,202.2,229
B2002,Group 4,234,141,109,134,161,188,202.2,229
B0303,Group 2,94,90,23,34,52,67,83,89
B0403,Group 2,94,33,23,34,52,67,83,89
B0603,Group 2,94,49,23,34,52,67,83,89
B0703,Group 2,94,28,23,34,52,67,83,89
B0803,Group 2,94,62,23,34,52,67,83,89
B0903,Group 2,94,48,23,34,52,67,83,89
B1003,Group 2,94,47,23,34,52,67,83,89
B1103,Group 2,94,39,23,34,52,67,83,89
B1203,Group 2,94,27,23,34,52,67,83,89
B1303,Group 2,94,76,23,34,52,67,83,89
B1403,Group 2,94,38,23,34,52,67,83,89
B0004,Group 3,129,102,24.6,50,72,96,109,124
B0104,Group 3,129,102,24.6,50,72,96,109,124
B0204,Group 3,129,110,24.6,50,72,96,109,124
B0304,Group 3,129,125,24.6,50,72,96,109,124
B0404,Group 3,129,76,24.6,50,72,96,109,124
B0504,Group 3,129,73,24.6,50,72,96,109,124
B0704,Group 3,129,72,24.6,50,72,96,109,124
B0804,Group 3,129,76,24.6,50,72,96,109,124
B0904,Group 3,129,76,24.6,50,72,96,109,124
B1004,Group 3,129,55,24.6,50,72,96,109,124
B1104,Group 3,129,106,24.6,50,72,96,109,124
B1204,Group 3,129,120,24.6,50,72,96,109,124
B1304,Group 3,129,55,24.6,50,72,96,109,124
B1404,Group 3,129,76,24.6,50,72,96,109,124
B1504,Group 3,129,46,24.6,50,72,96,109,124
B1604,Group 3,129,44,24.6,50,72,96,109,124
B1704,Group 3,129,44,24.6,50,72,96,109,124
B1804,Group 3,129,44,24.6,50,72,96,109,124
B1901a,Group 2,94,55,23,34,52,67,83,89
B2001a,Group 2,94,25,23,34,52,67,83,89
B1901b,Group 1,39,10,-10.6,-4,11,22,26.6,34
B2001b,Group 1,39,23,-10.6,-4,11,22,26.6,34
B1901c,Group 1,69,65,19.4,26,41,52,56.6,64
B2001c,Group 1,69,48,19.4,26,41,52,56.6,64
D0101,Group 1,69,37,19.4,26,41,52,56.6,64
D0301,Group 1,69,15,19.4,26,41,52,56.6,64
D0401,Group 1,69,64,19.4,26,41,52,56.6,64
D0601,Group 1,69,20,19.4,26,41,52,56.6,64
D0701,Group 1,69,67,19.4,26,41,52,56.6,64
D0801,Group 1,69,44,19.4,26,41,52,56.6,64
D0901,Group 1,69,48,19.4,26,41,52,56.6,64
D1001,Group 1,69,57,19.4,26,41,52,56.6,64
D1101,Group 1,69,46,19.4,26,41,52,56.6,64
D1201,Group 1,69,13,19.4,26,41,52,56.6,64
D1301,Group 1,69,17,19.4,26,41,52,56.6,64
D1401,Group 1,69,28,19.4,26,41,52,56.6,64
D1501,Group 1,69,22,19.4,26,41,52,56.6,64
D1601,Group 3,149,45,44.6,70,92,116,129,144
D1701,Group 3,149,80,44.6,70,92,116,129,144
D1801,Group 3,149,20,44.6,70,92,116,129,144
D1901,Group 3,149,78,44.6,70,92,116,129,144
D2001,Group 3,149,80,44.6,70,92,116,129,144
D0102,Group 1,64,44,14.4,21,36,47,51.6,59
D0302,Group 1,64,50,14.4,21,36,47,51.6,59
D0402,Group 1,64,23,14.4,21,36,47,51.6,59
D0502,Group 1,64,43,14.4,21,36,47,51.6,59
D0602,Group 1,64,47,14.4,21,36,47,51.6,59
D0702,Group 1,64,63,14.4,21,36,47,51.6,59
D0802,Group 1,64,23,14.4,21,36,47,51.6,59
D0902,Group 1,64,15,14.4,21,36,47,51.6,59
D1002,Group 1,64,41,14.4,21,36,47,51.6,59
D1102,Group 1,64,49,14.4,21,36,47,51.6,59
D1202,Group 1,64,49,14.4,21,36,47,51.6,59
D1402,Group 1,64,24,14.4,21,36,47,51.6,59
D1502,Group 1,64,25,14.4,21,36,47,51.6,59
D0003,Group 1,64,47,14.4,21,36,47,51.6,59
D0203,Group 1,64,26,14.4,21,36,47,51.6,59
D0303,Group 1,64,41,14.4,21,36,47,51.6,59
D0403,Group 1,64,30,14.4,21,36,47,51.6,59
D0503,Group 1,64,4,14.4,21,36,47,51.6,59
D0603,Group 1,64,8,14.4,21,36,47,51.6,59
D0703,Group 1,64,30,14.4,21,36,47,51.6,59
D0903,Group 1,64,23,14.4,21,36,47,51.6,59
D1103,Group 1,64,39,14.4,21,36,47,51.6,59
D1203,Group 1,64,37,14.4,21,36,47,51.6,59
D1303,Group 1,64,19,14.4,21,36,47,51.6,59
D1403,Group 1,64,19,14.4,21,36,47,51.6,59
D1503,Group 1,64,3,14.4,21,36,47,51.6,59
D1603,Group 1,64,49,14.4,21,36,47,51.6,59
D1703,Group 1,64,19,14.4,21,36,47,51.6,59
D1803,Group 1,64,19,14.4,21,36,47,51.6,59
D1903,Group 1,64,19,14.4,21,36,47,51.6,59
D2003,Group 1,64,19,14.4,21,36,47,51.6,59
D0004,Group 1,64,40,14.4,21,36,47,51.6,59
D0104,Group 1,64,28,14.4,21,36,47,51.6,59
D0304,Group 1,64,13,14.4,21,36,47,51.6,59
D0404,Group 1,64,62,14.4,21,36,47,51.6,59
D0804,Group 1,64,19,14.4,21,36,47,51.6,59
D0904,Group 1,64,59,14.4,21,36,47,51.6,59
D1004,Group 1,64,10,14.4,21,36,47,51.6,59
D1104,Group 1,64,28,14.4,21,36,47,51.6,59
D1204,Group 1,64,48,14.4,21,36,47,51.6,59
D1404,Group 1,64,48,14.4,21,36,47,51.6,59
D1504,Group 1,64,40,14.4,21,36,47,51.6,59
D1704,Group 1,64,10,14.4,21,36,47,51.6,59
D1804,Group 1,64,10,14.4,21,36,47,51.6,59
D2004,Group 1,64,31,14.4,21,36,47,51.6,59
D0005,Group 4,239,195,114,139,166,193,207.2,234
D0105,Group 4,239,195,114,139,166,193,207.2,234
D0205,Group 4,239,216,114,139,166,193,207.2,234
D0305,Group 4,239,195,114,139,166,193,207.2,234
D0405,Group 4,239,203,114,139,166,193,207.2,234
D0505,Group 4,239,203,114,139,166,193,207.2,234
D0605,Group 4,239,195,114,139,166,193,207.2,234
D0705,Group 4,239,203,114,139,166,193,207.2,234
D0905,Group 4,239,203,114,139,166,193,207.2,234
D1005,Group 4,239,203,114,139,166,193,207.2,234
D1105,Group 4,239,203,114,139,166,193,207.2,234
D1205,Group 4,239,203,114,139,166,193,207.2,234
D1305,Group 4,239,203,114,139,166,193,207.2,234
D1405,Group 4,239,203,114,139,166,193,207.2,234
D1505,Group 4,239,203,114,139,166,193,207.2,234
D1605,Group 4,239,195,114,139,166,193,207.2,234
D1705,Group 4,239,203,114,139,166,193,207.2,234
D1805,Group 4,239,195,114,139,166,193,207.2,234
D1905,Group 4,239,175,114,139,166,193,207.2,234
D2105,Group 4,239,185,114,139,166,193,207.2,234
D0006,Group 4,174,84,49,74,101,128,142.2,169
D0106,Group 4,174,84,49,74,101,128,142.2,169
D0206,Group 4,174,84,49,74,101,128,142.2,169
D0306,Group 4,174,147,49,74,101,128,142.2,169
D0406,Group 4,174,87,49,74,101,128,142.2,169
D0506,Group 4,174,74,49,74,101,128,142.2,169
D0606,Group 4,174,47,49,74,101,128,142.2,169
D0706,Group 4,174,97,49,74,101,128,142.2,169
D0806,Group 4,174,70,49,74,101,128,142.2,169
D0906,Group 4,174,140,49,74,101,128,142.2,169
D1006,Group 4,174,101,49,74,101,128,142.2,169
D1206,Group 4,174,40,49,74,101,128,142.2,169
D1306,Group 4,174,83,49,74,101,128,142.2,169
D1406,Group 4,174,78,49,74,101,128,142.2,169
D1506,Group 4,174,78,49,74,101,128,142.2,169
D1606,Group 4,174,112,49,74,101,128,142.2,169
D1706,Group 4,174,140,49,74,101,128,142.2,169
D1806,Group 4,174,140,49,74,101,128,142.2,169
D1906,Group 4,174,125,49,74,101,128,142.2,169
E0001,Group 1,69,48,19.4,26,41,52,56.6,64
E0101,Group 1,69,27,19.4,26,41,52,56.6,64
E0201,Group 1,69,55,19.4,26,41,52,56.6,64
E0301,Group 1,69,34,19.4,26,41,52,56.6,64
E0401,Group 1,69,45,19.4,26,41,52,56.6,64
E0501,Group 1,69,63,19.4,26,41,52,56.6,64
E0601,Group 1,69,25,19.4,26,41,52,56.6,64
E0701,Group 1,69,55,19.4,26,41,52,56.6,64
E0801,Group 1,69,55,19.4,26,41,52,56.6,64
E1001,Group 1,69,54,19.4,26,41,52,56.6,64
E1101,Group 1,69,62,19.4,26,41,52,56.6,64
E1201,Group 1,69,50,19.4,26,41,52,56.6,64
E1301,Group 1,69,52,19.4,26,41,52,56.6,64
E1501,Group 1,69,47,19.4,26,41,52,56.6,64
E1801,Group 1,69,14,19.4,26,41,52,56.6,64
E1901,Group 1,69,63,19.4,26,41,52,56.6,64
E2001,Group 1,69,19,19.4,26,41,52,56.6,64
E0002,Group 1,64,21,14.4,21,36,47,51.6,59
E0102,Group 1,64,40,14.4,21,36,47,51.6,59
E0202,Group 1,64,41,14.4,21,36,47,51.6,59
E0302,Group 1,64,20,14.4,21,36,47,51.6,59
E0402,Group 1,64,12,14.4,21,36,47,51.6,59
E0502,Group 1,64,48,14.4,21,36,47,51.6,59
E0602,Group 1,64,36,14.4,21,36,47,51.6,59
E0702,Group 1,64,60,14.4,21,36,47,51.6,59
E0802,Group 1,64,67,14.4,21,36,47,51.6,59
E0902,Group 1,64,60,14.4,21,36,47,51.6,59
E1002,Group 1,64,34,14.4,21,36,47,51.6,59
E1102,Group 1,64,53,14.4,21,36,47,51.6,59
E1202,Group 1,64,50,14.4,21,36,47,51.6,59
E1302,Group 1,64,43,14.4,21,36,47,51.6,59
E1402,Group 1,64,65,14.4,21,36,47,51.6,59
E1502,Group 1,64,34,14.4,21,36,47,51.6,59
E1702,Group 1,64,56,14.4,21,36,47,51.6,59
E1802,Group 1,64,25,14.4,21,36,47,51.6,59
E1902,Group 1,64,22,14.4,21,36,47,51.6,59
E0003,Group 1,64,44,14.4,21,36,47,51.6,59
E0103,Group 1,64,47,14.4,21,36,47,51.6,59
E0203,Group 1,64,30,14.4,21,36,47,51.6,59
E0303,Group 1,64,56,14.4,21,36,47,51.6,59
E0403,Group 1,64,17,14.4,21,36,47,51.6,59
E0503,Group 1,64,24,14.4,21,36,47,51.6,59
E0603,Group 1,64,42,14.4,21,36,47,51.6,59
E0703,Group 1,64,24,14.4,21,36,47,51.6,59
E0803,Group 1,64,22,14.4,21,36,47,51.6,59
E0903,Group 1,64,23,14.4,21,36,47,51.6,59
E1103,Group 1,64,27,14.4,21,36,47,51.6,59
E1203,Group 1,64,14,14.4,21,36,47,51.6,59
E1403,Group 1,64,46,14.4,21,36,47,51.6,59
E1603,Group 1,64,32,14.4,21,36,47,51.6,59
E1703,Group 1,64,49,14.4,21,36,47,51.6,59
E1803,Group 1,64,60,14.4,21,36,47,51.6,59
E1903,Group 1,64,51,14.4,21,36,47,51.6,59
E2003,Group 1,64,19,14.4,21,36,47,51.6,59
E0004,Group 1,64,15,14.4,21,36,47,51.6,59
E0104,Group 1,64,45,14.4,21,36,47,51.6,59
E0304,Group 1,64,52,14.4,21,36,47,51.6,59
E0404,Group 1,64,39,14.4,21,36,47,51.6,59
E0604,Group 1,64,3,14.4,21,36,47,51.6,59
E0704,Group 1,64,19,14.4,21,36,47,51.6,59
E0804,Group 1,64,51,14.4,21,36,47,51.6,59
E0904,Group 1,64,19,14.4,21,36,47,51.6,59
E1004,Group 1,64,49,14.4,21,36,47,51.6,59
E1104,Group 1,64,19,14.4,21,36,47,51.6,59
E1204,Group 1,64,39,14.4,21,36,47,51.6,59
E1304,Group 1,64,33,14.4,21,36,47,51.6,59
E1404,Group 1,64,49,14.4,21,36,47,51.6,59
E1504,Group 1,64,40,14.4,21,36,47,51.6,59
E1604,Group 1,64,9,14.4,21,36,47,51.6,59
E1704,Group 1,64,32,14.4,21,36,47,51.6,59
E1804,Group 1,64,9,14.4,21,36,47,51.6,59
E1904,Group 1,64,57,14.4,21,36,47,51.6,59
E0005,Group 1,64,49,14.4,21,36,47,51.6,59
E0105,Group 1,64,34,14.4,21,36,47,51.6,59
E0205,Group 1,64,19,14.4,21,36,47,51.6,59
E0305,Group 1,64,19,14.4,21,36,47,51.6,59
E0405,Group 1,64,19,14.4,21,36,47,51.6,59
E0505,Group 1,64,19,14.4,21,36,47,51.6,59
E0605,Group 1,64,19,14.4,21,36,47,51.6,59
E0705,Group 1,64,29,14.4,21,36,47,51.6,59
E0805,Group 1,64,20,14.4,21,36,47,51.6,59
E0905,Group 1,64,20,14.4,21,36,47,51.6,59
E1005,Group 1,64,49,14.4,21,36,47,51.6,59
E1105,Group 1,64,16,14.4,21,36,47,51.6,59
E1305,Group 1,64,25,14.4,21,36,47,51.6,59
E1405,Group 1,64,60,14.4,21,36,47,51.6,59
E1505,Group 1,64,41,14.4,21,36,47,51.6,59
E1605,Group 1,64,41,14.4,21,36,47,51.6,59
E1705,Group 1,64,41,14.4,21,36,47,51.6,59
E1805,Group 1,64,42,14.4,21,36,47,51.6,59
E2005,Group 1,64,47,14.4,21,36,47,51.6,59
E0006,Group 4,169,109,44,69,96,123,137.2,164
E0106,Group 4,169,15,44,69,96,123,137.2,164
E0406,Group 4,169,30,44,69,96,123,137.2,164
E0706,Group 4,169,101,44,69,96,123,137.2,164
E0806,Group 4,169,118,44,69,96,123,137.2,164
E0906,Group 4,169,66,44,69,96,123,137.2,164
E1206,Group 4,169,128,44,69,96,123,137.2,164
E1306,Group 4,169,138,44,69,96,123,137.2,164
E1606,Group 4,169,45,44,69,96,123,137.2,164
E1706,Group 4,169,75,44,69,96,123,137.2,164
E1806,Group 4,169,138,44,69,96,123,137.2,164
E1906,Group 4,169,44,44,69,96,123,137.2,164
E2106,Group 4,169,135,44,69,96,123,137.2,164
E0107,Group 4,164,86,39,64,91,118,132.2,159
E0207,Group 4,164,49,39,64,91,118,132.2,159
E0607,Group 4,164,74,39,64,91,118,132.2,159
E0707,Group 4,164,67,39,64,91,118,132.2,159
E0907,Group 4,164,80,39,64,91,118,132.2,159
E1407,Group 4,164,118,39,64,91,118,132.2,159
E1607,Group 4,164,79,39,64,91,118,132.2,159
E1807,Group 4,164,73,39,64,91,118,132.2,159
E1907,Group 4,164,39,39,64,91,118,132.2,159
E2107,Group 4,164,74,39,64,91,118,132.2,159
F0001,Group 2,109,80,38,49,67,82,98,104
F0101,Group 2,109,49,38,49,67,82,98,104
F0201,Group 2,109,25,38,49,67,82,98,104
F0301,Group 2,109,46,38,49,67,82,98,104
F0401,Group 2,109,72,38,49,67,82,98,104
F0701,Group 2,109,38,38,49,67,82,98,104
F0801,Group 2,109,54,38,49,67,82,98,104
F1001,Group 2,109,61,38,49,67,82,98,104
F1101,Group 2,109,75,38,49,67,82,98,104
F1201,Group 2,109,64,38,49,67,82,98,104
F1301,Group 2,109,61,38,49,67,82,98,104
F1501,Group 2,109,67,38,49,67,82,98,104
F1601,Group 2,109,38,38,49,67,82,98,104
F1701,Group 2,109,48,38,49,67,82,98,104
F1801,Group 2,109,88,38,49,67,82,98,104
F0002,Group 2,74,39,3,14,32,47,63,69
F0102,Group 2,74,71,3,14,32,47,63,69
F0202,Group 2,74,70,3,14,32,47,63,69
F0302,Group 2,74,71,3,14,32,47,63,69
F0402,Group 2,74,32,3,14,32,47,63,69
F0502,Group 2,74,35,3,14,32,47,63,69
F0602,Group 2,74,54,3,14,32,47,63,69
F0702,Group 2,74,33,3,14,32,47,63,69
F0802,Group 2,74,48,3,14,32,47,63,69
F0902,Group 2,74,66,3,14,32,47,63,69
F1002,Group 2,74,49,3,14,32,47,63,69
F1102,Group 2,74,48,3,14,32,47,63,69
F1202,Group 2,74,36,3,14,32,47,63,69
F1402,Group 2,74,51,3,14,32,47,63,69
F1502,Group 2,74,31,3,14,32,47,63,69
F1602,Group 2,74,79,3,14,32,47,63,69
F1702,Group 2,74,61,3,14,32,47,63,69
F1802,Group 2,74,69,3,14,32,47,63,69
F1902,Group 2,104,23,33,44,62,77,93,99
F2002,Group 2,104,34,33,44,62,77,93,99
F0003,Group 2,74,39,3,14,32,47,63,69
F0103,Group 2,74,28,3,14,32,47,63,69
F0203,Group 2,74,27,3,14,32,47,63,69
F0303,Group 2,74,27,3,14,32,47,63,69
F0403,Group 2,74,64,3,14,32,47,63,69
F0503,Group 2,74,40,3,14,32,47,63,69
F0603,Group 2,74,48,3,14,32,47,63,69
F0703,Group 2,74,40,3,14,32,47,63,69
F0803,Group 2,74,49,3,14,32,47,63,69
F0903,Group 2,74,20,3,14,32,47,63,69
F1103,Group 2,74,43,3,14,32,47,63,69
F1203,Group 2,74,19,3,14,32,47,63,69
F1303,Group 2,74,40,3,14,32,47,63,69
F1603,Group 2,74,57,3,14,32,47,63,69
F1703,Group 2,74,49,3,14,32,47,63,69
F1803,Group 2,74,38,3,14,32,47,63,69
F1903,Group 1,44,14,-5.6,1,16,27,31.6,39
F2003,Group 1,44,7,-5.6,1,16,27,31.6,39
F2103,Group 1,44,30,-5.6,1,16,27,31.6,39
F0004,Group 3,144,43,39.6,65,87,111,124,139
F0104,Group 3,144,18,39.6,65,87,111,124,139
F0204,Group 3,144,63,39.6,65,87,111,124,139
F0304,Group 3,144,63,39.6,65,87,111,124,139
F0404,Group 1,64,15,14.4,21,36,47,51.6,59
F0504,Group 1,64,14,14.4,21,36,47,51.6,59
F0604,Group 1,64,52,14.4,21,36,47,51.6,59
F0704,Group 1,64,49,14.4,21,36,47,51.6,59
F0804,Group 1,64,49,14.4,21,36,47,51.6,59
F0904,Group 1,64,13,14.4,21,36,47,51.6,59
F1104,Group 1,64,49,14.4,21,36,47,51.6,59
F1204,Group 1,64,43,14.4,21,36,47,51.6,59
F1304,Group 1,64,34,14.4,21,36,47,51.6,59
F1404,Group 1,64,30,14.4,21,36,47,51.6,59
F1504,Group 1,64,30,14.4,21,36,47,51.6,59
F1604,Group 1,64,19,14.4,21,36,47,51.6,59
F1704,Group 1,64,19,14.4,21,36,47,51.6,59
F1904,Group 1,64,38,14.4,21,36,47,51.6,59
F2004,Group 1,64,49,14.4,21,36,47,51.6,59
F0405,Group 4,214,15,89,114,141,168,182.2,209
F0505,Group 4,214,15,89,114,141,168,182.2,209
F0705,Group 1,64,49,14.4,21,36,47,51.6,59
F1105,Group 1,64,40,14.4,21,36,47,51.6,59
F1205,Group 1,64,33,14.4,21,36,47,51.6,59
F1405,Group 1,64,8,14.4,21,36,47,51.6,59
F1505,Group 1,64,35,14.4,21,36,47,51.6,59
F1605,Group 1,64,38,14.4,21,36,47,51.6,59
F1705,Group 1,64,26,14.4,21,36,47,51.6,59
F0006,Group 3,134,130,29.6,55,77,101,114,129
F0106,Group 3,134,133,29.6,55,77,101,114,129
F0706,Group 3,134,51,29.6,55,77,101,114,129
F1106,Group 3,134,60,29.6,55,77,101,114,129
F1906,Group 3,134,128,29.6,55,77,101,114,129
F2006,Group 3,134,128,29.6,55,77,101,114,129
F2106,Group 3,134,97,29.6,55,77,101,114,129
F0607,Group 3,139,89,34.6,60,82,106,119,134
F0707,Group 3,139,89,34.6,60,82,106,119,134
F0807,Group 3,139,89,34.6,60,82,106,119,134
F0907,Group 3,139,89,34.6,60,82,106,119,134
F1007,Group 3,139,111,34.6,60,82,106,119,134
F1107,Group 3,139,86,34.6,60,82,106,119,134
F1307,Group 3,139,97,34.6,60,82,106,119,134
F1407,Group 3,139,104,34.6,60,82,106,119,134
F1507,Group 3,139,51,34.6,60,82,106,119,134
F1607,Group 3,139,97,34.6,60,82,106,119,134
F1907,Group 3,139,84,34.6,60,82,106,119,134
G0001,Group 2,109,67,38,49,67,82,98,104
G0101,Group 2,109,35,38,49,67,82,98,104
G0201,Group 2,109,34,38,49,67,82,98,104
G0301,Group 2,109,45,38,49,67,82,98,104
G0401,Group 2,109,46,38,49,67,82,98,104
G0701,Group 2,109,77,38,49,67,82,98,104
G0801,Group 2,109,90,38,49,67,82,98,104
G0901,Group 2,109,17,38,49,67,82,98,104
G1101,Group 2,109,63,38,49,67,82,98,104
G1201,Group 2,109,49,38,49,67,82,98,104
G1401,Group 2,109,38,38,49,67,82,98,104
G1501,Group 2,109,54,38,49,67,82,98,104
G1601,Group 2,109,70,38,49,67,82,98,104
G1801,Group 2,109,70,38,49,67,82,98,104
G1901,Group 2,109,24,38,49,67,82,98,104
G2001,Group 2,109,24,38,49,67,82,98,104
G0002,Group 2,74,48,3,14,32,47,63,69
G0102,Group 2,74,27,3,14,32,47,63,69
G0202,Group 2,74,59,3,14,32,47,63,69
G0302,Group 2,74,59,3,14,32,47,63,69
G0402,Group 2,74,14,3,14,32,47,63,69
G0502,Group 2,74,26,3,14,32,47,63,69
G0602,Group 2,74,69,3,14,32,47,63,69
G0702,Group 2,74,20,3,14,32,47,63,69
G0802,Group 2,74,58,3,14,32,47,63,69
G0902,Group 2,74,66,3,14,32,47,63,69
G1002,Group 2,74,40,3,14,32,47,63,69
G1102,Group 2,74,48,3,14,32,47,63,69
G1202,Group 2,74,38,3,14,32,47,63,69
G1302,Group 2,74,67,3,14,32,47,63,69
G1602,Group 2,74,20,3,14,32,47,63,69
G1702,Group 2,74,35,3,14,32,47,63,69
G1802,Group 2,74,35,3,14,32,47,63,69
G2002,Group 2,104,39,33,44,62,77,93,99
G0003,Group 2,74,39,3,14,32,47,63,69
G0103,Group 2,74,33,3,14,32,47,63,69
G0203,Group 2,74,19,3,14,32,47,63,69
G0303,Group 2,74,18,3,14,32,47,63,69
G0503,Group 2,74,72,3,14,32,47,63,69
G0603,Group 2,74,36,3,14,32,47,63,69
G0703,Group 2,74,19,3,14,32,47,63,69
G0803,Group 2,74,38,3,14,32,47,63,69
G0903,Group 2,74,65,3,14,32,47,63,69
G1003,Group 2,74,74,3,14,32,47,63,69
G1103,Group 2,74,74,3,14,32,47,63,69
G1203,Group 2,74,74,3,14,32,47,63,69
G1303,Group 2,74,31,3,14,32,47,63,69
G1503,Group 2,74,76,3,14,32,47,63,69
G1603,Group 2,74,37,3,14,32,47,63,69
G1703,Group 2,74,52,3,14,32,47,63,69
G1803,Group 2,74,78,3,14,32,47,63,69
G1903,Group 1,44,7,-5.6,1,16,27,31.6,39
G0304,Group 3,124,40,19.6,45,67,91,104,119
G0404,Group 3,124,33,19.6,45,67,91,104,119
G0504,Group 3,124,54,19.6,45,67,91,104,119
G0604,Group 3,124,38,19.6,45,67,91,104,119
G1004,Group 3,124,85,19.6,45,67,91,104,119
G1104,Group 3,124,63,19.6,45,67,91,104,119
G1204,Group 3,124,24,19.6,45,67,91,104,119
G1404,Group 3,124,55,19.6,45,67,91,104,119
G1604,Group 3,124,81,19.6,45,67,91,104,119
G1704,Group 3,124,99,19.6,45,67,91,104,119
G1804,Group 3,124,101,19.6,45,67,91,104,119
G2004,Group 3,124,108,19.6,45,67,91,104,119
G2104,Group 3,124,70,19.6,45,67,91,104,119
G1605,Group 3,144,118,39.6,65,87,111,124,139
G1805,Group 3,144,118,39.6,65,87,111,124,139
G1905,Group 3,144,118,39.6,65,87,111,124,139
G2005,Group 3,144,118,39.6,65,87,111,124,139
G2105,Group 3,144,118,39.6,65,87,111,124,139
G0406,Group 3,149,92,44.6,70,92,116,129,144
G0606,Group 3,149,76,44.6,70,92,116,129,144
G0906,Group 3,149,50,44.6,70,92,116,129,144
G1006,Group 3,149,89,44.6,70,92,116,129,144
G1106,Group 3,149,129,44.6,70,92,116,129,144
G1206,Group 3,149,129,44.6,70,92,116,129,144
G1306,Group 3,149,90,44.6,70,92,116,129,144
G1406,Group 3,149,90,44.6,70,92,116,129,144
G1506,Group 3,149,90,44.6,70,92,116,129,144
G1606,Group 3,149,116,44.6,70,92,116,129,144
G1706,Group 3,149,97,44.6,70,92,116,129,144
G1906,Group 3,149,78,44.6,70,92,116,129,144
G2106,Group 3,149,82,44.6,70,92,116,129,144
H0001,Group 2,104,62,33,44,62,77,93,99
H0101,Group 2,104,73,33,44,62,77,93,99
H0201,Group 2,104,47,33,44,62,77,93,99
H0401,Group 2,104,55,33,44,62,77,93,99
H0501,Group 2,104,80,33,44,62,77,93,99
H0601,Group 2,104,52,33,44,62,77,93,99
H0701,Group 2,104,42,33,44,62,77,93,99
H0801,Group 2,104,47,33,44,62,77,93,99
H0901,Group 2,104,71,33,44,62,77,93,99
H1001,Group 2,104,69,33,44,62,77,93,99
H1201,Group 2,104,44,33,44,62,77,93,99
H1301,Group 2,104,36,33,44,62,77,93,99
H1401,Group 2,104,55,33,44,62,77,93,99
H1601,Group 2,104,59,33,44,62,77,93,99
H1801,Group 2,104,37,33,44,62,77,93,99
H1901,Group 2,104,59,33,44,62,77,93,99
H2001,Group 2,104,53,33,44,62,77,93,99
H0002,Group 2,109,82,38,49,67,82,98,104
H0102,Group 2,109,83,38,49,67,82,98,104
H0202,Group 2,109,45,38,49,67,82,98,104
H0302,Group 2,109,82,38,49,67,82,98,104
H0402,Group 2,109,53,38,49,67,82,98,104
H0502,Group 2,109,19,38,49,67,82,98,104
H0602,Group 2,109,48,38,49,67,82,98,104
H0702,Group 2,109,2,38,49,67,82,98,104
H0802,Group 2,109,66,38,49,67,82,98,104
H1002,Group 2,109,47,38,49,67,82,98,104
H1102,Group 2,109,63,38,49,67,82,98,104
H1202,Group 2,109,42,38,49,67,82,98,104
H1302,Group 2,109,42,38,49,67,82,98,104
H1402,Group 2,109,49,38,49,67,82,98,104
H1502,Group 2,109,16,38,49,67,82,98,104
H1602,Group 2,109,76,38,49,67,82,98,104
H1702,Group 2,109,75,38,49,67,82,98,104
H1802,Group 2,109,67,38,49,67,82,98,104
H1902,Group 2,109,35,38,49,67,82,98,104
H2002,Group 2,109,34,38,49,67,82,98,104
H0003,Group 4,179,114,54,79,106,133,147.2,174
H0803,Group 4,179,151,54,79,106,133,147.2,174
H0903,Group 4,179,76,54,79,106,133,147.2,174
H1003,Group 4,179,76,54,79,106,133,147.2,174
H1403,Group 4,179,130,54,79,106,133,147.2,174
H1603,Group 4,179,126,54,79,106,133,147.2,174
H1703,Group 4,179,61,54,79,106,133,147.2,174
H1803,Group 4,179,61,54,79,106,133,147.2,174
H1903,Group 4,179,86,54,79,106,133,147.2,174
H2103,Group 4,179,112,54,79,106,133,147.2,174
H0304,Group 3,149,117,44.6,70,92,116,129,144
H0404,Group 3,149,108,44.6,70,92,116,129,144
H0504,Group 3,149,64,44.6,70,92,116,129,144
H1004,Group 3,149,128,44.6,70,92,116,129,144
H1104,Group 3,149,128,44.6,70,92,116,129,144
H2004,Group 3,149,137,44.6,70,92,116,129,144
H0005,Group 3,149,118,44.6,70,92,116,129,144
H0105,Group 3,149,118,44.6,70,92,116,129,144
H0205,Group 3,149,69,44.6,70,92,116,129,144
H0405,Group 3,149,57,44.6,70,92,116,129,144
H0505,Group 3,149,38,44.6,70,92,116,129,144
H0705,Group 3,149,84,44.6,70,92,116,129,144
H0905,Group 3,149,117,44.6,70,92,116,129,144
H1005,Group 3,149,84,44.6,70,92,116,129,144
H1205,Group 3,149,81,44.6,70,92,116,129,144
H1405,Group 3,149,105,44.6,70,92,116,129,144
H1505,Group 3,149,77,44.6,70,92,116,129,144
H1605,Group 3,149,39,44.6,70,92,116,129,144
H1705,Group 3,149,88,44.6,70,92,116,129,144
H1805,Group 3,149,98,44.6,70,92,116,129,144
H1905,Group 3,149,77,44.6,70,92,116,129,144
H2105,Group 3,149,90,44.6,70,92,116,129,144
I0401,Group 2,104,85,33,44,62,77,93,99
I0501,Group 2,104,95,33,44,62,77,93,99
I0601,Group 2,104,78,33,44,62,77,93,99
I0701,Group 2,104,95,33,44,62,77,93,99
I0801,Group 2,104,59,33,44,62,77,93,99
I0901,Group 2,104,69,33,44,62,77,93,99
I1001,Group 2,104,56,33,44,62,77,93,99
I1101,Group 2,104,23,33,44,62,77,93,99
I1201,Group 2,104,69,33,44,62,77,93,99
I1301,Group 2,104,75,33,44,62,77,93,99
I1401,Group 2,104,69,33,44,62,77,93,99
I1501,Group 2,104,22,33,44,62,77,93,99
I1601,Group 2,104,75,33,44,62,77,93,99
I1701,Group 2,104,61,33,44,62,77,93,99
I1801,Group 2,104,81,33,44,62,77,93,99
I1901,Group 2,104,71,33,44,62,77,93,99
I2001,Group 2,104,43,33,44,62,77,93,99
I0102,Group 2,109,50,38,49,67,82,98,104
I0202,Group 2,109,81,38,49,67,82,98,104
I0302,Group 2,109,83,38,49,67,82,98,104
I0402,Group 2,109,62,38,49,67,82,98,104
I0502,Group 2,109,76,38,49,67,82,98,104
I0602,Group 2,109,29,38,49,67,82,98,104
I0702,Group 2,109,52,38,49,67,82,98,104
I0802,Group 2,109,47,38,49,67,82,98,104
I0902,Group 2,109,74,38,49,67,82,98,104
I1002,Group 2,109,47,38,49,67,82,98,104
I1102,Group 2,109,42,38,49,67,82,98,104
I1202,Group 2,109,8,38,49,67,82,98,104
I1302,Group 2,109,83,38,49,67,82,98,104
I1402,Group 2,109,19,38,49,67,82,98,104
I1502,Group 2,109,99,38,49,67,82,98,104
I1602,Group 2,109,39,38,49,67,82,98,104
I1702,Group 2,109,22,38,49,67,82,98,104
I1902,Group 2,109,42,38,49,67,82,98,104
I2002,Group 2,109,28,38,49,67,82,98,104
I0003,Group 4,179,110,54,79,106,133,147.2,174
I0203,Group 4,179,109,54,79,106,133,147.2,174
I0303,Group 4,179,135,54,79,106,133,147.2,174
I0703,Group 4,179,177,54,79,106,133,147.2,174
I1003,Group 4,179,167,54,79,106,133,147.2,174
I1303,Group 4,179,55,54,79,106,133,147.2,174
I1403,Group 4,179,119,54,79,106,133,147.2,174
I1903,Group 4,179,140,54,79,106,133,147.2,174
I1304,Group 3,149,82,44.6,70,92,116,129,144
I1604,Group 3,149,47,44.6,70,92,116,129,144
I1704,Group 3,149,103,44.6,70,92,116,129,144
I1804,Group 3,149,60,44.6,70,92,116,129,144
I1904,Group 3,149,88,44.6,70,92,116,129,144
I0205,Group 3,149,134,44.6,70,92,116,129,144
I0305,Group 3,149,134,44.6,70,92,116,129,144
I0405,Group 3,149,76,44.6,70,92,116,129,144
I0505,Group 3,149,100,44.6,70,92,116,129,144
I0605,Group 3,149,100,44.6,70,92,116,129,144
I0705,Group 3,149,95,44.6,70,92,116,129,144
I1105,Group 3,149,100,44.6,70,92,116,129,144
I1205,Group 3,149,75,44.6,70,92,116,129,144
I1305,Group 3,149,74,44.6,70,92,116,129,144
I1405,Group 3,149,52,44.6,70,92,116,129,144
I1505,Group 3,149,95,44.6,70,92,116,129,144
I1605,Group 3,149,95,44.6,70,92,116,129,144
I1705,Group 3,149,95,44.6,70,92,116,129,144
I1905,Group 3,149,89,44.6,70,92,116,129,144
J0401,Group 3,149,139,44.6,70,92,116,129,144
J0601,Group 3,149,42,44.6,70,92,116,129,144
J0701,Group 3,149,78,44.6,70,92,116,129,144
J0801,Group 3,149,19,44.6,70,92,116,129,144
J0901,Group 3,149,150,44.6,70,92,116,129,144
J1001,Group 2,104,39,33,44,62,77,93,99
J1101,Group 2,104,95,33,44,62,77,93,99
J1201,Group 2,104,71,33,44,62,77,93,99
J1301,Group 2,104,62,33,44,62,77,93,99
J1401,Group 2,104,56,33,44,62,77,93,99
J1501,Group 2,104,67,33,44,62,77,93,99
J1801,Group 2,104,31,33,44,62,77,93,99
J1901,Group 2,104,55,33,44,62,77,93,99
J0002,Group 1,59,31,9.4,16,31,42,46.6,54
J0102,Group 1,59,37,9.4,16,31,42,46.6,54
J0202,Group 1,59,37,9.4,16,31,42,46.6,54
J0302,Group 1,59,57,9.4,16,31,42,46.6,54
J0402,Group 1,59,54,9.4,16,31,42,46.6,54
J0502,Group 1,59,54,9.4,16,31,42,46.6,54
J0702,Group 1,59,54,9.4,16,31,42,46.6,54
J0802,Group 1,59,32,9.4,16,31,42,46.6,54
J0902,Group 1,59,40,9.4,16,31,42,46.6,54
J1002,Group 2,104,48,33,44,62,77,93,99
J1102,Group 2,104,56,33,44,62,77,93,99
J1202,Group 2,104,99,33,44,62,77,93,99
J1302,Group 2,104,71,33,44,62,77,93,99
J1402,Group 2,104,31,33,44,62,77,93,99
J1502,Group 2,104,66,33,44,62,77,93,99
J1602,Group 2,104,102,33,44,62,77,93,99
J1702,Group 2,104,42,33,44,62,77,93,99
J1802,Group 2,104,93,33,44,62,77,93,99
J1902,Group 2,104,63,33,44,62,77,93,99
J2002,Group 2,104,39,33,44,62,77,93,99
J0003,Group 4,179,147,54,79,106,133,147.2,174
J0103,Group 4,179,147,54,79,106,133,147.2,174
J0203,Group 4,179,67,54,79,106,133,147.2,174
J0303,Group 4,179,34,54,79,106,133,147.2,174
J0503,Group 4,179,139,54,79,106,133,147.2,174
J0603,Group 4,179,15,54,79,106,133,147.2,174
J0703,Group 4,179,38,54,79,106,133,147.2,174
J0803,Group 4,179,108,54,79,106,133,147.2,174
J0903,Group 4,179,14,54,79,106,133,147.2,174
J1003,Group 4,179,116,54,79,106,133,147.2,174
J1103,Group 4,179,78,54,79,106,133,147.2,174
J1203,Group 4,179,73,54,79,106,133,147.2,174
J1303,Group 4,179,155,54,79,106,133,147.2,174
J1403,Group 4,179,155,54,79,106,133,147.2,174
J1803,Group 4,179,139,54,79,106,133,147.2,174
J1903,Group 4,179,134,54,79,106,133,147.2,174
J2003,Group 4,179,134,54,79,106,133,147.2,174
J2103,Group 4,179,162,54,79,106,133,147.2,174
J0004,Group 3,149,49,44.6,70,92,116,129,144
J0404,Group 3,149,40,44.6,70,92,116,129,144
J0504,Group 3,149,122,44.6,70,92,116,129,144
J0604,Group 3,149,72,44.6,70,92,116,129,144
J0704,Group 3,149,40,44.6,70,92,116,129,144
J0804,Group 3,149,15,44.6,70,92,116,129,144
J0904,Group 3,149,28,44.6,70,92,116,129,144
J1004,Group 3,149,123,44.6,70,92,116,129,144
J1104,Group 3,149,15,44.6,70,92,116,129,144
J1204,Group 3,149,70,44.6,70,92,116,129,144
J1304,Group 3,149,139,44.6,70,92,116,129,144
J1404,Group 3,149,139,44.6,70,92,116,129,144
J1504,Group 3,149,54,44.6,70,92,116,129,144
J1604,Group 3,149,44,44.6,70,92,116,129,144
J1704,Group 3,149,110,44.6,70,92,116,129,144
J1804,Group 3,149,136,44.6,70,92,116,129,144
J2004,Group 3,149,140,44.6,70,92,116,129,144
J2104,Group 3,149,34,44.6,70,92,116,129,144
J0005,Group 4,154,112,29,54,81,108,122.2,149
J0105,Group 4,154,112,29,54,81,108,122.2,149
J0205,Group 4,154,80,29,54,81,108,122.2,149
J0305,Group 4,154,80,29,54,81,108,122.2,149
J0605,Group 4,154,54,29,54,81,108,122.2,149
J0705,Group 4,154,106,29,54,81,108,122.2,149
J0805,Group 4,154,56,29,54,81,108,122.2,149
J0905,Group 4,154,78,29,54,81,108,122.2,149
J1105,Group 4,154,107,29,54,81,108,122.2,149
J1205,Group 4,154,82,29,54,81,108,122.2,149
J1305,Group 4,154,105,29,54,81,108,122.2,149
J1405,Group 4,154,98,29,54,81,108,122.2,149
J1505,Group 4,154,109,29,54,81,108,122.2,149
J1605,Group 4,154,73,29,54,81,108,122.2,149
J1705,Group 4,154,97,29,54,81,108,122.2,149
J1805,Group 4,154,79,29,54,81,108,122.2,149
J1905,Group 4,154,122,29,54,81,108,122.2,149
J2005,Group 4,154,105,29,54,81,108,122.2,149
J2105,Group 4,154,105,29,54,81,108,122.2,149
J0001a,Group 2,94,83,23,34,52,67,83,89
J0101a,Group 2,94,95,23,34,52,67,83,89
J0201a,Group 2,94,93,23,34,52,67,83,89
J0301a,Group 2,94,65,23,34,52,67,83,89
J0001b,Group 1,39,36,-10.6,-4,11,22,26.6,34
K0001,Group 1,64,54,14.4,21,36,47,51.6,59
K0101,Group 1,64,34,14.4,21,36,47,51.6,59
K0301,Group 1,64,34,14.4,21,36,47,51.6,59
K0401,Group 2,104,74,33,44,62,77,93,99
K0501,Group 2,104,92,33,44,62,77,93,99
K0601,Group 2,104,67,33,44,62,77,93,99
K0701,Group 1,64,60,14.4,21,36,47,51.6,59
K0801,Group 1,64,37,14.4,21,36,47,51.6,59
K0901,Group 1,64,46,14.4,21,36,47,51.6,59
K1001,Group 1,64,64,14.4,21,36,47,51.6,59
K1101,Group 1,64,41,14.4,21,36,47,51.6,59
K1301,Group 2,84,80,13,24,42,57,73,79
K1401,Group 2,84,77,13,24,42,57,73,79
K1501,Group 2,84,78,13,24,42,57,73,79
K1601,Group 2,84,76,13,24,42,57,73,79
K1701,Group 2,84,79,13,24,42,57,73,79
K1801,Group 2,84,79,13,24,42,57,73,79
K0402,Group 2,104,68,33,44,62,77,93,99
K0502,Group 2,104,95,33,44,62,77,93,99
K0602,Group 2,104,83,33,44,62,77,93,99
K0702,Group 3,144,77,39.6,65,87,111,124,139
K0103,Group 4,179,104,54,79,106,133,147.2,174
K0203,Group 4,179,80,54,79,106,133,147.2,174
K0903,Group 4,179,97,54,79,106,133,147.2,174
K1103,Group 4,179,72,54,79,106,133,147.2,174
K1203,Group 4,179,134,54,79,106,133,147.2,174
K1303,Group 4,179,96,54,79,106,133,147.2,174
K1503,Group 4,179,40,54,79,106,133,147.2,174
K1603,Group 4,179,60,54,79,106,133,147.2,174
K1803,Group 4,179,148,54,79,106,133,147.2,174
K1903,Group 4,179,82,54,79,106,133,147.2,174
K2003,Group 4,179,129,54,79,106,133,147.2,174
K2103,Group 4,179,82,54,79,106,133,147.2,174
K0904,Group 3,149,128,44.6,70,92,116,129,144
K1004,Group 3,149,105,44.6,70,92,116,129,144
K1204,Group 3,149,86,44.6,70,92,116,129,144
K1504,Group 3,149,149,44.6,70,92,116,129,144
K1604,Group 3,149,149,44.6,70,92,116,129,144
K1804,Group 3,149,142,44.6,70,92,116,129,144
K1904,Group 3,149,92,44.6,70,92,116,129,144
K2004,Group 3,149,92,44.6,70,92,116,129,144
K0005,Group 4,154,53,29,54,81,108,122.2,149
K0105,Group 4,154,53,29,54,81,108,122.2,149
K0305,Group 4,154,117,29,54,81,108,122.2,149
K0505,Group 4,154,95,29,54,81,108,122.2,149
K0605,Group 4,154,95,29,54,81,108,122.2,149
K0705,Group 4,154,95,29,54,81,108,122.2,149
K0805,Group 4,154,95,29,54,81,108,122.2,149
K0905,Group 4,154,99,29,54,81,108,122.2,149
K1005,Group 4,154,136,29,54,81,108,122.2,149
K1105,Group 4,154,136,29,54,81,108,122.2,149
K1205,Group 4,154,150,29,54,81,108,122.2,149
K1405,Group 4,154,61,29,54,81,108,122.2,149
K1505,Group 4,154,83,29,54,81,108,122.2,149
K1605,Group 4,154,83,29,54,81,108,122.2,149
K1705,Group 4,154,83,29,54,81,108,122.2,149
K1805,Group 4,154,96,29,54,81,108,122.2,149
K0002a,Group 1,69,72,19.4,26,41,52,56.6,64
K0102a,Group 1,69,72,19.4,26,41,52,56.6,64
K0202a,Group 1,69,72,19.4,26,41,52,56.6,64
K0302a,Group 1,69,67,19.4,26,41,52,56.6,64
K0802a,Group 1,69,39,19.4,26,41,52,56.6,64
K1002a,Group 1,69,69,19.4,26,41,52,56.6,64
K1102a,Group 1,69,43,19.4,26,41,52,56.6,64
K1202a,Group 1,69,60,19.4,26,41,52,56.6,64
K1302a,Group 1,49,42,-0.6,6,21,32,36.6,44
K1402a,Group 1,49,31,-0.6,6,21,32,36.6,44
K1502a,Group 1,49,24,-0.6,6,21,32,36.6,44
K1602a,Group 1,49,29,-0.6,6,21,32,36.6,44
K1702a,Group 1,49,24,-0.6,6,21,32,36.6,44
K1802a,Group 1,49,20,-0.6,6,21,32,36.6,44
K0002b,Group 1,59,47,9.4,16,31,42,46.6,54
K0102b,Group 1,59,43,9.4,16,31,42,46.6,54
K0202b,Group 1,59,13,9.4,16,31,42,46.6,54
K0302b,Group 1,59,41,9.4,16,31,42,46.6,54
K0802b,Group 1,59,32,9.4,16,31,42,46.6,54
K0902b,Group 1,59,27,9.4,16,31,42,46.6,54
K1002b,Group 1,59,62,9.4,16,31,42,46.6,54
K1102b,Group 1,59,22,9.4,16,31,42,46.6,54
K1202b,Group 1,59,66,9.4,16,31,42,46.6,54
K1302b,Group 1,59,27,9.4,16,31,42,46.6,54
K1402b,Group 1,59,9,9.4,16,31,42,46.6,54
K1502b,Group 1,59,47,9.4,16,31,42,46.6,54
K1602b,Group 1,59,21,9.4,16,31,42,46.6,54
K1702b,Group 1,59,45,9.4,16,31,42,46.6,54
K1802b,Group 1,59,54,9.4,16,31,42,46.6,54
