Config_ID,Method,Scenario,K,SKU_Count,Exact_Count_Distribution,Relative_Slot_Size_Distribution
CFG_002,hierarchical_clustering,Scenario 1,2,926,124:755|239:171,"=""0.8158,0.1842"""
CFG_003,hierarchical_clustering,Scenario 1,3,926,69:428|124:327|239:171,"=""0.4622,0.3536,0.1842"""
CFG_004,hierarchical_clustering,Scenario 1,4,926,69:428|124:327|189:104|239:67,"=""0.4622,0.3536,0.1118,0.0724"""
CFG_005,hierarchical_clustering,Scenario 1,5,926,34:126|69:302|124:327|189:104|239:67,"=""0.1363,0.3259,0.3536,0.1118,0.0724"""
CFG_006,hierarchical_clustering,Scenario 1,6,926,34:126|69:302|99:220|124:107|189:104|239:67,"=""0.1363,0.3259,0.2375,0.1161,0.1118,0.0724"""
CFG_007,hierarchical_clustering,Scenario 1,7,926,34:126|69:302|99:220|124:107|154:75|189:29|239:67,"=""0.1363,0.3259,0.2375,0.1161,0.0809,0.0309,0.0724"""
CFG_008,hierarchical_clustering,Scenario 1,8,926,34:126|59:183|69:118|99:220|124:108|154:75|189:29|239:67,"=""0.1363,0.1981,0.1278,0.2375,0.1161,0.0809,0.0309,0.0724"""
CFG_009,hierarchical_clustering,Scenario 1,9,926,34:126|59:183|69:118|84:115|99:105|124:108|154:75|189:29|239:67,"=""0.1363,0.1981,0.1278,0.1246,0.1129,0.1161,0.0809,0.0309,0.0724"""
CFG_010,hierarchical_clustering,Scenario 1,10,926,34:126|59:183|69:118|84:115|99:105|124:108|154:75|189:29|214:56|239:11,"=""0.1363,0.1981,0.1278,0.1246,0.1129,0.1161,0.0809,0.0309,0.0607,0.0117"""
CFG_012,hierarchical_clustering,Scenario 2,2,926,124:720|239:206,"=""0.7774,0.2226"""
CFG_013,hierarchical_clustering,Scenario 2,3,926,74:372|124:348|239:206,"=""0.4015,0.3759,0.2226"""
CFG_014,hierarchical_clustering,Scenario 2,4,926,74:372|124:348|184:133|239:73,"=""0.4015,0.3759,0.1438,0.0788"""
CFG_015,hierarchical_clustering,Scenario 2,5,926,74:372|94:166|124:182|184:133|239:73,"=""0.4015,0.1789,0.1970,0.1438,0.0788"""
CFG_016,hierarchical_clustering,Scenario 2,6,926,44:103|74:269|94:166|124:182|184:133|239:73,"=""0.1108,0.2907,0.1789,0.1970,0.1438,0.0788"""
CFG_017,hierarchical_clustering,Scenario 2,7,926,44:103|74:269|94:166|124:182|149:76|184:57|239:73,"=""0.1108,0.2907,0.1789,0.1970,0.0820,0.0618,0.0788"""
CFG_018,hierarchical_clustering,Scenario 2,8,926,44:103|59:141|74:128|94:166|124:182|149:76|184:57|239:73,"=""0.1108,0.1523,0.1384,0.1789,0.1970,0.0820,0.0618,0.0788"""
CFG_019,hierarchical_clustering,Scenario 2,9,926,44:103|59:141|74:128|94:166|124:182|149:76|184:57|219:62|239:11,"=""0.1108,0.1523,0.1384,0.1789,0.1970,0.0820,0.0618,0.0671,0.0117"""
CFG_020,hierarchical_clustering,Scenario 2,10,926,44:103|59:141|74:128|94:166|109:79|124:103|149:76|184:57|219:62|239:11,"=""0.1108,0.1523,0.1384,0.1789,0.0852,0.1118,0.0820,0.0618,0.0671,0.0117"""
CFG_022,hierarchical_clustering,Scenario 3,2,926,114:589|239:337,"=""0.6358,0.3642"""
CFG_023,hierarchical_clustering,Scenario 3,3,926,114:589|194:265|239:72,"=""0.6358,0.2865,0.0777"""
CFG_024,hierarchical_clustering,Scenario 3,4,926,84:373|114:216|194:265|239:72,"=""0.4026,0.2332,0.2865,0.0777"""
CFG_025,hierarchical_clustering,Scenario 3,5,926,84:373|114:216|144:170|194:95|239:72,"=""0.4026,0.2332,0.1842,0.1022,0.0777"""
CFG_026,hierarchical_clustering,Scenario 3,6,926,59:138|84:235|114:216|144:170|194:95|239:72,"=""0.1491,0.2535,0.2332,0.1842,0.1022,0.0777"""
CFG_027,hierarchical_clustering,Scenario 3,7,926,59:138|84:235|94:89|114:127|144:170|194:95|239:72,"=""0.1491,0.2535,0.0958,0.1374,0.1842,0.1022,0.0777"""
CFG_028,hierarchical_clustering,Scenario 3,8,926,59:138|84:235|94:89|114:127|144:171|169:65|194:29|239:72,"=""0.1491,0.2535,0.0958,0.1374,0.1842,0.0703,0.0319,0.0777"""
CFG_029,hierarchical_clustering,Scenario 3,9,926,59:138|84:235|94:89|114:127|144:171|169:65|194:29|229:62|239:10,"=""0.1491,0.2535,0.0958,0.1374,0.1842,0.0703,0.0319,0.0671,0.0106"""
CFG_030,hierarchical_clustering,Scenario 3,10,926,59:138|69:119|84:115|94:89|114:127|144:171|169:65|194:30|229:62|239:10,"=""0.1491,0.1289,0.1246,0.0958,0.1374,0.1842,0.0703,0.0319,0.0671,0.0106"""
CFG_032,hierarchical_clustering,Scenario 4,2,926,119:542|239:384,"=""0.5857,0.4143"""
CFG_033,hierarchical_clustering,Scenario 4,3,926,119:542|189:302|239:82,"=""0.5857,0.3259,0.0884"""
CFG_034,hierarchical_clustering,Scenario 4,4,926,74:254|119:288|189:302|239:82,"=""0.2748,0.3110,0.3259,0.0884"""
CFG_035,hierarchical_clustering,Scenario 4,5,926,74:254|119:288|154:235|189:67|239:82,"=""0.2748,0.3110,0.2535,0.0724,0.0884"""
CFG_036,hierarchical_clustering,Scenario 4,6,926,74:254|94:134|119:154|154:235|189:67|239:82,"=""0.2748,0.1448,0.1661,0.2535,0.0724,0.0884"""
CFG_037,hierarchical_clustering,Scenario 4,7,926,74:254|94:134|119:154|139:135|154:100|189:67|239:82,"=""0.2748,0.1448,0.1661,0.1459,0.1076,0.0724,0.0884"""
CFG_038,hierarchical_clustering,Scenario 4,8,926,74:254|94:134|119:154|139:135|154:100|189:67|224:66|239:16,"=""0.2748,0.1448,0.1661,0.1459,0.1076,0.0724,0.0714,0.0170"""
CFG_039,hierarchical_clustering,Scenario 4,9,926,59:91|74:164|94:134|119:154|139:135|154:99|189:67|224:66|239:16,"=""0.0980,0.1768,0.1448,0.1661,0.1459,0.1076,0.0724,0.0714,0.0170"""
CFG_040,hierarchical_clustering,Scenario 4,10,926,59:91|74:164|94:134|104:82|119:72|139:135|154:99|189:67|224:66|239:16,"=""0.0980,0.1768,0.1448,0.0884,0.0777,0.1459,0.1076,0.0724,0.0714,0.0170"""
CFG_042,hierarchical_clustering,Scenario 5,2,926,119:499|239:427,"=""0.5389,0.4611"""
CFG_043,hierarchical_clustering,Scenario 5,3,926,119:499|189:342|239:85,"=""0.5389,0.3695,0.0916"""
CFG_044,hierarchical_clustering,Scenario 5,4,926,89:306|119:193|189:342|239:85,"=""0.3301,0.2087,0.3695,0.0916"""
CFG_045,hierarchical_clustering,Scenario 5,5,926,89:306|119:193|164:250|189:92|239:85,"=""0.3301,0.2087,0.2705,0.0990,0.0916"""
CFG_046,hierarchical_clustering,Scenario 5,6,926,89:306|119:193|139:52|164:198|189:92|239:85,"=""0.3301,0.2087,0.0564,0.2141,0.0990,0.0916"""
CFG_047,hierarchical_clustering,Scenario 5,7,926,89:306|119:193|139:52|164:198|189:92|219:55|239:30,"=""0.3301,0.2087,0.0564,0.2141,0.0990,0.0596,0.0319"""
CFG_048,hierarchical_clustering,Scenario 5,8,926,74:192|89:114|119:193|139:52|164:198|189:92|219:55|239:30,"=""0.2077,0.1225,0.2087,0.0564,0.2141,0.0990,0.0596,0.0319"""
CFG_049,hierarchical_clustering,Scenario 5,9,926,74:192|89:114|104:50|119:143|139:52|164:198|189:92|219:55|239:30,"=""0.2077,0.1225,0.0543,0.1544,0.0564,0.2141,0.0990,0.0596,0.0319"""
CFG_050,hierarchical_clustering,Scenario 5,10,926,74:192|89:113|104:50|119:143|139:52|149:91|164:108|189:92|219:55|239:30,"=""0.2077,0.1225,0.0543,0.1544,0.0564,0.0980,0.1161,0.0990,0.0596,0.0319"""
CFG_052,hierarchical_clustering,Scenario 6,2,926,114:486|239:440,"=""0.5250,0.4750"""
CFG_053,hierarchical_clustering,Scenario 6,3,926,114:486|189:353|239:87,"=""0.5250,0.3813,0.0937"""
CFG_054,hierarchical_clustering,Scenario 6,4,926,94:314|114:172|189:353|239:87,"=""0.3387,0.1864,0.3813,0.0937"""
CFG_055,hierarchical_clustering,Scenario 6,5,926,94:314|114:172|164:234|189:119|239:87,"=""0.3387,0.1864,0.2524,0.1289,0.0937"""
CFG_056,hierarchical_clustering,Scenario 6,6,926,94:314|114:172|144:74|164:160|189:119|239:87,"=""0.3387,0.1864,0.0799,0.1725,0.1289,0.0937"""
CFG_057,hierarchical_clustering,Scenario 6,7,926,94:314|114:173|144:74|164:160|189:119|229:55|239:31,"=""0.3387,0.1864,0.0799,0.1725,0.1289,0.0596,0.0341"""
CFG_058,hierarchical_clustering,Scenario 6,8,926,74:189|94:124|114:173|144:74|164:160|189:119|229:55|239:32,"=""0.2045,0.1342,0.1864,0.0799,0.1725,0.1289,0.0596,0.0341"""
CFG_059,hierarchical_clustering,Scenario 6,9,926,54:14|74:175|94:124|114:173|144:74|164:160|189:119|229:55|239:32,"=""0.0149,0.1896,0.1342,0.1864,0.0799,0.1725,0.1289,0.0596,0.0341"""
CFG_060,hierarchical_clustering,Scenario 6,10,926,54:14|74:176|94:124|109:32|114:140|144:74|164:160|189:119|229:55|239:32,"=""0.0149,0.1896,0.1342,0.0351,0.1512,0.0799,0.1725,0.1289,0.0596,0.0341"""
CFG_062,kmeans_clustering,Scenario 1,2,926,114:727|239:199,"=""0.7849,0.2151"""
CFG_063,kmeans_clustering,Scenario 1,3,926,69:434|139:351|239:141,"=""0.4686,0.3791,0.1523"""
CFG_064,kmeans_clustering,Scenario 1,4,926,64:376|104:305|169:164|239:81,"=""0.4058,0.3301,0.1768,0.0873"""
CFG_065,kmeans_clustering,Scenario 1,5,926,49:206|79:282|119:250|174:116|239:72,"=""0.2226,0.3046,0.2694,0.1257,0.0777"""
CFG_066,kmeans_clustering,Scenario 1,6,926,44:179|69:249|99:219|134:132|179:76|239:71,"=""0.1938,0.2684,0.2364,0.1427,0.0820,0.0767"""
CFG_067,kmeans_clustering,Scenario 1,7,926,39:136|54:159|79:187|104:192|134:107|179:74|239:71,"=""0.1470,0.1715,0.2023,0.2077,0.1150,0.0799,0.0767"""
CFG_068,kmeans_clustering,Scenario 1,8,926,34:118|49:100|64:172|84:140|104:152|134:100|179:73|239:71,"=""0.1278,0.1076,0.1853,0.1512,0.1640,0.1086,0.0788,0.0767"""
CFG_069,kmeans_clustering,Scenario 1,9,926,34:111|44:88|59:103|69:126|84:115|104:138|134:101|179:73|239:71,"=""0.1203,0.0948,0.1108,0.1363,0.1246,0.1491,0.1086,0.0788,0.0767"""
CFG_070,kmeans_clustering,Scenario 1,10,926,34:104|44:76|54:115|69:132|84:103|99:111|114:86|139:58|179:70|239:71,"=""0.1118,0.0820,0.1246,0.1427,0.1108,0.1203,0.0927,0.0628,0.0756,0.0767"""
CFG_072,kmeans_clustering,Scenario 2,2,926,119:710|239:216,"=""0.7668,0.2332"""
CFG_073,kmeans_clustering,Scenario 2,3,926,84:479|154:324|239:123,"=""0.5176,0.3493,0.1331"""
CFG_074,kmeans_clustering,Scenario 2,4,926,79:404|119:306|179:142|239:74,"=""0.4366,0.3301,0.1534,0.0799"""
CFG_075,kmeans_clustering,Scenario 2,5,926,64:261|94:269|129:210|179:112|239:74,"=""0.2822,0.2907,0.2268,0.1203,0.0799"""
CFG_076,kmeans_clustering,Scenario 2,6,926,54:164|74:216|99:179|134:187|184:107|239:73,"=""0.1768,0.2332,0.1938,0.2023,0.1150,0.0788"""
CFG_077,kmeans_clustering,Scenario 2,7,926,49:106|64:161|79:170|104:146|134:167|184:103|239:73,"=""0.1150,0.1736,0.1842,0.1576,0.1800,0.1108,0.0788"""
CFG_078,kmeans_clustering,Scenario 2,8,926,44:102|59:141|79:161|99:146|119:147|144:89|184:67|239:73,"=""0.1108,0.1523,0.1736,0.1576,0.1587,0.0958,0.0724,0.0788"""
CFG_079,kmeans_clustering,Scenario 2,9,926,44:90|59:107|69:143|84:124|99:112|124:137|149:78|189:63|239:72,"=""0.0969,0.1150,0.1544,0.1342,0.1214,0.1480,0.0841,0.0682,0.0777"""
CFG_080,kmeans_clustering,Scenario 2,10,926,44:86|54:91|64:96|79:132|89:114|104:91|124:110|149:72|189:62|239:72,"=""0.0927,0.0980,0.1033,0.1427,0.1235,0.0980,0.1193,0.0777,0.0671,0.0777"""
CFG_082,kmeans_clustering,Scenario 3,2,926,114:589|239:337,"=""0.6358,0.3642"""
CFG_083,kmeans_clustering,Scenario 3,3,926,94:461|159:343|239:122,"=""0.4973,0.3706,0.1321"""
CFG_084,kmeans_clustering,Scenario 3,4,926,79:335|114:250|169:239|239:102,"=""0.3621,0.2705,0.2577,0.1097"""
CFG_085,kmeans_clustering,Scenario 3,5,926,74:307|104:219|139:210|184:112|239:78,"=""0.3312,0.2364,0.2268,0.1214,0.0841"""
CFG_086,kmeans_clustering,Scenario 3,6,926,64:156|84:239|114:186|144:180|184:88|239:77,"=""0.1683,0.2577,0.2013,0.1949,0.0948,0.0831"""
CFG_087,kmeans_clustering,Scenario 3,7,926,59:122|74:189|94:139|114:138|144:173|184:88|239:77,"=""0.1321,0.2045,0.1502,0.1491,0.1864,0.0948,0.0831"""
CFG_088,kmeans_clustering,Scenario 3,8,926,59:116|69:170|84:118|104:119|124:121|149:124|184:81|239:77,"=""0.1246,0.1832,0.1278,0.1289,0.1310,0.1342,0.0873,0.0831"""
CFG_089,kmeans_clustering,Scenario 3,9,926,54:98|64:101|79:138|94:122|114:125|134:141|159:78|194:51|239:72,"=""0.1054,0.1086,0.1491,0.1321,0.1353,0.1523,0.0841,0.0554,0.0777"""
CFG_090,kmeans_clustering,Scenario 3,10,926,54:94|64:94|74:123|84:92|99:96|114:90|134:137|159:77|194:51|239:72,"=""0.1012,0.1022,0.1331,0.0990,0.1033,0.0969,0.1480,0.0831,0.0554,0.0777"""
CFG_092,kmeans_clustering,Scenario 4,2,926,119:542|239:384,"=""0.5857,0.4143"""
CFG_093,kmeans_clustering,Scenario 4,3,926,104:467|169:342|239:117,"=""0.5037,0.3695,0.1267"""
CFG_094,kmeans_clustering,Scenario 4,4,926,84:312|124:236|174:279|239:99,"=""0.3376,0.2545,0.3014,0.1065"""
CFG_095,kmeans_clustering,Scenario 4,5,926,84:309|114:213|149:210|189:110|239:84,"=""0.3333,0.2300,0.2268,0.1193,0.0905"""
CFG_096,kmeans_clustering,Scenario 4,6,926,69:172|89:170|119:187|149:209|189:104|239:84,"=""0.1853,0.1832,0.2023,0.2258,0.1129,0.0905"""
CFG_097,kmeans_clustering,Scenario 4,7,926,64:138|84:175|104:154|129:109|154:191|189:77|239:82,"=""0.1491,0.1885,0.1661,0.1182,0.2066,0.0831,0.0884"""
CFG_098,kmeans_clustering,Scenario 4,8,926,64:106|74:149|89:90|109:128|129:103|154:191|189:77|239:82,"=""0.1140,0.1608,0.0969,0.1384,0.1118,0.2066,0.0831,0.0884"""
CFG_099,kmeans_clustering,Scenario 4,9,926,64:96|74:153|89:82|104:108|119:98|139:125|159:124|189:58|239:82,"=""0.1033,0.1651,0.0884,0.1171,0.1054,0.1353,0.1342,0.0628,0.0884"""
CFG_100,kmeans_clustering,Scenario 4,10,926,59:78|69:97|79:107|94:80|104:104|124:79|139:117|159:124|189:58|239:82,"=""0.0841,0.1044,0.1161,0.0863,0.1118,0.0852,0.1267,0.1342,0.0628,0.0884"""
CFG_102,kmeans_clustering,Scenario 5,2,926,129:510|239:416,"=""0.5506,0.4494"""
CFG_103,kmeans_clustering,Scenario 5,3,926,104:383|164:368|239:175,"=""0.4132,0.3972,0.1896"""
CFG_104,kmeans_clustering,Scenario 5,4,926,89:310|134:223|189:307|239:86,"=""0.3355,0.2407,0.3312,0.0927"""
CFG_105,kmeans_clustering,Scenario 5,5,926,74:210|94:114|134:212|189:304|239:86,"=""0.2268,0.1235,0.2290,0.3280,0.0927"""
CFG_106,kmeans_clustering,Scenario 5,6,926,74:209|94:112|129:191|159:225|189:104|239:85,"=""0.2258,0.1214,0.2066,0.2428,0.1118,0.0916"""
CFG_107,kmeans_clustering,Scenario 5,7,926,74:209|94:111|119:178|144:88|164:163|189:92|239:85,"=""0.2258,0.1203,0.1928,0.0948,0.1757,0.0990,0.0916"""
CFG_108,kmeans_clustering,Scenario 5,8,926,69:95|79:142|94:84|119:177|144:88|164:163|189:92|239:85,"=""0.1033,0.1534,0.0905,0.1917,0.0948,0.1757,0.0990,0.0916"""
CFG_109,kmeans_clustering,Scenario 5,9,926,54:14|74:192|89:99|104:68|124:127|144:86|164:163|189:92|239:85,"=""0.0149,0.2077,0.1076,0.0735,0.1374,0.0927,0.1757,0.0990,0.0916"""
CFG_110,kmeans_clustering,Scenario 5,10,926,54:14|74:192|89:100|104:68|119:125|139:52|149:84|164:114|189:92|239:85,"=""0.0149,0.2077,0.1076,0.0735,0.1353,0.0564,0.0905,0.1235,0.0990,0.0916"""
CFG_112,kmeans_clustering,Scenario 6,2,926,114:486|239:440,"=""0.5250,0.4750"""
CFG_113,kmeans_clustering,Scenario 6,3,926,94:314|144:246|239:366,"=""0.3387,0.2662,0.3951"""
CFG_114,kmeans_clustering,Scenario 6,4,926,94:314|129:191|174:251|239:170,"=""0.3387,0.2066,0.2716,0.1832"""
CFG_115,kmeans_clustering,Scenario 6,5,926,74:229|94:85|139:226|179:236|239:150,"=""0.2471,0.0916,0.2439,0.2556,0.1619"""
CFG_116,kmeans_clustering,Scenario 6,6,926,74:191|94:122|114:173|144:74|179:216|239:150,"=""0.2066,0.1321,0.1864,0.0799,0.2332,0.1619"""
CFG_117,kmeans_clustering,Scenario 6,7,926,74:191|89:114|109:41|139:193|164:181|189:119|239:87,"=""0.2066,0.1235,0.0437,0.2087,0.1949,0.1289,0.0937"""
CFG_118,kmeans_clustering,Scenario 6,8,926,74:189|79:45|94:79|114:173|144:74|164:160|189:119|239:87,"=""0.2045,0.0490,0.0852,0.1864,0.0799,0.1725,0.1289,0.0937"""
CFG_119,kmeans_clustering,Scenario 6,9,926,74:189|79:45|94:79|109:98|114:75|144:74|164:160|189:119|239:87,"=""0.2045,0.0490,0.0852,0.1054,0.0809,0.0799,0.1725,0.1289,0.0937"""
CFG_120,kmeans_clustering,Scenario 6,10,926,74:189|79:42|89:75|104:39|114:141|144:74|154:115|174:62|204:103|239:86,"=""0.2045,0.0458,0.0809,0.0415,0.1523,0.0799,0.1246,0.0671,0.1108,0.0927"""
CFG_122,quantile_binning,Scenario 1,2,926,74:460|239:466,"=""0.4973,0.5027"""
CFG_123,quantile_binning,Scenario 1,3,926,59:310|94:304|239:312,"=""0.3344,0.3280,0.3376"""
CFG_124,quantile_binning,Scenario 1,4,926,49:231|74:229|109:235|239:231,"=""0.2492,0.2481,0.2535,0.2492"""
CFG_125,quantile_binning,Scenario 1,5,926,44:185|64:185|84:182|119:187|239:187,"=""0.2002,0.2002,0.1960,0.2023,0.2013"""
CFG_126,quantile_binning,Scenario 1,6,926,39:156|59:154|74:151|94:153|129:153|239:159,"=""0.1683,0.1661,0.1629,0.1651,0.1661,0.1715"""
CFG_127,quantile_binning,Scenario 1,7,926,39:132|54:136|64:134|84:128|99:129|139:136|239:131,"=""0.1427,0.1470,0.1448,0.1374,0.1395,0.1470,0.1416"""
CFG_128,quantile_binning,Scenario 1,8,926,34:118|49:113|59:110|74:120|89:120|109:114|149:116|239:115,"=""0.1278,0.1214,0.1182,0.1299,0.1299,0.1235,0.1246,0.1246"""
CFG_129,quantile_binning,Scenario 1,9,926,34:103|49:103|59:103|69:106|79:100|94:99|114:105|149:102|239:105,"=""0.1118,0.1108,0.1118,0.1140,0.1076,0.1065,0.1140,0.1097,0.1140"""
CFG_130,quantile_binning,Scenario 1,10,926,29:92|44:94|54:93|64:93|74:90|84:91|99:95|119:91|159:94|239:93,"=""0.0990,0.1012,0.1001,0.1001,0.0969,0.0990,0.1033,0.0990,0.1012,0.1001"""
CFG_132,quantile_binning,Scenario 2,2,926,84:463|239:463,"=""0.5005,0.4995"""
CFG_133,quantile_binning,Scenario 2,3,926,64:307|109:311|239:308,"=""0.3312,0.3355,0.3333"""
CFG_134,quantile_binning,Scenario 2,4,926,59:230|84:234|119:230|239:232,"=""0.2481,0.2524,0.2481,0.2513"""
CFG_135,quantile_binning,Scenario 2,5,926,54:186|74:186|99:184|129:185|239:185,"=""0.2002,0.2002,0.1991,0.2002,0.2002"""
CFG_136,quantile_binning,Scenario 2,6,926,54:154|64:153|84:156|109:154|139:154|239:155,"=""0.1661,0.1651,0.1693,0.1661,0.1661,0.1672"""
CFG_137,quantile_binning,Scenario 2,7,926,49:132|64:134|74:131|94:132|114:133|149:132|239:132,"=""0.1427,0.1448,0.1406,0.1427,0.1438,0.1427,0.1427"""
CFG_138,quantile_binning,Scenario 2,8,926,49:116|59:114|69:118|84:116|104:116|119:114|154:117|239:115,"=""0.1246,0.1235,0.1278,0.1246,0.1246,0.1235,0.1267,0.1246"""
CFG_139,quantile_binning,Scenario 2,9,926,44:103|59:103|64:100|79:106|89:103|109:102|124:103|159:103|239:103,"=""0.1108,0.1118,0.1086,0.1150,0.1108,0.1097,0.1108,0.1118,0.1108"""
CFG_140,quantile_binning,Scenario 2,10,926,44:90|54:95|64:87|74:98|84:93|99:91|109:93|129:93|164:93|239:93,"=""0.0969,0.1033,0.0937,0.1065,0.1001,0.0990,0.1001,0.1001,0.1001,0.1001"""
CFG_142,quantile_binning,Scenario 3,2,926,94:462|239:464,"=""0.4984,0.5016"""
CFG_143,quantile_binning,Scenario 3,3,926,74:308|119:310|239:308,"=""0.3323,0.3344,0.3333"""
CFG_144,quantile_binning,Scenario 3,4,926,69:225|94:236|129:233|239:232,"=""0.2428,0.2556,0.2513,0.2503"""
CFG_145,quantile_binning,Scenario 3,5,926,64:186|84:185|109:184|139:187|239:184,"=""0.2002,0.1991,0.1991,0.2023,0.1991"""
CFG_146,quantile_binning,Scenario 3,6,926,59:153|74:155|94:154|119:156|149:152|239:156,"=""0.1651,0.1672,0.1661,0.1683,0.1640,0.1693"""
CFG_147,quantile_binning,Scenario 3,7,926,59:134|69:130|84:134|104:131|124:135|154:131|239:131,"=""0.1448,0.1395,0.1448,0.1416,0.1459,0.1416,0.1416"""
CFG_148,quantile_binning,Scenario 3,8,926,59:115|69:110|79:120|94:117|114:117|129:115|164:115|239:117,"=""0.1246,0.1182,0.1299,0.1257,0.1267,0.1246,0.1246,0.1257"""
CFG_149,quantile_binning,Scenario 3,9,926,54:103|64:102|74:103|89:104|104:103|119:102|134:103|169:103|239:103,"=""0.1108,0.1097,0.1118,0.1129,0.1118,0.1097,0.1108,0.1118,0.1108"""
CFG_150,quantile_binning,Scenario 3,10,926,54:92|64:94|69:94|84:91|94:91|109:93|124:93|139:94|174:91|239:93,"=""0.0990,0.1012,0.1012,0.0980,0.0990,0.1001,0.1001,0.1022,0.0990,0.1001"""
CFG_152,quantile_binning,Scenario 4,2,926,104:463|239:463,"=""0.5005,0.4995"""
CFG_153,quantile_binning,Scenario 4,3,926,84:308|134:310|239:308,"=""0.3333,0.3344,0.3323"""
CFG_154,quantile_binning,Scenario 4,4,926,74:230|104:234|144:229|239:233,"=""0.2481,0.2524,0.2471,0.2524"""
CFG_155,quantile_binning,Scenario 4,5,926,69:184|94:188|124:183|149:186|239:185,"=""0.1991,0.2034,0.1970,0.2002,0.2002"""
CFG_156,quantile_binning,Scenario 4,6,926,69:153|84:156|104:155|134:155|154:154|239:153,"=""0.1651,0.1683,0.1672,0.1672,0.1661,0.1661"""
CFG_157,quantile_binning,Scenario 4,7,926,64:132|74:131|94:133|119:133|139:133|164:132|239:132,"=""0.1427,0.1406,0.1438,0.1438,0.1438,0.1427,0.1427"""
CFG_158,quantile_binning,Scenario 4,8,926,64:114|74:115|89:117|104:117|129:117|144:113|169:118|239:115,"=""0.1235,0.1246,0.1267,0.1257,0.1257,0.1214,0.1278,0.1246"""
CFG_159,quantile_binning,Scenario 4,9,926,64:101|69:110|84:98|99:104|114:103|134:103|149:101|174:103|239:103,"=""0.1086,0.1193,0.1054,0.1118,0.1108,0.1118,0.1086,0.1118,0.1118"""
CFG_160,quantile_binning,Scenario 4,10,926,64:93|69:92|79:94|94:94|104:91|124:92|139:94|149:91|179:94|239:91,"=""0.1001,0.0990,0.1012,0.1022,0.0980,0.0990,0.1012,0.0990,0.1012,0.0990"""
CFG_162,quantile_binning,Scenario 5,2,926,114:463|239:463,"=""0.4995,0.5005"""
CFG_163,quantile_binning,Scenario 5,3,926,89:308|149:310|239:308,"=""0.3323,0.3344,0.3333"""
CFG_164,quantile_binning,Scenario 5,4,926,74:232|114:231|154:232|239:231,"=""0.2503,0.2492,0.2513,0.2492"""
CFG_165,quantile_binning,Scenario 5,5,926,69:186|104:184|139:186|159:185|239:185,"=""0.2002,0.1991,0.2002,0.2002,0.2002"""
CFG_166,quantile_binning,Scenario 5,6,926,69:150|89:157|114:155|149:155|169:155|239:154,"=""0.1619,0.1704,0.1672,0.1672,0.1672,0.1661"""
CFG_167,quantile_binning,Scenario 5,7,926,69:128|79:139|109:128|134:134|154:132|174:131|239:134,"=""0.1384,0.1502,0.1384,0.1448,0.1427,0.1416,0.1438"""
CFG_168,quantile_binning,Scenario 5,8,926,69:114|74:117|99:116|114:116|144:116|154:117|179:115|239:115,"=""0.1235,0.1267,0.1246,0.1246,0.1246,0.1267,0.1246,0.1246"""
CFG_169,quantile_binning,Scenario 5,9,926,69:103|74:103|89:102|109:104|129:102|149:103|159:103|184:103|239:103,"=""0.1108,0.1118,0.1097,0.1129,0.1097,0.1118,0.1118,0.1108,0.1108"""
CFG_170,quantile_binning,Scenario 5,10,926,69:185|79:91|104:93|114:93|139:93|149:91|159:94|184:93|239:93,"=""0.0969,0.1033,0.0990,0.1001,0.1001,0.1001,0.0980,0.1022,0.1001,0.1001"""
CFG_172,quantile_binning,Scenario 6,2,926,114:486|239:440,"=""0.5250,0.4750"""
CFG_173,quantile_binning,Scenario 6,3,926,89:307|149:263|239:356,"=""0.3312,0.2843,0.3845"""
CFG_174,quantile_binning,Scenario 6,4,926,79:232|114:254|154:189|239:251,"=""0.2503,0.2748,0.2045,0.2705"""
CFG_175,quantile_binning,Scenario 6,5,926,69:184|109:162|144:214|174:178|239:188,"=""0.1991,0.1747,0.2311,0.1917,0.2034"""
CFG_176,quantile_binning,Scenario 6,6,926,69:184|89:122|114:180|149:84|179:206|239:150,"=""0.1991,0.1321,0.1938,0.0905,0.2226,0.1619"""
CFG_177,quantile_binning,Scenario 6,7,926,69:184|79:50|109:177|134:127|154:137|179:101|239:150,"=""0.1991,0.0543,0.1906,0.1374,0.1480,0.1086,0.1619"""
CFG_178,quantile_binning,Scenario 6,8,926,69:184|79:47|109:114|114:140|149:84|154:106|184:163|239:88,"=""0.1991,0.0511,0.1235,0.1512,0.0905,0.1140,0.1757,0.0948"""
CFG_179,quantile_binning,Scenario 6,9,926,69:36|74:156|89:114|109:105|129:94|149:65|164:150|184:118|239:88,"=""0.0394,0.1683,0.1235,0.1129,0.1012,0.0703,0.1619,0.1278,0.0948"""
CFG_180,quantile_binning,Scenario 6,10,926,69:185|79:110|109:51|114:140|144:74|154:115|174:62|184:101|239:88,"=""0.0394,0.1597,0.1193,0.0554,0.1512,0.0799,0.1246,0.0671,0.1086,0.0948"""
