Config_ID,Method,Scenario,K,SKU_Count,Representative_Slot_Size,Cluster_Count_Percentage,Assigned_SKUs_At_Representative_Size,Cumulative_Assigned_SKUs_At_Or_Above_Size
CFG_002,hierarchical_clustering,Scenario 1,2,926,124,81.58%,755,926
CFG_002,hierarchical_clustering,Scenario 1,2,926,239,18.42%,171,171
CFG_003,hierarchical_clustering,Scenario 1,3,926,69,46.22%,428,926
CFG_003,hierarchical_clustering,Scenario 1,3,926,124,35.36%,327,498
CFG_003,hierarchical_clustering,Scenario 1,3,926,239,18.42%,171,171
CFG_004,hierarchical_clustering,Scenario 1,4,926,69,46.22%,428,926
CFG_004,hierarchical_clustering,Scenario 1,4,926,124,35.36%,327,498
CFG_004,hierarchical_clustering,Scenario 1,4,926,189,11.18%,104,171
CFG_004,hierarchical_clustering,Scenario 1,4,926,239,7.24%,67,67
CFG_005,hierarchical_clustering,Scenario 1,5,926,34,13.63%,126,926
CFG_005,hierarchical_clustering,Scenario 1,5,926,69,32.59%,302,800
CFG_005,hierarchical_clustering,Scenario 1,5,926,124,35.36%,327,498
CFG_005,hierarchical_clustering,Scenario 1,5,926,189,11.18%,104,171
CFG_005,hierarchical_clustering,Scenario 1,5,926,239,7.24%,67,67
CFG_006,hierarchical_clustering,Scenario 1,6,926,34,13.63%,126,926
CFG_006,hierarchical_clustering,Scenario 1,6,926,69,32.59%,302,800
CFG_006,hierarchical_clustering,Scenario 1,6,926,99,23.75%,220,498
CFG_006,hierarchical_clustering,Scenario 1,6,926,124,11.61%,107,278
CFG_006,hierarchical_clustering,Scenario 1,6,926,189,11.18%,104,171
CFG_006,hierarchical_clustering,Scenario 1,6,926,239,7.24%,67,67
CFG_007,hierarchical_clustering,Scenario 1,7,926,34,13.63%,126,926
CFG_007,hierarchical_clustering,Scenario 1,7,926,69,32.59%,302,800
CFG_007,hierarchical_clustering,Scenario 1,7,926,99,23.75%,220,498
CFG_007,hierarchical_clustering,Scenario 1,7,926,124,11.61%,107,278
CFG_007,hierarchical_clustering,Scenario 1,7,926,154,8.09%,75,171
CFG_007,hierarchical_clustering,Scenario 1,7,926,189,3.09%,29,96
CFG_007,hierarchical_clustering,Scenario 1,7,926,239,7.24%,67,67
CFG_008,hierarchical_clustering,Scenario 1,8,926,34,13.63%,126,926
CFG_008,hierarchical_clustering,Scenario 1,8,926,59,19.81%,183,800
CFG_008,hierarchical_clustering,Scenario 1,8,926,69,12.78%,118,617
CFG_008,hierarchical_clustering,Scenario 1,8,926,99,23.75%,220,499
CFG_008,hierarchical_clustering,Scenario 1,8,926,124,11.61%,108,279
CFG_008,hierarchical_clustering,Scenario 1,8,926,154,8.09%,75,171
CFG_008,hierarchical_clustering,Scenario 1,8,926,189,3.09%,29,96
CFG_008,hierarchical_clustering,Scenario 1,8,926,239,7.24%,67,67
CFG_009,hierarchical_clustering,Scenario 1,9,926,34,13.63%,126,926
CFG_009,hierarchical_clustering,Scenario 1,9,926,59,19.81%,183,800
CFG_009,hierarchical_clustering,Scenario 1,9,926,69,12.78%,118,617
CFG_009,hierarchical_clustering,Scenario 1,9,926,84,12.46%,115,499
CFG_009,hierarchical_clustering,Scenario 1,9,926,99,11.29%,105,384
CFG_009,hierarchical_clustering,Scenario 1,9,926,124,11.61%,108,279
CFG_009,hierarchical_clustering,Scenario 1,9,926,154,8.09%,75,171
CFG_009,hierarchical_clustering,Scenario 1,9,926,189,3.09%,29,96
CFG_009,hierarchical_clustering,Scenario 1,9,926,239,7.24%,67,67
CFG_010,hierarchical_clustering,Scenario 1,10,926,34,13.63%,126,926
CFG_010,hierarchical_clustering,Scenario 1,10,926,59,19.81%,183,800
CFG_010,hierarchical_clustering,Scenario 1,10,926,69,12.78%,118,617
CFG_010,hierarchical_clustering,Scenario 1,10,926,84,12.46%,115,499
CFG_010,hierarchical_clustering,Scenario 1,10,926,99,11.29%,105,384
CFG_010,hierarchical_clustering,Scenario 1,10,926,124,11.61%,108,279
CFG_010,hierarchical_clustering,Scenario 1,10,926,154,8.09%,75,171
CFG_010,hierarchical_clustering,Scenario 1,10,926,189,3.09%,29,96
CFG_010,hierarchical_clustering,Scenario 1,10,926,214,6.07%,56,67
CFG_010,hierarchical_clustering,Scenario 1,10,926,239,1.17%,11,11
CFG_012,hierarchical_clustering,Scenario 2,2,926,124,77.74%,720,926
CFG_012,hierarchical_clustering,Scenario 2,2,926,239,22.26%,206,206
CFG_013,hierarchical_clustering,Scenario 2,3,926,74,40.15%,372,926
CFG_013,hierarchical_clustering,Scenario 2,3,926,124,37.59%,348,554
CFG_013,hierarchical_clustering,Scenario 2,3,926,239,22.26%,206,206
CFG_014,hierarchical_clustering,Scenario 2,4,926,74,40.15%,372,926
CFG_014,hierarchical_clustering,Scenario 2,4,926,124,37.59%,348,554
CFG_014,hierarchical_clustering,Scenario 2,4,926,184,14.38%,133,206
CFG_014,hierarchical_clustering,Scenario 2,4,926,239,7.88%,73,73
CFG_015,hierarchical_clustering,Scenario 2,5,926,74,40.15%,372,926
CFG_015,hierarchical_clustering,Scenario 2,5,926,94,17.89%,166,554
CFG_015,hierarchical_clustering,Scenario 2,5,926,124,19.70%,182,388
CFG_015,hierarchical_clustering,Scenario 2,5,926,184,14.38%,133,206
CFG_015,hierarchical_clustering,Scenario 2,5,926,239,7.88%,73,73
CFG_016,hierarchical_clustering,Scenario 2,6,926,44,11.08%,103,926
CFG_016,hierarchical_clustering,Scenario 2,6,926,74,29.07%,269,823
CFG_016,hierarchical_clustering,Scenario 2,6,926,94,17.89%,166,554
CFG_016,hierarchical_clustering,Scenario 2,6,926,124,19.70%,182,388
CFG_016,hierarchical_clustering,Scenario 2,6,926,184,14.38%,133,206
CFG_016,hierarchical_clustering,Scenario 2,6,926,239,7.88%,73,73
CFG_017,hierarchical_clustering,Scenario 2,7,926,44,11.08%,103,926
CFG_017,hierarchical_clustering,Scenario 2,7,926,74,29.07%,269,823
CFG_017,hierarchical_clustering,Scenario 2,7,926,94,17.89%,166,554
CFG_017,hierarchical_clustering,Scenario 2,7,926,124,19.70%,182,388
CFG_017,hierarchical_clustering,Scenario 2,7,926,149,8.20%,76,206
CFG_017,hierarchical_clustering,Scenario 2,7,926,184,6.18%,57,130
CFG_017,hierarchical_clustering,Scenario 2,7,926,239,7.88%,73,73
CFG_018,hierarchical_clustering,Scenario 2,8,926,44,11.08%,103,926
CFG_018,hierarchical_clustering,Scenario 2,8,926,59,15.23%,141,823
CFG_018,hierarchical_clustering,Scenario 2,8,926,74,13.84%,128,682
CFG_018,hierarchical_clustering,Scenario 2,8,926,94,17.89%,166,554
CFG_018,hierarchical_clustering,Scenario 2,8,926,124,19.70%,182,388
CFG_018,hierarchical_clustering,Scenario 2,8,926,149,8.20%,76,206
CFG_018,hierarchical_clustering,Scenario 2,8,926,184,6.18%,57,130
CFG_018,hierarchical_clustering,Scenario 2,8,926,239,7.88%,73,73
CFG_019,hierarchical_clustering,Scenario 2,9,926,44,11.08%,103,926
CFG_019,hierarchical_clustering,Scenario 2,9,926,59,15.23%,141,823
CFG_019,hierarchical_clustering,Scenario 2,9,926,74,13.84%,128,682
CFG_019,hierarchical_clustering,Scenario 2,9,926,94,17.89%,166,554
CFG_019,hierarchical_clustering,Scenario 2,9,926,124,19.70%,182,388
CFG_019,hierarchical_clustering,Scenario 2,9,926,149,8.20%,76,206
CFG_019,hierarchical_clustering,Scenario 2,9,926,184,6.18%,57,130
CFG_019,hierarchical_clustering,Scenario 2,9,926,219,6.71%,62,73
CFG_019,hierarchical_clustering,Scenario 2,9,926,239,1.17%,11,11
CFG_020,hierarchical_clustering,Scenario 2,10,926,44,11.08%,103,926
CFG_020,hierarchical_clustering,Scenario 2,10,926,59,15.23%,141,823
CFG_020,hierarchical_clustering,Scenario 2,10,926,74,13.84%,128,682
CFG_020,hierarchical_clustering,Scenario 2,10,926,94,17.89%,166,554
CFG_020,hierarchical_clustering,Scenario 2,10,926,109,8.52%,79,388
CFG_020,hierarchical_clustering,Scenario 2,10,926,124,11.18%,103,309
CFG_020,hierarchical_clustering,Scenario 2,10,926,149,8.20%,76,206
CFG_020,hierarchical_clustering,Scenario 2,10,926,184,6.18%,57,130
CFG_020,hierarchical_clustering,Scenario 2,10,926,219,6.71%,62,73
CFG_020,hierarchical_clustering,Scenario 2,10,926,239,1.17%,11,11
CFG_022,hierarchical_clustering,Scenario 3,2,926,114,63.58%,589,926
CFG_022,hierarchical_clustering,Scenario 3,2,926,239,36.42%,337,337
CFG_023,hierarchical_clustering,Scenario 3,3,926,114,63.58%,589,926
CFG_023,hierarchical_clustering,Scenario 3,3,926,194,28.65%,265,337
CFG_023,hierarchical_clustering,Scenario 3,3,926,239,7.77%,72,72
CFG_024,hierarchical_clustering,Scenario 3,4,926,84,40.26%,373,926
CFG_024,hierarchical_clustering,Scenario 3,4,926,114,23.32%,216,553
CFG_024,hierarchical_clustering,Scenario 3,4,926,194,28.65%,265,337
CFG_024,hierarchical_clustering,Scenario 3,4,926,239,7.77%,72,72
CFG_025,hierarchical_clustering,Scenario 3,5,926,84,40.26%,373,926
CFG_025,hierarchical_clustering,Scenario 3,5,926,114,23.32%,216,553
CFG_025,hierarchical_clustering,Scenario 3,5,926,144,18.42%,170,337
CFG_025,hierarchical_clustering,Scenario 3,5,926,194,10.22%,95,167
CFG_025,hierarchical_clustering,Scenario 3,5,926,239,7.77%,72,72
CFG_026,hierarchical_clustering,Scenario 3,6,926,59,14.91%,138,926
CFG_026,hierarchical_clustering,Scenario 3,6,926,84,25.35%,235,788
CFG_026,hierarchical_clustering,Scenario 3,6,926,114,23.32%,216,553
CFG_026,hierarchical_clustering,Scenario 3,6,926,144,18.42%,170,337
CFG_026,hierarchical_clustering,Scenario 3,6,926,194,10.22%,95,167
CFG_026,hierarchical_clustering,Scenario 3,6,926,239,7.77%,72,72
CFG_027,hierarchical_clustering,Scenario 3,7,926,59,14.91%,138,926
CFG_027,hierarchical_clustering,Scenario 3,7,926,84,25.35%,235,788
CFG_027,hierarchical_clustering,Scenario 3,7,926,94,9.58%,89,553
CFG_027,hierarchical_clustering,Scenario 3,7,926,114,13.74%,127,464
CFG_027,hierarchical_clustering,Scenario 3,7,926,144,18.42%,170,337
CFG_027,hierarchical_clustering,Scenario 3,7,926,194,10.22%,95,167
CFG_027,hierarchical_clustering,Scenario 3,7,926,239,7.77%,72,72
CFG_028,hierarchical_clustering,Scenario 3,8,926,59,14.91%,138,926
CFG_028,hierarchical_clustering,Scenario 3,8,926,84,25.35%,235,788
CFG_028,hierarchical_clustering,Scenario 3,8,926,94,9.58%,89,553
CFG_028,hierarchical_clustering,Scenario 3,8,926,114,13.74%,127,464
CFG_028,hierarchical_clustering,Scenario 3,8,926,144,18.42%,171,337
CFG_028,hierarchical_clustering,Scenario 3,8,926,169,7.03%,65,166
CFG_028,hierarchical_clustering,Scenario 3,8,926,194,3.19%,29,101
CFG_028,hierarchical_clustering,Scenario 3,8,926,239,7.77%,72,72
CFG_029,hierarchical_clustering,Scenario 3,9,926,59,14.91%,138,926
CFG_029,hierarchical_clustering,Scenario 3,9,926,84,25.35%,235,788
CFG_029,hierarchical_clustering,Scenario 3,9,926,94,9.58%,89,553
CFG_029,hierarchical_clustering,Scenario 3,9,926,114,13.74%,127,464
CFG_029,hierarchical_clustering,Scenario 3,9,926,144,18.42%,171,337
CFG_029,hierarchical_clustering,Scenario 3,9,926,169,7.03%,65,166
CFG_029,hierarchical_clustering,Scenario 3,9,926,194,3.19%,29,101
CFG_029,hierarchical_clustering,Scenario 3,9,926,229,6.71%,62,72
CFG_029,hierarchical_clustering,Scenario 3,9,926,239,1.06%,10,10
CFG_030,hierarchical_clustering,Scenario 3,10,926,59,14.91%,138,926
CFG_030,hierarchical_clustering,Scenario 3,10,926,69,12.89%,119,788
CFG_030,hierarchical_clustering,Scenario 3,10,926,84,12.46%,115,669
CFG_030,hierarchical_clustering,Scenario 3,10,926,94,9.58%,89,554
CFG_030,hierarchical_clustering,Scenario 3,10,926,114,13.74%,127,465
CFG_030,hierarchical_clustering,Scenario 3,10,926,144,18.42%,171,338
CFG_030,hierarchical_clustering,Scenario 3,10,926,169,7.03%,65,167
CFG_030,hierarchical_clustering,Scenario 3,10,926,194,3.19%,30,102
CFG_030,hierarchical_clustering,Scenario 3,10,926,229,6.71%,62,72
CFG_030,hierarchical_clustering,Scenario 3,10,926,239,1.06%,10,10
CFG_032,hierarchical_clustering,Scenario 4,2,926,119,58.57%,542,926
CFG_032,hierarchical_clustering,Scenario 4,2,926,239,41.43%,384,384
CFG_033,hierarchical_clustering,Scenario 4,3,926,119,58.57%,542,926
CFG_033,hierarchical_clustering,Scenario 4,3,926,189,32.59%,302,384
CFG_033,hierarchical_clustering,Scenario 4,3,926,239,8.84%,82,82
CFG_034,hierarchical_clustering,Scenario 4,4,926,74,27.48%,254,926
CFG_034,hierarchical_clustering,Scenario 4,4,926,119,31.10%,288,672
CFG_034,hierarchical_clustering,Scenario 4,4,926,189,32.59%,302,384
CFG_034,hierarchical_clustering,Scenario 4,4,926,239,8.84%,82,82
CFG_035,hierarchical_clustering,Scenario 4,5,926,74,27.48%,254,926
CFG_035,hierarchical_clustering,Scenario 4,5,926,119,31.10%,288,672
CFG_035,hierarchical_clustering,Scenario 4,5,926,154,25.35%,235,384
CFG_035,hierarchical_clustering,Scenario 4,5,926,189,7.24%,67,149
CFG_035,hierarchical_clustering,Scenario 4,5,926,239,8.84%,82,82
CFG_036,hierarchical_clustering,Scenario 4,6,926,74,27.48%,254,926
CFG_036,hierarchical_clustering,Scenario 4,6,926,94,14.48%,134,672
CFG_036,hierarchical_clustering,Scenario 4,6,926,119,16.61%,154,538
CFG_036,hierarchical_clustering,Scenario 4,6,926,154,25.35%,235,384
CFG_036,hierarchical_clustering,Scenario 4,6,926,189,7.24%,67,149
CFG_036,hierarchical_clustering,Scenario 4,6,926,239,8.84%,82,82
CFG_037,hierarchical_clustering,Scenario 4,7,926,74,27.48%,254,926
CFG_037,hierarchical_clustering,Scenario 4,7,926,94,14.48%,134,672
CFG_037,hierarchical_clustering,Scenario 4,7,926,119,16.61%,154,538
CFG_037,hierarchical_clustering,Scenario 4,7,926,139,14.59%,135,384
CFG_037,hierarchical_clustering,Scenario 4,7,926,154,10.76%,100,249
CFG_037,hierarchical_clustering,Scenario 4,7,926,189,7.24%,67,149
CFG_037,hierarchical_clustering,Scenario 4,7,926,239,8.84%,82,82
CFG_038,hierarchical_clustering,Scenario 4,8,926,74,27.48%,254,926
CFG_038,hierarchical_clustering,Scenario 4,8,926,94,14.48%,134,672
CFG_038,hierarchical_clustering,Scenario 4,8,926,119,16.61%,154,538
CFG_038,hierarchical_clustering,Scenario 4,8,926,139,14.59%,135,384
CFG_038,hierarchical_clustering,Scenario 4,8,926,154,10.76%,100,249
CFG_038,hierarchical_clustering,Scenario 4,8,926,189,7.24%,67,149
CFG_038,hierarchical_clustering,Scenario 4,8,926,224,7.14%,66,82
CFG_038,hierarchical_clustering,Scenario 4,8,926,239,1.70%,16,16
CFG_039,hierarchical_clustering,Scenario 4,9,926,59,9.80%,91,926
CFG_039,hierarchical_clustering,Scenario 4,9,926,74,17.68%,164,835
CFG_039,hierarchical_clustering,Scenario 4,9,926,94,14.48%,134,671
CFG_039,hierarchical_clustering,Scenario 4,9,926,119,16.61%,154,537
CFG_039,hierarchical_clustering,Scenario 4,9,926,139,14.59%,135,383
CFG_039,hierarchical_clustering,Scenario 4,9,926,154,10.76%,99,248
CFG_039,hierarchical_clustering,Scenario 4,9,926,189,7.24%,67,149
CFG_039,hierarchical_clustering,Scenario 4,9,926,224,7.14%,66,82
CFG_039,hierarchical_clustering,Scenario 4,9,926,239,1.70%,16,16
CFG_040,hierarchical_clustering,Scenario 4,10,926,59,9.80%,91,926
CFG_040,hierarchical_clustering,Scenario 4,10,926,74,17.68%,164,835
CFG_040,hierarchical_clustering,Scenario 4,10,926,94,14.48%,134,671
CFG_040,hierarchical_clustering,Scenario 4,10,926,104,8.84%,82,537
CFG_040,hierarchical_clustering,Scenario 4,10,926,119,7.77%,72,455
CFG_040,hierarchical_clustering,Scenario 4,10,926,139,14.59%,135,383
CFG_040,hierarchical_clustering,Scenario 4,10,926,154,10.76%,99,248
CFG_040,hierarchical_clustering,Scenario 4,10,926,189,7.24%,67,149
CFG_040,hierarchical_clustering,Scenario 4,10,926,224,7.14%,66,82
CFG_040,hierarchical_clustering,Scenario 4,10,926,239,1.70%,16,16
CFG_042,hierarchical_clustering,Scenario 5,2,926,119,53.89%,499,926
CFG_042,hierarchical_clustering,Scenario 5,2,926,239,46.11%,427,427
CFG_043,hierarchical_clustering,Scenario 5,3,926,119,53.89%,499,926
CFG_043,hierarchical_clustering,Scenario 5,3,926,189,36.95%,342,427
CFG_043,hierarchical_clustering,Scenario 5,3,926,239,9.16%,85,85
CFG_044,hierarchical_clustering,Scenario 5,4,926,89,33.01%,306,926
CFG_044,hierarchical_clustering,Scenario 5,4,926,119,20.87%,193,620
CFG_044,hierarchical_clustering,Scenario 5,4,926,189,36.95%,342,427
CFG_044,hierarchical_clustering,Scenario 5,4,926,239,9.16%,85,85
CFG_045,hierarchical_clustering,Scenario 5,5,926,89,33.01%,306,926
CFG_045,hierarchical_clustering,Scenario 5,5,926,119,20.87%,193,620
CFG_045,hierarchical_clustering,Scenario 5,5,926,164,27.05%,250,427
CFG_045,hierarchical_clustering,Scenario 5,5,926,189,9.90%,92,177
CFG_045,hierarchical_clustering,Scenario 5,5,926,239,9.16%,85,85
CFG_046,hierarchical_clustering,Scenario 5,6,926,89,33.01%,306,926
CFG_046,hierarchical_clustering,Scenario 5,6,926,119,20.87%,193,620
CFG_046,hierarchical_clustering,Scenario 5,6,926,139,5.64%,52,427
CFG_046,hierarchical_clustering,Scenario 5,6,926,164,21.41%,198,375
CFG_046,hierarchical_clustering,Scenario 5,6,926,189,9.90%,92,177
CFG_046,hierarchical_clustering,Scenario 5,6,926,239,9.16%,85,85
CFG_047,hierarchical_clustering,Scenario 5,7,926,89,33.01%,306,926
CFG_047,hierarchical_clustering,Scenario 5,7,926,119,20.87%,193,620
CFG_047,hierarchical_clustering,Scenario 5,7,926,139,5.64%,52,427
CFG_047,hierarchical_clustering,Scenario 5,7,926,164,21.41%,198,375
CFG_047,hierarchical_clustering,Scenario 5,7,926,189,9.90%,92,177
CFG_047,hierarchical_clustering,Scenario 5,7,926,219,5.96%,55,85
CFG_047,hierarchical_clustering,Scenario 5,7,926,239,3.19%,30,30
CFG_048,hierarchical_clustering,Scenario 5,8,926,74,20.77%,192,926
CFG_048,hierarchical_clustering,Scenario 5,8,926,89,12.25%,114,734
CFG_048,hierarchical_clustering,Scenario 5,8,926,119,20.87%,193,620
CFG_048,hierarchical_clustering,Scenario 5,8,926,139,5.64%,52,427
CFG_048,hierarchical_clustering,Scenario 5,8,926,164,21.41%,198,375
CFG_048,hierarchical_clustering,Scenario 5,8,926,189,9.90%,92,177
CFG_048,hierarchical_clustering,Scenario 5,8,926,219,5.96%,55,85
CFG_048,hierarchical_clustering,Scenario 5,8,926,239,3.19%,30,30
CFG_049,hierarchical_clustering,Scenario 5,9,926,74,20.77%,192,926
CFG_049,hierarchical_clustering,Scenario 5,9,926,89,12.25%,114,734
CFG_049,hierarchical_clustering,Scenario 5,9,926,104,5.43%,50,620
CFG_049,hierarchical_clustering,Scenario 5,9,926,119,15.44%,143,570
CFG_049,hierarchical_clustering,Scenario 5,9,926,139,5.64%,52,427
CFG_049,hierarchical_clustering,Scenario 5,9,926,164,21.41%,198,375
CFG_049,hierarchical_clustering,Scenario 5,9,926,189,9.90%,92,177
CFG_049,hierarchical_clustering,Scenario 5,9,926,219,5.96%,55,85
CFG_049,hierarchical_clustering,Scenario 5,9,926,239,3.19%,30,30
CFG_050,hierarchical_clustering,Scenario 5,10,926,74,20.77%,192,926
CFG_050,hierarchical_clustering,Scenario 5,10,926,89,12.25%,113,734
CFG_050,hierarchical_clustering,Scenario 5,10,926,104,5.43%,50,621
CFG_050,hierarchical_clustering,Scenario 5,10,926,119,15.44%,143,571
CFG_050,hierarchical_clustering,Scenario 5,10,926,139,5.64%,52,428
CFG_050,hierarchical_clustering,Scenario 5,10,926,149,9.80%,91,376
CFG_050,hierarchical_clustering,Scenario 5,10,926,164,11.61%,108,285
CFG_050,hierarchical_clustering,Scenario 5,10,926,189,9.90%,92,177
CFG_050,hierarchical_clustering,Scenario 5,10,926,219,5.96%,55,85
CFG_050,hierarchical_clustering,Scenario 5,10,926,239,3.19%,30,30
CFG_052,hierarchical_clustering,Scenario 6,2,926,114,52.50%,486,926
CFG_052,hierarchical_clustering,Scenario 6,2,926,239,47.50%,440,440
CFG_053,hierarchical_clustering,Scenario 6,3,926,114,52.50%,486,926
CFG_053,hierarchical_clustering,Scenario 6,3,926,189,38.13%,353,440
CFG_053,hierarchical_clustering,Scenario 6,3,926,239,9.37%,87,87
CFG_054,hierarchical_clustering,Scenario 6,4,926,94,33.87%,314,926
CFG_054,hierarchical_clustering,Scenario 6,4,926,114,18.64%,172,612
CFG_054,hierarchical_clustering,Scenario 6,4,926,189,38.13%,353,440
CFG_054,hierarchical_clustering,Scenario 6,4,926,239,9.37%,87,87
CFG_055,hierarchical_clustering,Scenario 6,5,926,94,33.87%,314,926
CFG_055,hierarchical_clustering,Scenario 6,5,926,114,18.64%,172,612
CFG_055,hierarchical_clustering,Scenario 6,5,926,164,25.24%,234,440
CFG_055,hierarchical_clustering,Scenario 6,5,926,189,12.89%,119,206
CFG_055,hierarchical_clustering,Scenario 6,5,926,239,9.37%,87,87
CFG_056,hierarchical_clustering,Scenario 6,6,926,94,33.87%,314,926
CFG_056,hierarchical_clustering,Scenario 6,6,926,114,18.64%,172,612
CFG_056,hierarchical_clustering,Scenario 6,6,926,144,7.99%,74,440
CFG_056,hierarchical_clustering,Scenario 6,6,926,164,17.25%,160,366
CFG_056,hierarchical_clustering,Scenario 6,6,926,189,12.89%,119,206
CFG_056,hierarchical_clustering,Scenario 6,6,926,239,9.37%,87,87
CFG_057,hierarchical_clustering,Scenario 6,7,926,94,33.87%,314,926
CFG_057,hierarchical_clustering,Scenario 6,7,926,114,18.64%,173,612
CFG_057,hierarchical_clustering,Scenario 6,7,926,144,7.99%,74,439
CFG_057,hierarchical_clustering,Scenario 6,7,926,164,17.25%,160,365
CFG_057,hierarchical_clustering,Scenario 6,7,926,189,12.89%,119,205
CFG_057,hierarchical_clustering,Scenario 6,7,926,229,5.96%,55,86
CFG_057,hierarchical_clustering,Scenario 6,7,926,239,3.41%,31,31
CFG_058,hierarchical_clustering,Scenario 6,8,926,74,20.45%,189,926
CFG_058,hierarchical_clustering,Scenario 6,8,926,94,13.42%,124,737
CFG_058,hierarchical_clustering,Scenario 6,8,926,114,18.64%,173,613
CFG_058,hierarchical_clustering,Scenario 6,8,926,144,7.99%,74,440
CFG_058,hierarchical_clustering,Scenario 6,8,926,164,17.25%,160,366
CFG_058,hierarchical_clustering,Scenario 6,8,926,189,12.89%,119,206
CFG_058,hierarchical_clustering,Scenario 6,8,926,229,5.96%,55,87
CFG_058,hierarchical_clustering,Scenario 6,8,926,239,3.41%,32,32
CFG_059,hierarchical_clustering,Scenario 6,9,926,54,1.49%,14,926
CFG_059,hierarchical_clustering,Scenario 6,9,926,74,18.96%,175,912
CFG_059,hierarchical_clustering,Scenario 6,9,926,94,13.42%,124,737
CFG_059,hierarchical_clustering,Scenario 6,9,926,114,18.64%,173,613
CFG_059,hierarchical_clustering,Scenario 6,9,926,144,7.99%,74,440
CFG_059,hierarchical_clustering,Scenario 6,9,926,164,17.25%,160,366
CFG_059,hierarchical_clustering,Scenario 6,9,926,189,12.89%,119,206
CFG_059,hierarchical_clustering,Scenario 6,9,926,229,5.96%,55,87
CFG_059,hierarchical_clustering,Scenario 6,9,926,239,3.41%,32,32
CFG_060,hierarchical_clustering,Scenario 6,10,926,54,1.49%,14,926
CFG_060,hierarchical_clustering,Scenario 6,10,926,74,18.96%,176,912
CFG_060,hierarchical_clustering,Scenario 6,10,926,94,13.42%,124,736
CFG_060,hierarchical_clustering,Scenario 6,10,926,109,3.51%,32,612
CFG_060,hierarchical_clustering,Scenario 6,10,926,114,15.12%,140,580
CFG_060,hierarchical_clustering,Scenario 6,10,926,144,7.99%,74,440
CFG_060,hierarchical_clustering,Scenario 6,10,926,164,17.25%,160,366
CFG_060,hierarchical_clustering,Scenario 6,10,926,189,12.89%,119,206
CFG_060,hierarchical_clustering,Scenario 6,10,926,229,5.96%,55,87
CFG_060,hierarchical_clustering,Scenario 6,10,926,239,3.41%,32,32
CFG_062,kmeans_clustering,Scenario 1,2,926,114,78.49%,727,926
CFG_062,kmeans_clustering,Scenario 1,2,926,239,21.51%,199,199
CFG_063,kmeans_clustering,Scenario 1,3,926,69,46.86%,434,926
CFG_063,kmeans_clustering,Scenario 1,3,926,139,37.91%,351,492
CFG_063,kmeans_clustering,Scenario 1,3,926,239,15.23%,141,141
CFG_064,kmeans_clustering,Scenario 1,4,926,64,40.58%,376,926
CFG_064,kmeans_clustering,Scenario 1,4,926,104,33.01%,305,550
CFG_064,kmeans_clustering,Scenario 1,4,926,169,17.68%,164,245
CFG_064,kmeans_clustering,Scenario 1,4,926,239,8.73%,81,81
CFG_065,kmeans_clustering,Scenario 1,5,926,49,22.26%,206,926
CFG_065,kmeans_clustering,Scenario 1,5,926,79,30.46%,282,720
CFG_065,kmeans_clustering,Scenario 1,5,926,119,26.94%,250,438
CFG_065,kmeans_clustering,Scenario 1,5,926,174,12.57%,116,188
CFG_065,kmeans_clustering,Scenario 1,5,926,239,7.77%,72,72
CFG_066,kmeans_clustering,Scenario 1,6,926,44,19.38%,179,926
CFG_066,kmeans_clustering,Scenario 1,6,926,69,26.84%,249,747
CFG_066,kmeans_clustering,Scenario 1,6,926,99,23.64%,219,498
CFG_066,kmeans_clustering,Scenario 1,6,926,134,14.27%,132,279
CFG_066,kmeans_clustering,Scenario 1,6,926,179,8.20%,76,147
CFG_066,kmeans_clustering,Scenario 1,6,926,239,7.67%,71,71
CFG_067,kmeans_clustering,Scenario 1,7,926,39,14.70%,136,926
CFG_067,kmeans_clustering,Scenario 1,7,926,54,17.15%,159,790
CFG_067,kmeans_clustering,Scenario 1,7,926,79,20.23%,187,631
CFG_067,kmeans_clustering,Scenario 1,7,926,104,20.77%,192,444
CFG_067,kmeans_clustering,Scenario 1,7,926,134,11.50%,107,252
CFG_067,kmeans_clustering,Scenario 1,7,926,179,7.99%,74,145
CFG_067,kmeans_clustering,Scenario 1,7,926,239,7.67%,71,71
CFG_068,kmeans_clustering,Scenario 1,8,926,34,12.78%,118,926
CFG_068,kmeans_clustering,Scenario 1,8,926,49,10.76%,100,808
CFG_068,kmeans_clustering,Scenario 1,8,926,64,18.53%,172,708
CFG_068,kmeans_clustering,Scenario 1,8,926,84,15.12%,140,536
CFG_068,kmeans_clustering,Scenario 1,8,926,104,16.40%,152,396
CFG_068,kmeans_clustering,Scenario 1,8,926,134,10.86%,100,244
CFG_068,kmeans_clustering,Scenario 1,8,926,179,7.88%,73,144
CFG_068,kmeans_clustering,Scenario 1,8,926,239,7.67%,71,71
CFG_069,kmeans_clustering,Scenario 1,9,926,34,12.03%,111,926
CFG_069,kmeans_clustering,Scenario 1,9,926,44,9.48%,88,815
CFG_069,kmeans_clustering,Scenario 1,9,926,59,11.08%,103,727
CFG_069,kmeans_clustering,Scenario 1,9,926,69,13.63%,126,624
CFG_069,kmeans_clustering,Scenario 1,9,926,84,12.46%,115,498
CFG_069,kmeans_clustering,Scenario 1,9,926,104,14.91%,138,383
CFG_069,kmeans_clustering,Scenario 1,9,926,134,10.86%,101,245
CFG_069,kmeans_clustering,Scenario 1,9,926,179,7.88%,73,144
CFG_069,kmeans_clustering,Scenario 1,9,926,239,7.67%,71,71
CFG_070,kmeans_clustering,Scenario 1,10,926,34,11.18%,104,926
CFG_070,kmeans_clustering,Scenario 1,10,926,44,8.20%,76,822
CFG_070,kmeans_clustering,Scenario 1,10,926,54,12.46%,115,746
CFG_070,kmeans_clustering,Scenario 1,10,926,69,14.27%,132,631
CFG_070,kmeans_clustering,Scenario 1,10,926,84,11.08%,103,499
CFG_070,kmeans_clustering,Scenario 1,10,926,99,12.03%,111,396
CFG_070,kmeans_clustering,Scenario 1,10,926,114,9.27%,86,285
CFG_070,kmeans_clustering,Scenario 1,10,926,139,6.28%,58,199
CFG_070,kmeans_clustering,Scenario 1,10,926,179,7.56%,70,141
CFG_070,kmeans_clustering,Scenario 1,10,926,239,7.67%,71,71
CFG_072,kmeans_clustering,Scenario 2,2,926,119,76.68%,710,926
CFG_072,kmeans_clustering,Scenario 2,2,926,239,23.32%,216,216
CFG_073,kmeans_clustering,Scenario 2,3,926,84,51.76%,479,926
CFG_073,kmeans_clustering,Scenario 2,3,926,154,34.93%,324,447
CFG_073,kmeans_clustering,Scenario 2,3,926,239,13.31%,123,123
CFG_074,kmeans_clustering,Scenario 2,4,926,79,43.66%,404,926
CFG_074,kmeans_clustering,Scenario 2,4,926,119,33.01%,306,522
CFG_074,kmeans_clustering,Scenario 2,4,926,179,15.34%,142,216
CFG_074,kmeans_clustering,Scenario 2,4,926,239,7.99%,74,74
CFG_075,kmeans_clustering,Scenario 2,5,926,64,28.22%,261,926
CFG_075,kmeans_clustering,Scenario 2,5,926,94,29.07%,269,665
CFG_075,kmeans_clustering,Scenario 2,5,926,129,22.68%,210,396
CFG_075,kmeans_clustering,Scenario 2,5,926,179,12.03%,112,186
CFG_075,kmeans_clustering,Scenario 2,5,926,239,7.99%,74,74
CFG_076,kmeans_clustering,Scenario 2,6,926,54,17.68%,164,926
CFG_076,kmeans_clustering,Scenario 2,6,926,74,23.32%,216,762
CFG_076,kmeans_clustering,Scenario 2,6,926,99,19.38%,179,546
CFG_076,kmeans_clustering,Scenario 2,6,926,134,20.23%,187,367
CFG_076,kmeans_clustering,Scenario 2,6,926,184,11.50%,107,180
CFG_076,kmeans_clustering,Scenario 2,6,926,239,7.88%,73,73
CFG_077,kmeans_clustering,Scenario 2,7,926,49,11.50%,106,926
CFG_077,kmeans_clustering,Scenario 2,7,926,64,17.36%,161,820
CFG_077,kmeans_clustering,Scenario 2,7,926,79,18.42%,170,659
CFG_077,kmeans_clustering,Scenario 2,7,926,104,15.76%,146,489
CFG_077,kmeans_clustering,Scenario 2,7,926,134,18.00%,167,343
CFG_077,kmeans_clustering,Scenario 2,7,926,184,11.08%,103,176
CFG_077,kmeans_clustering,Scenario 2,7,926,239,7.88%,73,73
CFG_078,kmeans_clustering,Scenario 2,8,926,44,11.08%,102,926
CFG_078,kmeans_clustering,Scenario 2,8,926,59,15.23%,141,824
CFG_078,kmeans_clustering,Scenario 2,8,926,79,17.36%,161,683
CFG_078,kmeans_clustering,Scenario 2,8,926,99,15.76%,146,522
CFG_078,kmeans_clustering,Scenario 2,8,926,119,15.87%,147,376
CFG_078,kmeans_clustering,Scenario 2,8,926,144,9.58%,89,229
CFG_078,kmeans_clustering,Scenario 2,8,926,184,7.24%,67,140
CFG_078,kmeans_clustering,Scenario 2,8,926,239,7.88%,73,73
CFG_079,kmeans_clustering,Scenario 2,9,926,44,9.69%,90,926
CFG_079,kmeans_clustering,Scenario 2,9,926,59,11.50%,107,836
CFG_079,kmeans_clustering,Scenario 2,9,926,69,15.44%,143,729
CFG_079,kmeans_clustering,Scenario 2,9,926,84,13.42%,124,586
CFG_079,kmeans_clustering,Scenario 2,9,926,99,12.14%,112,462
CFG_079,kmeans_clustering,Scenario 2,9,926,124,14.80%,137,350
CFG_079,kmeans_clustering,Scenario 2,9,926,149,8.41%,78,213
CFG_079,kmeans_clustering,Scenario 2,9,926,189,6.82%,63,135
CFG_079,kmeans_clustering,Scenario 2,9,926,239,7.77%,72,72
CFG_080,kmeans_clustering,Scenario 2,10,926,44,9.27%,86,926
CFG_080,kmeans_clustering,Scenario 2,10,926,54,9.80%,91,840
CFG_080,kmeans_clustering,Scenario 2,10,926,64,10.33%,96,749
CFG_080,kmeans_clustering,Scenario 2,10,926,79,14.27%,132,653
CFG_080,kmeans_clustering,Scenario 2,10,926,89,12.35%,114,521
CFG_080,kmeans_clustering,Scenario 2,10,926,104,9.80%,91,407
CFG_080,kmeans_clustering,Scenario 2,10,926,124,11.93%,110,316
CFG_080,kmeans_clustering,Scenario 2,10,926,149,7.77%,72,206
CFG_080,kmeans_clustering,Scenario 2,10,926,189,6.71%,62,134
CFG_080,kmeans_clustering,Scenario 2,10,926,239,7.77%,72,72
CFG_082,kmeans_clustering,Scenario 3,2,926,114,63.58%,589,926
CFG_082,kmeans_clustering,Scenario 3,2,926,239,36.42%,337,337
CFG_083,kmeans_clustering,Scenario 3,3,926,94,49.73%,461,926
CFG_083,kmeans_clustering,Scenario 3,3,926,159,37.06%,343,465
CFG_083,kmeans_clustering,Scenario 3,3,926,239,13.21%,122,122
CFG_084,kmeans_clustering,Scenario 3,4,926,79,36.21%,335,926
CFG_084,kmeans_clustering,Scenario 3,4,926,114,27.05%,250,591
CFG_084,kmeans_clustering,Scenario 3,4,926,169,25.77%,239,341
CFG_084,kmeans_clustering,Scenario 3,4,926,239,10.97%,102,102
CFG_085,kmeans_clustering,Scenario 3,5,926,74,33.12%,307,926
CFG_085,kmeans_clustering,Scenario 3,5,926,104,23.64%,219,619
CFG_085,kmeans_clustering,Scenario 3,5,926,139,22.68%,210,400
CFG_085,kmeans_clustering,Scenario 3,5,926,184,12.14%,112,190
CFG_085,kmeans_clustering,Scenario 3,5,926,239,8.41%,78,78
CFG_086,kmeans_clustering,Scenario 3,6,926,64,16.83%,156,926
CFG_086,kmeans_clustering,Scenario 3,6,926,84,25.77%,239,770
CFG_086,kmeans_clustering,Scenario 3,6,926,114,20.13%,186,531
CFG_086,kmeans_clustering,Scenario 3,6,926,144,19.49%,180,345
CFG_086,kmeans_clustering,Scenario 3,6,926,184,9.48%,88,165
CFG_086,kmeans_clustering,Scenario 3,6,926,239,8.31%,77,77
CFG_087,kmeans_clustering,Scenario 3,7,926,59,13.21%,122,926
CFG_087,kmeans_clustering,Scenario 3,7,926,74,20.45%,189,804
CFG_087,kmeans_clustering,Scenario 3,7,926,94,15.02%,139,615
CFG_087,kmeans_clustering,Scenario 3,7,926,114,14.91%,138,476
CFG_087,kmeans_clustering,Scenario 3,7,926,144,18.64%,173,338
CFG_087,kmeans_clustering,Scenario 3,7,926,184,9.48%,88,165
CFG_087,kmeans_clustering,Scenario 3,7,926,239,8.31%,77,77
CFG_088,kmeans_clustering,Scenario 3,8,926,59,12.46%,116,926
CFG_088,kmeans_clustering,Scenario 3,8,926,69,18.32%,170,810
CFG_088,kmeans_clustering,Scenario 3,8,926,84,12.78%,118,640
CFG_088,kmeans_clustering,Scenario 3,8,926,104,12.89%,119,522
CFG_088,kmeans_clustering,Scenario 3,8,926,124,13.10%,121,403
CFG_088,kmeans_clustering,Scenario 3,8,926,149,13.42%,124,282
CFG_088,kmeans_clustering,Scenario 3,8,926,184,8.73%,81,158
CFG_088,kmeans_clustering,Scenario 3,8,926,239,8.31%,77,77
CFG_089,kmeans_clustering,Scenario 3,9,926,54,10.54%,98,926
CFG_089,kmeans_clustering,Scenario 3,9,926,64,10.86%,101,828
CFG_089,kmeans_clustering,Scenario 3,9,926,79,14.91%,138,727
CFG_089,kmeans_clustering,Scenario 3,9,926,94,13.21%,122,589
CFG_089,kmeans_clustering,Scenario 3,9,926,114,13.53%,125,467
CFG_089,kmeans_clustering,Scenario 3,9,926,134,15.23%,141,342
CFG_089,kmeans_clustering,Scenario 3,9,926,159,8.41%,78,201
CFG_089,kmeans_clustering,Scenario 3,9,926,194,5.54%,51,123
CFG_089,kmeans_clustering,Scenario 3,9,926,239,7.77%,72,72
CFG_090,kmeans_clustering,Scenario 3,10,926,54,10.12%,94,926
CFG_090,kmeans_clustering,Scenario 3,10,926,64,10.22%,94,832
CFG_090,kmeans_clustering,Scenario 3,10,926,74,13.31%,123,738
CFG_090,kmeans_clustering,Scenario 3,10,926,84,9.90%,92,615
CFG_090,kmeans_clustering,Scenario 3,10,926,99,10.33%,96,523
CFG_090,kmeans_clustering,Scenario 3,10,926,114,9.69%,90,427
CFG_090,kmeans_clustering,Scenario 3,10,926,134,14.80%,137,337
CFG_090,kmeans_clustering,Scenario 3,10,926,159,8.31%,77,200
CFG_090,kmeans_clustering,Scenario 3,10,926,194,5.54%,51,123
CFG_090,kmeans_clustering,Scenario 3,10,926,239,7.77%,72,72
CFG_092,kmeans_clustering,Scenario 4,2,926,119,58.57%,542,926
CFG_092,kmeans_clustering,Scenario 4,2,926,239,41.43%,384,384
CFG_093,kmeans_clustering,Scenario 4,3,926,104,50.37%,467,926
CFG_093,kmeans_clustering,Scenario 4,3,926,169,36.95%,342,459
CFG_093,kmeans_clustering,Scenario 4,3,926,239,12.67%,117,117
CFG_094,kmeans_clustering,Scenario 4,4,926,84,33.76%,312,926
CFG_094,kmeans_clustering,Scenario 4,4,926,124,25.45%,236,614
CFG_094,kmeans_clustering,Scenario 4,4,926,174,30.14%,279,378
CFG_094,kmeans_clustering,Scenario 4,4,926,239,10.65%,99,99
CFG_095,kmeans_clustering,Scenario 4,5,926,84,33.33%,309,926
CFG_095,kmeans_clustering,Scenario 4,5,926,114,23.00%,213,617
CFG_095,kmeans_clustering,Scenario 4,5,926,149,22.68%,210,404
CFG_095,kmeans_clustering,Scenario 4,5,926,189,11.93%,110,194
CFG_095,kmeans_clustering,Scenario 4,5,926,239,9.05%,84,84
CFG_096,kmeans_clustering,Scenario 4,6,926,69,18.53%,172,926
CFG_096,kmeans_clustering,Scenario 4,6,926,89,18.32%,170,754
CFG_096,kmeans_clustering,Scenario 4,6,926,119,20.23%,187,584
CFG_096,kmeans_clustering,Scenario 4,6,926,149,22.58%,209,397
CFG_096,kmeans_clustering,Scenario 4,6,926,189,11.29%,104,188
CFG_096,kmeans_clustering,Scenario 4,6,926,239,9.05%,84,84
CFG_097,kmeans_clustering,Scenario 4,7,926,64,14.91%,138,926
CFG_097,kmeans_clustering,Scenario 4,7,926,84,18.85%,175,788
CFG_097,kmeans_clustering,Scenario 4,7,926,104,16.61%,154,613
CFG_097,kmeans_clustering,Scenario 4,7,926,129,11.82%,109,459
CFG_097,kmeans_clustering,Scenario 4,7,926,154,20.66%,191,350
CFG_097,kmeans_clustering,Scenario 4,7,926,189,8.31%,77,159
CFG_097,kmeans_clustering,Scenario 4,7,926,239,8.84%,82,82
CFG_098,kmeans_clustering,Scenario 4,8,926,64,11.40%,106,926
CFG_098,kmeans_clustering,Scenario 4,8,926,74,16.08%,149,820
CFG_098,kmeans_clustering,Scenario 4,8,926,89,9.69%,90,671
CFG_098,kmeans_clustering,Scenario 4,8,926,109,13.84%,128,581
CFG_098,kmeans_clustering,Scenario 4,8,926,129,11.18%,103,453
CFG_098,kmeans_clustering,Scenario 4,8,926,154,20.66%,191,350
CFG_098,kmeans_clustering,Scenario 4,8,926,189,8.31%,77,159
CFG_098,kmeans_clustering,Scenario 4,8,926,239,8.84%,82,82
CFG_099,kmeans_clustering,Scenario 4,9,926,64,10.33%,96,926
CFG_099,kmeans_clustering,Scenario 4,9,926,74,16.51%,153,830
CFG_099,kmeans_clustering,Scenario 4,9,926,89,8.84%,82,677
CFG_099,kmeans_clustering,Scenario 4,9,926,104,11.71%,108,595
CFG_099,kmeans_clustering,Scenario 4,9,926,119,10.54%,98,487
CFG_099,kmeans_clustering,Scenario 4,9,926,139,13.53%,125,389
CFG_099,kmeans_clustering,Scenario 4,9,926,159,13.42%,124,264
CFG_099,kmeans_clustering,Scenario 4,9,926,189,6.28%,58,140
CFG_099,kmeans_clustering,Scenario 4,9,926,239,8.84%,82,82
CFG_100,kmeans_clustering,Scenario 4,10,926,59,8.41%,78,926
CFG_100,kmeans_clustering,Scenario 4,10,926,69,10.44%,97,848
CFG_100,kmeans_clustering,Scenario 4,10,926,79,11.61%,107,751
CFG_100,kmeans_clustering,Scenario 4,10,926,94,8.63%,80,644
CFG_100,kmeans_clustering,Scenario 4,10,926,104,11.18%,104,564
CFG_100,kmeans_clustering,Scenario 4,10,926,124,8.52%,79,460
CFG_100,kmeans_clustering,Scenario 4,10,926,139,12.67%,117,381
CFG_100,kmeans_clustering,Scenario 4,10,926,159,13.42%,124,264
CFG_100,kmeans_clustering,Scenario 4,10,926,189,6.28%,58,140
CFG_100,kmeans_clustering,Scenario 4,10,926,239,8.84%,82,82
CFG_102,kmeans_clustering,Scenario 5,2,926,129,55.06%,510,926
CFG_102,kmeans_clustering,Scenario 5,2,926,239,44.94%,416,416
CFG_103,kmeans_clustering,Scenario 5,3,926,104,41.32%,383,926
CFG_103,kmeans_clustering,Scenario 5,3,926,164,39.72%,368,543
CFG_103,kmeans_clustering,Scenario 5,3,926,239,18.96%,175,175
CFG_104,kmeans_clustering,Scenario 5,4,926,89,33.55%,310,926
CFG_104,kmeans_clustering,Scenario 5,4,926,134,24.07%,223,616
CFG_104,kmeans_clustering,Scenario 5,4,926,189,33.12%,307,393
CFG_104,kmeans_clustering,Scenario 5,4,926,239,9.27%,86,86
CFG_105,kmeans_clustering,Scenario 5,5,926,74,22.68%,210,926
CFG_105,kmeans_clustering,Scenario 5,5,926,94,12.35%,114,716
CFG_105,kmeans_clustering,Scenario 5,5,926,134,22.90%,212,602
CFG_105,kmeans_clustering,Scenario 5,5,926,189,32.80%,304,390
CFG_105,kmeans_clustering,Scenario 5,5,926,239,9.27%,86,86
CFG_106,kmeans_clustering,Scenario 5,6,926,74,22.58%,209,926
CFG_106,kmeans_clustering,Scenario 5,6,926,94,12.14%,112,717
CFG_106,kmeans_clustering,Scenario 5,6,926,129,20.66%,191,605
CFG_106,kmeans_clustering,Scenario 5,6,926,159,24.28%,225,414
CFG_106,kmeans_clustering,Scenario 5,6,926,189,11.18%,104,189
CFG_106,kmeans_clustering,Scenario 5,6,926,239,9.16%,85,85
CFG_107,kmeans_clustering,Scenario 5,7,926,74,22.58%,209,926
CFG_107,kmeans_clustering,Scenario 5,7,926,94,12.03%,111,717
CFG_107,kmeans_clustering,Scenario 5,7,926,119,19.28%,178,606
CFG_107,kmeans_clustering,Scenario 5,7,926,144,9.48%,88,428
CFG_107,kmeans_clustering,Scenario 5,7,926,164,17.57%,163,340
CFG_107,kmeans_clustering,Scenario 5,7,926,189,9.90%,92,177
CFG_107,kmeans_clustering,Scenario 5,7,926,239,9.16%,85,85
CFG_108,kmeans_clustering,Scenario 5,8,926,69,10.33%,95,926
CFG_108,kmeans_clustering,Scenario 5,8,926,79,15.34%,142,831
CFG_108,kmeans_clustering,Scenario 5,8,926,94,9.05%,84,689
CFG_108,kmeans_clustering,Scenario 5,8,926,119,19.17%,177,605
CFG_108,kmeans_clustering,Scenario 5,8,926,144,9.48%,88,428
CFG_108,kmeans_clustering,Scenario 5,8,926,164,17.57%,163,340
CFG_108,kmeans_clustering,Scenario 5,8,926,189,9.90%,92,177
CFG_108,kmeans_clustering,Scenario 5,8,926,239,9.16%,85,85
CFG_109,kmeans_clustering,Scenario 5,9,926,54,1.49%,14,926
CFG_109,kmeans_clustering,Scenario 5,9,926,74,20.77%,192,912
CFG_109,kmeans_clustering,Scenario 5,9,926,89,10.76%,99,720
CFG_109,kmeans_clustering,Scenario 5,9,926,104,7.35%,68,621
CFG_109,kmeans_clustering,Scenario 5,9,926,124,13.74%,127,553
CFG_109,kmeans_clustering,Scenario 5,9,926,144,9.27%,86,426
CFG_109,kmeans_clustering,Scenario 5,9,926,164,17.57%,163,340
CFG_109,kmeans_clustering,Scenario 5,9,926,189,9.90%,92,177
CFG_109,kmeans_clustering,Scenario 5,9,926,239,9.16%,85,85
CFG_110,kmeans_clustering,Scenario 5,10,926,54,1.49%,14,926
CFG_110,kmeans_clustering,Scenario 5,10,926,74,20.77%,192,912
CFG_110,kmeans_clustering,Scenario 5,10,926,89,10.76%,100,720
CFG_110,kmeans_clustering,Scenario 5,10,926,104,7.35%,68,620
CFG_110,kmeans_clustering,Scenario 5,10,926,119,13.53%,125,552
CFG_110,kmeans_clustering,Scenario 5,10,926,139,5.64%,52,427
CFG_110,kmeans_clustering,Scenario 5,10,926,149,9.05%,84,375
CFG_110,kmeans_clustering,Scenario 5,10,926,164,12.35%,114,291
CFG_110,kmeans_clustering,Scenario 5,10,926,189,9.90%,92,177
CFG_110,kmeans_clustering,Scenario 5,10,926,239,9.16%,85,85
CFG_112,kmeans_clustering,Scenario 6,2,926,114,52.50%,486,926
CFG_112,kmeans_clustering,Scenario 6,2,926,239,47.50%,440,440
CFG_113,kmeans_clustering,Scenario 6,3,926,94,33.87%,314,926
CFG_113,kmeans_clustering,Scenario 6,3,926,144,26.62%,246,612
CFG_113,kmeans_clustering,Scenario 6,3,926,239,39.51%,366,366
CFG_114,kmeans_clustering,Scenario 6,4,926,94,33.87%,314,926
CFG_114,kmeans_clustering,Scenario 6,4,926,129,20.66%,191,612
CFG_114,kmeans_clustering,Scenario 6,4,926,174,27.16%,251,421
CFG_114,kmeans_clustering,Scenario 6,4,926,239,18.32%,170,170
CFG_115,kmeans_clustering,Scenario 6,5,926,74,24.71%,229,926
CFG_115,kmeans_clustering,Scenario 6,5,926,94,9.16%,85,697
CFG_115,kmeans_clustering,Scenario 6,5,926,139,24.39%,226,612
CFG_115,kmeans_clustering,Scenario 6,5,926,179,25.56%,236,386
CFG_115,kmeans_clustering,Scenario 6,5,926,239,16.19%,150,150
CFG_116,kmeans_clustering,Scenario 6,6,926,74,20.66%,191,926
CFG_116,kmeans_clustering,Scenario 6,6,926,94,13.21%,122,735
CFG_116,kmeans_clustering,Scenario 6,6,926,114,18.64%,173,613
CFG_116,kmeans_clustering,Scenario 6,6,926,144,7.99%,74,440
CFG_116,kmeans_clustering,Scenario 6,6,926,179,23.32%,216,366
CFG_116,kmeans_clustering,Scenario 6,6,926,239,16.19%,150,150
CFG_117,kmeans_clustering,Scenario 6,7,926,74,20.66%,191,926
CFG_117,kmeans_clustering,Scenario 6,7,926,89,12.35%,114,735
CFG_117,kmeans_clustering,Scenario 6,7,926,109,4.37%,41,621
CFG_117,kmeans_clustering,Scenario 6,7,926,139,20.87%,193,580
CFG_117,kmeans_clustering,Scenario 6,7,926,164,19.49%,181,387
CFG_117,kmeans_clustering,Scenario 6,7,926,189,12.89%,119,206
CFG_117,kmeans_clustering,Scenario 6,7,926,239,9.37%,87,87
CFG_118,kmeans_clustering,Scenario 6,8,926,74,20.45%,189,926
CFG_118,kmeans_clustering,Scenario 6,8,926,79,4.90%,45,737
CFG_118,kmeans_clustering,Scenario 6,8,926,94,8.52%,79,692
CFG_118,kmeans_clustering,Scenario 6,8,926,114,18.64%,173,613
CFG_118,kmeans_clustering,Scenario 6,8,926,144,7.99%,74,440
CFG_118,kmeans_clustering,Scenario 6,8,926,164,17.25%,160,366
CFG_118,kmeans_clustering,Scenario 6,8,926,189,12.89%,119,206
CFG_118,kmeans_clustering,Scenario 6,8,926,239,9.37%,87,87
CFG_119,kmeans_clustering,Scenario 6,9,926,74,20.45%,189,926
CFG_119,kmeans_clustering,Scenario 6,9,926,79,4.90%,45,737
CFG_119,kmeans_clustering,Scenario 6,9,926,94,8.52%,79,692
CFG_119,kmeans_clustering,Scenario 6,9,926,109,10.54%,98,613
CFG_119,kmeans_clustering,Scenario 6,9,926,114,8.09%,75,515
CFG_119,kmeans_clustering,Scenario 6,9,926,144,7.99%,74,440
CFG_119,kmeans_clustering,Scenario 6,9,926,164,17.25%,160,366
CFG_119,kmeans_clustering,Scenario 6,9,926,189,12.89%,119,206
CFG_119,kmeans_clustering,Scenario 6,9,926,239,9.37%,87,87
CFG_120,kmeans_clustering,Scenario 6,10,926,74,20.45%,189,926
CFG_120,kmeans_clustering,Scenario 6,10,926,79,4.58%,42,737
CFG_120,kmeans_clustering,Scenario 6,10,926,89,8.09%,75,695
CFG_120,kmeans_clustering,Scenario 6,10,926,104,4.15%,39,620
CFG_120,kmeans_clustering,Scenario 6,10,926,114,15.23%,141,581
CFG_120,kmeans_clustering,Scenario 6,10,926,144,7.99%,74,440
CFG_120,kmeans_clustering,Scenario 6,10,926,154,12.46%,115,366
CFG_120,kmeans_clustering,Scenario 6,10,926,174,6.71%,62,251
CFG_120,kmeans_clustering,Scenario 6,10,926,204,11.08%,103,189
CFG_120,kmeans_clustering,Scenario 6,10,926,239,9.27%,86,86
CFG_122,quantile_binning,Scenario 1,2,926,74,49.73%,460,926
CFG_122,quantile_binning,Scenario 1,2,926,239,50.27%,466,466
CFG_123,quantile_binning,Scenario 1,3,926,59,33.44%,310,926
CFG_123,quantile_binning,Scenario 1,3,926,94,32.80%,304,616
CFG_123,quantile_binning,Scenario 1,3,926,239,33.76%,312,312
CFG_124,quantile_binning,Scenario 1,4,926,49,24.92%,231,926
CFG_124,quantile_binning,Scenario 1,4,926,74,24.81%,229,695
CFG_124,quantile_binning,Scenario 1,4,926,109,25.35%,235,466
CFG_124,quantile_binning,Scenario 1,4,926,239,24.92%,231,231
CFG_125,quantile_binning,Scenario 1,5,926,44,20.02%,185,926
CFG_125,quantile_binning,Scenario 1,5,926,64,20.02%,185,741
CFG_125,quantile_binning,Scenario 1,5,926,84,19.60%,182,556
CFG_125,quantile_binning,Scenario 1,5,926,119,20.23%,187,374
CFG_125,quantile_binning,Scenario 1,5,926,239,20.13%,187,187
CFG_126,quantile_binning,Scenario 1,6,926,39,16.83%,156,926
CFG_126,quantile_binning,Scenario 1,6,926,59,16.61%,154,770
CFG_126,quantile_binning,Scenario 1,6,926,74,16.29%,151,616
CFG_126,quantile_binning,Scenario 1,6,926,94,16.51%,153,465
CFG_126,quantile_binning,Scenario 1,6,926,129,16.61%,153,312
CFG_126,quantile_binning,Scenario 1,6,926,239,17.15%,159,159
CFG_127,quantile_binning,Scenario 1,7,926,39,14.27%,132,926
CFG_127,quantile_binning,Scenario 1,7,926,54,14.70%,136,794
CFG_127,quantile_binning,Scenario 1,7,926,64,14.48%,134,658
CFG_127,quantile_binning,Scenario 1,7,926,84,13.74%,128,524
CFG_127,quantile_binning,Scenario 1,7,926,99,13.95%,129,396
CFG_127,quantile_binning,Scenario 1,7,926,139,14.70%,136,267
CFG_127,quantile_binning,Scenario 1,7,926,239,14.16%,131,131
CFG_128,quantile_binning,Scenario 1,8,926,34,12.78%,118,926
CFG_128,quantile_binning,Scenario 1,8,926,49,12.14%,113,808
CFG_128,quantile_binning,Scenario 1,8,926,59,11.82%,110,695
CFG_128,quantile_binning,Scenario 1,8,926,74,12.99%,120,585
CFG_128,quantile_binning,Scenario 1,8,926,89,12.99%,120,465
CFG_128,quantile_binning,Scenario 1,8,926,109,12.35%,114,345
CFG_128,quantile_binning,Scenario 1,8,926,149,12.46%,116,231
CFG_128,quantile_binning,Scenario 1,8,926,239,12.46%,115,115
CFG_129,quantile_binning,Scenario 1,9,926,34,11.18%,103,926
CFG_129,quantile_binning,Scenario 1,9,926,49,11.08%,103,823
CFG_129,quantile_binning,Scenario 1,9,926,59,11.18%,103,720
CFG_129,quantile_binning,Scenario 1,9,926,69,11.40%,106,617
CFG_129,quantile_binning,Scenario 1,9,926,79,10.76%,100,511
CFG_129,quantile_binning,Scenario 1,9,926,94,10.65%,99,411
CFG_129,quantile_binning,Scenario 1,9,926,114,11.40%,105,312
CFG_129,quantile_binning,Scenario 1,9,926,149,10.97%,102,207
CFG_129,quantile_binning,Scenario 1,9,926,239,11.40%,105,105
CFG_130,quantile_binning,Scenario 1,10,926,29,9.90%,92,926
CFG_130,quantile_binning,Scenario 1,10,926,44,10.12%,94,834
CFG_130,quantile_binning,Scenario 1,10,926,54,10.01%,93,740
CFG_130,quantile_binning,Scenario 1,10,926,64,10.01%,93,647
CFG_130,quantile_binning,Scenario 1,10,926,74,9.69%,90,554
CFG_130,quantile_binning,Scenario 1,10,926,84,9.90%,91,464
CFG_130,quantile_binning,Scenario 1,10,926,99,10.33%,95,373
CFG_130,quantile_binning,Scenario 1,10,926,119,9.90%,91,278
CFG_130,quantile_binning,Scenario 1,10,926,159,10.12%,94,187
CFG_130,quantile_binning,Scenario 1,10,926,239,10.01%,93,93
CFG_132,quantile_binning,Scenario 2,2,926,84,50.05%,463,926
CFG_132,quantile_binning,Scenario 2,2,926,239,49.95%,463,463
CFG_133,quantile_binning,Scenario 2,3,926,64,33.12%,307,926
CFG_133,quantile_binning,Scenario 2,3,926,109,33.55%,311,619
CFG_133,quantile_binning,Scenario 2,3,926,239,33.33%,308,308
CFG_134,quantile_binning,Scenario 2,4,926,59,24.81%,230,926
CFG_134,quantile_binning,Scenario 2,4,926,84,25.24%,234,696
CFG_134,quantile_binning,Scenario 2,4,926,119,24.81%,230,462
CFG_134,quantile_binning,Scenario 2,4,926,239,25.13%,232,232
CFG_135,quantile_binning,Scenario 2,5,926,54,20.02%,186,926
CFG_135,quantile_binning,Scenario 2,5,926,74,20.02%,186,740
CFG_135,quantile_binning,Scenario 2,5,926,99,19.91%,184,554
CFG_135,quantile_binning,Scenario 2,5,926,129,20.02%,185,370
CFG_135,quantile_binning,Scenario 2,5,926,239,20.02%,185,185
CFG_136,quantile_binning,Scenario 2,6,926,54,16.61%,154,926
CFG_136,quantile_binning,Scenario 2,6,926,64,16.51%,153,772
CFG_136,quantile_binning,Scenario 2,6,926,84,16.93%,156,619
CFG_136,quantile_binning,Scenario 2,6,926,109,16.61%,154,463
CFG_136,quantile_binning,Scenario 2,6,926,139,16.61%,154,309
CFG_136,quantile_binning,Scenario 2,6,926,239,16.72%,155,155
CFG_137,quantile_binning,Scenario 2,7,926,49,14.27%,132,926
CFG_137,quantile_binning,Scenario 2,7,926,64,14.48%,134,794
CFG_137,quantile_binning,Scenario 2,7,926,74,14.06%,131,660
CFG_137,quantile_binning,Scenario 2,7,926,94,14.27%,132,529
CFG_137,quantile_binning,Scenario 2,7,926,114,14.38%,133,397
CFG_137,quantile_binning,Scenario 2,7,926,149,14.27%,132,264
CFG_137,quantile_binning,Scenario 2,7,926,239,14.27%,132,132
CFG_138,quantile_binning,Scenario 2,8,926,49,12.46%,116,926
CFG_138,quantile_binning,Scenario 2,8,926,59,12.35%,114,810
CFG_138,quantile_binning,Scenario 2,8,926,69,12.78%,118,696
CFG_138,quantile_binning,Scenario 2,8,926,84,12.46%,116,578
CFG_138,quantile_binning,Scenario 2,8,926,104,12.46%,116,462
CFG_138,quantile_binning,Scenario 2,8,926,119,12.35%,114,346
CFG_138,quantile_binning,Scenario 2,8,926,154,12.67%,117,232
CFG_138,quantile_binning,Scenario 2,8,926,239,12.46%,115,115
CFG_139,quantile_binning,Scenario 2,9,926,44,11.08%,103,926
CFG_139,quantile_binning,Scenario 2,9,926,59,11.18%,103,823
CFG_139,quantile_binning,Scenario 2,9,926,64,10.86%,100,720
CFG_139,quantile_binning,Scenario 2,9,926,79,11.50%,106,620
CFG_139,quantile_binning,Scenario 2,9,926,89,11.08%,103,514
CFG_139,quantile_binning,Scenario 2,9,926,109,10.97%,102,411
CFG_139,quantile_binning,Scenario 2,9,926,124,11.08%,103,309
CFG_139,quantile_binning,Scenario 2,9,926,159,11.18%,103,206
CFG_139,quantile_binning,Scenario 2,9,926,239,11.08%,103,103
CFG_140,quantile_binning,Scenario 2,10,926,44,9.69%,90,926
CFG_140,quantile_binning,Scenario 2,10,926,54,10.33%,95,836
CFG_140,quantile_binning,Scenario 2,10,926,64,9.37%,87,741
CFG_140,quantile_binning,Scenario 2,10,926,74,10.65%,98,654
CFG_140,quantile_binning,Scenario 2,10,926,84,10.01%,93,556
CFG_140,quantile_binning,Scenario 2,10,926,99,9.90%,91,463
CFG_140,quantile_binning,Scenario 2,10,926,109,10.01%,93,372
CFG_140,quantile_binning,Scenario 2,10,926,129,10.01%,93,279
CFG_140,quantile_binning,Scenario 2,10,926,164,10.01%,93,186
CFG_140,quantile_binning,Scenario 2,10,926,239,10.01%,93,93
CFG_142,quantile_binning,Scenario 3,2,926,94,49.84%,462,926
CFG_142,quantile_binning,Scenario 3,2,926,239,50.16%,464,464
CFG_143,quantile_binning,Scenario 3,3,926,74,33.23%,308,926
CFG_143,quantile_binning,Scenario 3,3,926,119,33.44%,310,618
CFG_143,quantile_binning,Scenario 3,3,926,239,33.33%,308,308
CFG_144,quantile_binning,Scenario 3,4,926,69,24.28%,225,926
CFG_144,quantile_binning,Scenario 3,4,926,94,25.56%,236,701
CFG_144,quantile_binning,Scenario 3,4,926,129,25.13%,233,465
CFG_144,quantile_binning,Scenario 3,4,926,239,25.03%,232,232
CFG_145,quantile_binning,Scenario 3,5,926,64,20.02%,186,926
CFG_145,quantile_binning,Scenario 3,5,926,84,19.91%,185,740
CFG_145,quantile_binning,Scenario 3,5,926,109,19.91%,184,555
CFG_145,quantile_binning,Scenario 3,5,926,139,20.23%,187,371
CFG_145,quantile_binning,Scenario 3,5,926,239,19.91%,184,184
CFG_146,quantile_binning,Scenario 3,6,926,59,16.51%,153,926
CFG_146,quantile_binning,Scenario 3,6,926,74,16.72%,155,773
CFG_146,quantile_binning,Scenario 3,6,926,94,16.61%,154,618
CFG_146,quantile_binning,Scenario 3,6,926,119,16.83%,156,464
CFG_146,quantile_binning,Scenario 3,6,926,149,16.40%,152,308
CFG_146,quantile_binning,Scenario 3,6,926,239,16.93%,156,156
CFG_147,quantile_binning,Scenario 3,7,926,59,14.48%,134,926
CFG_147,quantile_binning,Scenario 3,7,926,69,13.95%,130,792
CFG_147,quantile_binning,Scenario 3,7,926,84,14.48%,134,662
CFG_147,quantile_binning,Scenario 3,7,926,104,14.16%,131,528
CFG_147,quantile_binning,Scenario 3,7,926,124,14.59%,135,397
CFG_147,quantile_binning,Scenario 3,7,926,154,14.16%,131,262
CFG_147,quantile_binning,Scenario 3,7,926,239,14.16%,131,131
CFG_148,quantile_binning,Scenario 3,8,926,59,12.46%,115,926
CFG_148,quantile_binning,Scenario 3,8,926,69,11.82%,110,811
CFG_148,quantile_binning,Scenario 3,8,926,79,12.99%,120,701
CFG_148,quantile_binning,Scenario 3,8,926,94,12.57%,117,581
CFG_148,quantile_binning,Scenario 3,8,926,114,12.67%,117,464
CFG_148,quantile_binning,Scenario 3,8,926,129,12.46%,115,347
CFG_148,quantile_binning,Scenario 3,8,926,164,12.46%,115,232
CFG_148,quantile_binning,Scenario 3,8,926,239,12.57%,117,117
CFG_149,quantile_binning,Scenario 3,9,926,54,11.08%,103,926
CFG_149,quantile_binning,Scenario 3,9,926,64,10.97%,102,823
CFG_149,quantile_binning,Scenario 3,9,926,74,11.18%,103,721
CFG_149,quantile_binning,Scenario 3,9,926,89,11.29%,104,618
CFG_149,quantile_binning,Scenario 3,9,926,104,11.18%,103,514
CFG_149,quantile_binning,Scenario 3,9,926,119,10.97%,102,411
CFG_149,quantile_binning,Scenario 3,9,926,134,11.08%,103,309
CFG_149,quantile_binning,Scenario 3,9,926,169,11.18%,103,206
CFG_149,quantile_binning,Scenario 3,9,926,239,11.08%,103,103
CFG_150,quantile_binning,Scenario 3,10,926,54,9.90%,92,926
CFG_150,quantile_binning,Scenario 3,10,926,64,10.12%,94,834
CFG_150,quantile_binning,Scenario 3,10,926,69,10.12%,94,740
CFG_150,quantile_binning,Scenario 3,10,926,84,9.80%,91,646
CFG_150,quantile_binning,Scenario 3,10,926,94,9.90%,91,555
CFG_150,quantile_binning,Scenario 3,10,926,109,10.01%,93,464
CFG_150,quantile_binning,Scenario 3,10,926,124,10.01%,93,371
CFG_150,quantile_binning,Scenario 3,10,926,139,10.22%,94,278
CFG_150,quantile_binning,Scenario 3,10,926,174,9.90%,91,184
CFG_150,quantile_binning,Scenario 3,10,926,239,10.01%,93,93
CFG_152,quantile_binning,Scenario 4,2,926,104,50.05%,463,926
CFG_152,quantile_binning,Scenario 4,2,926,239,49.95%,463,463
CFG_153,quantile_binning,Scenario 4,3,926,84,33.33%,308,926
CFG_153,quantile_binning,Scenario 4,3,926,134,33.44%,310,618
CFG_153,quantile_binning,Scenario 4,3,926,239,33.23%,308,308
CFG_154,quantile_binning,Scenario 4,4,926,74,24.81%,230,926
CFG_154,quantile_binning,Scenario 4,4,926,104,25.24%,234,696
CFG_154,quantile_binning,Scenario 4,4,926,144,24.71%,229,462
CFG_154,quantile_binning,Scenario 4,4,926,239,25.24%,233,233
CFG_155,quantile_binning,Scenario 4,5,926,69,19.91%,184,926
CFG_155,quantile_binning,Scenario 4,5,926,94,20.34%,188,742
CFG_155,quantile_binning,Scenario 4,5,926,124,19.70%,183,554
CFG_155,quantile_binning,Scenario 4,5,926,149,20.02%,186,371
CFG_155,quantile_binning,Scenario 4,5,926,239,20.02%,185,185
CFG_156,quantile_binning,Scenario 4,6,926,69,16.51%,153,926
CFG_156,quantile_binning,Scenario 4,6,926,84,16.83%,156,773
CFG_156,quantile_binning,Scenario 4,6,926,104,16.72%,155,617
CFG_156,quantile_binning,Scenario 4,6,926,134,16.72%,155,462
CFG_156,quantile_binning,Scenario 4,6,926,154,16.61%,154,307
CFG_156,quantile_binning,Scenario 4,6,926,239,16.61%,153,153
CFG_157,quantile_binning,Scenario 4,7,926,64,14.27%,132,926
CFG_157,quantile_binning,Scenario 4,7,926,74,14.06%,131,794
CFG_157,quantile_binning,Scenario 4,7,926,94,14.38%,133,663
CFG_157,quantile_binning,Scenario 4,7,926,119,14.38%,133,530
CFG_157,quantile_binning,Scenario 4,7,926,139,14.38%,133,397
CFG_157,quantile_binning,Scenario 4,7,926,164,14.27%,132,264
CFG_157,quantile_binning,Scenario 4,7,926,239,14.27%,132,132
CFG_158,quantile_binning,Scenario 4,8,926,64,12.35%,114,926
CFG_158,quantile_binning,Scenario 4,8,926,74,12.46%,115,812
CFG_158,quantile_binning,Scenario 4,8,926,89,12.67%,117,697
CFG_158,quantile_binning,Scenario 4,8,926,104,12.57%,117,580
CFG_158,quantile_binning,Scenario 4,8,926,129,12.57%,117,463
CFG_158,quantile_binning,Scenario 4,8,926,144,12.14%,113,346
CFG_158,quantile_binning,Scenario 4,8,926,169,12.78%,118,233
CFG_158,quantile_binning,Scenario 4,8,926,239,12.46%,115,115
CFG_159,quantile_binning,Scenario 4,9,926,64,10.86%,101,926
CFG_159,quantile_binning,Scenario 4,9,926,69,11.93%,110,825
CFG_159,quantile_binning,Scenario 4,9,926,84,10.54%,98,715
CFG_159,quantile_binning,Scenario 4,9,926,99,11.18%,104,617
CFG_159,quantile_binning,Scenario 4,9,926,114,11.08%,103,513
CFG_159,quantile_binning,Scenario 4,9,926,134,11.18%,103,410
CFG_159,quantile_binning,Scenario 4,9,926,149,10.86%,101,307
CFG_159,quantile_binning,Scenario 4,9,926,174,11.18%,103,206
CFG_159,quantile_binning,Scenario 4,9,926,239,11.18%,103,103
CFG_160,quantile_binning,Scenario 4,10,926,64,10.01%,93,926
CFG_160,quantile_binning,Scenario 4,10,926,69,9.90%,92,833
CFG_160,quantile_binning,Scenario 4,10,926,79,10.12%,94,741
CFG_160,quantile_binning,Scenario 4,10,926,94,10.22%,94,647
CFG_160,quantile_binning,Scenario 4,10,926,104,9.80%,91,553
CFG_160,quantile_binning,Scenario 4,10,926,124,9.90%,92,462
CFG_160,quantile_binning,Scenario 4,10,926,139,10.12%,94,370
CFG_160,quantile_binning,Scenario 4,10,926,149,9.90%,91,276
CFG_160,quantile_binning,Scenario 4,10,926,179,10.12%,94,185
CFG_160,quantile_binning,Scenario 4,10,926,239,9.90%,91,91
CFG_162,quantile_binning,Scenario 5,2,926,114,49.95%,463,926
CFG_162,quantile_binning,Scenario 5,2,926,239,50.05%,463,463
CFG_163,quantile_binning,Scenario 5,3,926,89,33.23%,308,926
CFG_163,quantile_binning,Scenario 5,3,926,149,33.44%,310,618
CFG_163,quantile_binning,Scenario 5,3,926,239,33.33%,308,308
CFG_164,quantile_binning,Scenario 5,4,926,74,25.03%,232,926
CFG_164,quantile_binning,Scenario 5,4,926,114,24.92%,231,694
CFG_164,quantile_binning,Scenario 5,4,926,154,25.13%,232,463
CFG_164,quantile_binning,Scenario 5,4,926,239,24.92%,231,231
CFG_165,quantile_binning,Scenario 5,5,926,69,20.02%,186,926
CFG_165,quantile_binning,Scenario 5,5,926,104,19.91%,184,740
CFG_165,quantile_binning,Scenario 5,5,926,139,20.02%,186,556
CFG_165,quantile_binning,Scenario 5,5,926,159,20.02%,185,370
CFG_165,quantile_binning,Scenario 5,5,926,239,20.02%,185,185
CFG_166,quantile_binning,Scenario 5,6,926,69,16.19%,150,926
CFG_166,quantile_binning,Scenario 5,6,926,89,17.04%,157,776
CFG_166,quantile_binning,Scenario 5,6,926,114,16.72%,155,619
CFG_166,quantile_binning,Scenario 5,6,926,149,16.72%,155,464
CFG_166,quantile_binning,Scenario 5,6,926,169,16.72%,155,309
CFG_166,quantile_binning,Scenario 5,6,926,239,16.61%,154,154
CFG_167,quantile_binning,Scenario 5,7,926,69,13.84%,128,926
CFG_167,quantile_binning,Scenario 5,7,926,79,15.02%,139,798
CFG_167,quantile_binning,Scenario 5,7,926,109,13.84%,128,659
CFG_167,quantile_binning,Scenario 5,7,926,134,14.48%,134,531
CFG_167,quantile_binning,Scenario 5,7,926,154,14.27%,132,397
CFG_167,quantile_binning,Scenario 5,7,926,174,14.16%,131,265
CFG_167,quantile_binning,Scenario 5,7,926,239,14.38%,134,134
CFG_168,quantile_binning,Scenario 5,8,926,69,12.35%,114,926
CFG_168,quantile_binning,Scenario 5,8,926,74,12.67%,117,812
CFG_168,quantile_binning,Scenario 5,8,926,99,12.46%,116,695
CFG_168,quantile_binning,Scenario 5,8,926,114,12.46%,116,579
CFG_168,quantile_binning,Scenario 5,8,926,144,12.46%,116,463
CFG_168,quantile_binning,Scenario 5,8,926,154,12.67%,117,347
CFG_168,quantile_binning,Scenario 5,8,926,179,12.46%,115,230
CFG_168,quantile_binning,Scenario 5,8,926,239,12.46%,115,115
CFG_169,quantile_binning,Scenario 5,9,926,69,11.08%,103,926
CFG_169,quantile_binning,Scenario 5,9,926,74,11.18%,103,823
CFG_169,quantile_binning,Scenario 5,9,926,89,10.97%,102,720
CFG_169,quantile_binning,Scenario 5,9,926,109,11.29%,104,618
CFG_169,quantile_binning,Scenario 5,9,926,129,10.97%,102,514
CFG_169,quantile_binning,Scenario 5,9,926,149,11.18%,103,412
CFG_169,quantile_binning,Scenario 5,9,926,159,11.18%,103,309
CFG_169,quantile_binning,Scenario 5,9,926,184,11.08%,103,206
CFG_169,quantile_binning,Scenario 5,9,926,239,11.08%,103,103
CFG_170,quantile_binning,Scenario 5,10,926,69,9.69%,90,926
CFG_170,quantile_binning,Scenario 5,10,926,79,10.33%,95,741
CFG_170,quantile_binning,Scenario 5,10,926,104,9.90%,91,650
CFG_170,quantile_binning,Scenario 5,10,926,114,10.01%,93,557
CFG_170,quantile_binning,Scenario 5,10,926,139,10.01%,93,464
CFG_170,quantile_binning,Scenario 5,10,926,149,10.01%,93,371
CFG_170,quantile_binning,Scenario 5,10,926,159,9.80%,91,280
CFG_170,quantile_binning,Scenario 5,10,926,184,10.22%,94,186
CFG_170,quantile_binning,Scenario 5,10,926,239,10.01%,93,93
CFG_172,quantile_binning,Scenario 6,2,926,114,52.50%,486,926
CFG_172,quantile_binning,Scenario 6,2,926,239,47.50%,440,440
CFG_173,quantile_binning,Scenario 6,3,926,89,33.12%,307,926
CFG_173,quantile_binning,Scenario 6,3,926,149,28.43%,263,619
CFG_173,quantile_binning,Scenario 6,3,926,239,38.45%,356,356
CFG_174,quantile_binning,Scenario 6,4,926,79,25.03%,232,926
CFG_174,quantile_binning,Scenario 6,4,926,114,27.48%,254,694
CFG_174,quantile_binning,Scenario 6,4,926,154,20.45%,189,440
CFG_174,quantile_binning,Scenario 6,4,926,239,27.05%,251,251
CFG_175,quantile_binning,Scenario 6,5,926,69,19.91%,184,926
CFG_175,quantile_binning,Scenario 6,5,926,109,17.47%,162,742
CFG_175,quantile_binning,Scenario 6,5,926,144,23.11%,214,580
CFG_175,quantile_binning,Scenario 6,5,926,174,19.17%,178,366
CFG_175,quantile_binning,Scenario 6,5,926,239,20.34%,188,188
CFG_176,quantile_binning,Scenario 6,6,926,69,19.91%,184,926
CFG_176,quantile_binning,Scenario 6,6,926,89,13.21%,122,742
CFG_176,quantile_binning,Scenario 6,6,926,114,19.38%,180,620
CFG_176,quantile_binning,Scenario 6,6,926,149,9.05%,84,440
CFG_176,quantile_binning,Scenario 6,6,926,179,22.26%,206,356
CFG_176,quantile_binning,Scenario 6,6,926,239,16.19%,150,150
CFG_177,quantile_binning,Scenario 6,7,926,69,19.91%,184,926
CFG_177,quantile_binning,Scenario 6,7,926,79,5.43%,50,742
CFG_177,quantile_binning,Scenario 6,7,926,109,19.06%,177,692
CFG_177,quantile_binning,Scenario 6,7,926,134,13.74%,127,515
CFG_177,quantile_binning,Scenario 6,7,926,154,14.80%,137,388
CFG_177,quantile_binning,Scenario 6,7,926,179,10.86%,101,251
CFG_177,quantile_binning,Scenario 6,7,926,239,16.19%,150,150
CFG_178,quantile_binning,Scenario 6,8,926,69,19.91%,184,926
CFG_178,quantile_binning,Scenario 6,8,926,79,5.11%,47,742
CFG_178,quantile_binning,Scenario 6,8,926,109,12.35%,114,695
CFG_178,quantile_binning,Scenario 6,8,926,114,15.12%,140,581
CFG_178,quantile_binning,Scenario 6,8,926,149,9.05%,84,441
CFG_178,quantile_binning,Scenario 6,8,926,154,11.40%,106,357
CFG_178,quantile_binning,Scenario 6,8,926,184,17.57%,163,251
CFG_178,quantile_binning,Scenario 6,8,926,239,9.48%,88,88
CFG_179,quantile_binning,Scenario 6,9,926,69,3.94%,36,926
CFG_179,quantile_binning,Scenario 6,9,926,74,16.83%,156,890
CFG_179,quantile_binning,Scenario 6,9,926,89,12.35%,114,734
CFG_179,quantile_binning,Scenario 6,9,926,109,11.29%,105,620
CFG_179,quantile_binning,Scenario 6,9,926,129,10.12%,94,515
CFG_179,quantile_binning,Scenario 6,9,926,149,7.03%,65,421
CFG_179,quantile_binning,Scenario 6,9,926,164,16.19%,150,356
CFG_179,quantile_binning,Scenario 6,9,926,184,12.78%,118,206
CFG_179,quantile_binning,Scenario 6,9,926,239,9.48%,88,88
CFG_180,quantile_binning,Scenario 6,10,926,69,3.94%,37,926
CFG_180,quantile_binning,Scenario 6,10,926,79,15.97%,148,741
CFG_180,quantile_binning,Scenario 6,10,926,109,11.93%,110,631
CFG_180,quantile_binning,Scenario 6,10,926,114,5.54%,51,580
CFG_180,quantile_binning,Scenario 6,10,926,144,15.12%,140,440
CFG_180,quantile_binning,Scenario 6,10,926,154,7.99%,74,366
CFG_180,quantile_binning,Scenario 6,10,926,174,12.46%,115,251
CFG_180,quantile_binning,Scenario 6,10,926,184,6.71%,62,189
CFG_180,quantile_binning,Scenario 6,10,926,239,10.86%,101,88
