Beam_Coordinate,Rack,Column_Start,Column_End,Row,Beam_Column_Count,Grid_Count,Beam_Bottom_cm,Beam_Top_cm,Beam_Height_Range_cm
A[00-03]:02,A,00,03,02,4,4,234.00,250.00,234-250
A[04-06]:02,A,04,06,02,3,3,234.00,250.00,234-250
A[07-09]:02,A,07,09,02,3,3,234.00,250.00,234-250
A[10-12]:02,A,10,12,02,3,3,234.00,250.00,234-250
A[13-15]:02,A,13,15,02,3,3,234.00,250.00,234-250
A[00-03]:03,A,00,03,03,4,4,484.00,500.00,484-500
A[04-06]:03,A,04,06,03,3,3,484.00,500.00,484-500
A[07-09]:03,A,07,09,03,3,3,484.00,500.00,484-500
A[10-12]:03,A,10,12,03,3,3,484.00,500.00,484-500
A[13-15]:03,A,13,15,03,3,3,484.00,500.00,484-500
A[00-03]:04,A,00,03,04,4,4,594.00,610.00,594-610
A[04-06]:04,A,04,06,04,3,3,594.00,610.00,594-610
A[07-09]:04,A,07,09,04,3,3,594.00,610.00,594-610
A[10-12]:04,A,10,12,04,3,3,594.00,610.00,594-610
A[13-15]:04,A,13,15,04,3,3,594.00,610.00,594-610
B[19-20]:1b,B,19,20,1b,2,2,94.00,110.00,94-110
B[19-20]:1c,B,19,20,1c,2,2,149.00,165.00,149-165
B[00-03]:02,B,00,03,02,4,4,234.00,250.00,234-250
B[04-06]:02,B,04,06,02,3,3,234.00,250.00,234-250
B[07-09]:02,B,07,09,02,3,3,234.00,250.00,234-250
B[10-12]:02,B,10,12,02,3,3,234.00,250.00,234-250
B[13-15]:02,B,13,15,02,3,3,234.00,250.00,234-250
B[16-18]:02,B,16,18,02,3,3,234.00,250.00,234-250
B[19-21]:02,B,19,21,02,3,3,234.00,250.00,234-250
B[00-03]:03,B,00,03,03,4,4,484.00,500.00,484-500
B[04-06]:03,B,04,06,03,3,3,484.00,500.00,484-500
B[07-09]:03,B,07,09,03,3,3,484.00,500.00,484-500
B[10-12]:03,B,10,12,03,3,3,484.00,500.00,484-500
B[13-15]:03,B,13,15,03,3,3,484.00,500.00,484-500
B[16-18]:03,B,16,18,03,3,3,484.00,500.00,484-500
B[19-21]:03,B,19,21,03,3,3,484.00,500.00,484-500
B[00-03]:04,B,00,03,04,4,4,594.00,610.00,594-610
B[04-06]:04,B,04,06,04,3,3,594.00,610.00,594-610
B[07-09]:04,B,07,09,04,3,3,594.00,610.00,594-610
B[10-12]:04,B,10,12,04,3,3,594.00,610.00,594-610
B[13-15]:04,B,13,15,04,3,3,594.00,610.00,594-610
B[16-18]:04,B,16,18,04,3,3,594.00,610.00,594-610
B[19-21]:04,B,19,21,04,3,3,594.00,610.00,594-610
D[00-03]:02,D,00,03,02,4,4,69.00,85.00,69-85
D[04-06]:02,D,04,06,02,3,3,69.00,85.00,69-85
D[07-09]:02,D,07,09,02,3,3,69.00,85.00,69-85
D[10-12]:02,D,10,12,02,3,3,69.00,85.00,69-85
D[13-15]:02,D,13,15,02,3,3,69.00,85.00,69-85
D[00-03]:03,D,00,03,03,4,4,149.00,165.00,149-165
D[04-06]:03,D,04,06,03,3,3,149.00,165.00,149-165
D[07-09]:03,D,07,09,03,3,3,149.00,165.00,149-165
D[10-12]:03,D,10,12,03,3,3,149.00,165.00,149-165
D[13-15]:03,D,13,15,03,3,3,149.00,165.00,149-165
D[16-18]:03,D,16,18,03,3,3,149.00,165.00,149-165
D[19-20]:03,D,19,20,03,2,2,149.00,165.00,149-165
D[00-03]:04,D,00,03,04,4,4,229.00,245.00,229-245
D[04-06]:04,D,04,06,04,3,3,229.00,245.00,229-245
D[07-09]:04,D,07,09,04,3,3,229.00,245.00,229-245
D[10-12]:04,D,10,12,04,3,3,229.00,245.00,229-245
D[13-15]:04,D,13,15,04,3,3,229.00,245.00,229-245
D[16-18]:04,D,16,18,04,3,3,229.00,245.00,229-245
D[19-21]:04,D,19,21,04,3,3,229.00,245.00,229-245
D[00-03]:05,D,00,03,05,4,4,309.00,325.00,309-325
D[04-06]:05,D,04,06,05,3,3,309.00,325.00,309-325
D[07-09]:05,D,07,09,05,3,3,309.00,325.00,309-325
D[10-12]:05,D,10,12,05,3,3,309.00,325.00,309-325
D[13-15]:05,D,13,15,05,3,3,309.00,325.00,309-325
D[16-18]:05,D,16,18,05,3,3,309.00,325.00,309-325
D[19-21]:05,D,19,21,05,3,3,309.00,325.00,309-325
D[00-03]:06,D,00,03,06,4,4,564.00,580.00,564-580
D[04-06]:06,D,04,06,06,3,3,564.00,580.00,564-580
D[07-09]:06,D,07,09,06,3,3,564.00,580.00,564-580
D[10-12]:06,D,10,12,06,3,3,564.00,580.00,564-580
D[13-15]:06,D,13,15,06,3,3,564.00,580.00,564-580
D[16-18]:06,D,16,18,06,3,3,564.00,580.00,564-580
D[19-21]:06,D,19,21,06,3,3,564.00,580.00,564-580
E[00-03]:02,E,00,03,02,4,4,69.00,85.00,69-85
E[04-06]:02,E,04,06,02,3,3,69.00,85.00,69-85
E[07-09]:02,E,07,09,02,3,3,69.00,85.00,69-85
E[10-12]:02,E,10,12,02,3,3,69.00,85.00,69-85
E[13-15]:02,E,13,15,02,3,3,69.00,85.00,69-85
E[16-18]:02,E,16,18,02,3,3,69.00,85.00,69-85
E[19-20]:02,E,19,20,02,2,2,69.00,85.00,69-85
E[00-03]:03,E,00,03,03,4,4,149.00,165.00,149-165
E[04-06]:03,E,04,06,03,3,3,149.00,165.00,149-165
E[07-09]:03,E,07,09,03,3,3,149.00,165.00,149-165
E[10-12]:03,E,10,12,03,3,3,149.00,165.00,149-165
E[13-15]:03,E,13,15,03,3,3,149.00,165.00,149-165
E[16-18]:03,E,16,18,03,3,3,149.00,165.00,149-165
E[19-20]:03,E,19,20,03,2,2,149.00,165.00,149-165
E[00-03]:04,E,00,03,04,4,4,229.00,245.00,229-245
E[04-06]:04,E,04,06,04,3,3,229.00,245.00,229-245
E[07-09]:04,E,07,09,04,3,3,229.00,245.00,229-245
E[10-12]:04,E,10,12,04,3,3,229.00,245.00,229-245
E[13-15]:04,E,13,15,04,3,3,229.00,245.00,229-245
E[16-18]:04,E,16,18,04,3,3,229.00,245.00,229-245
E[19-21]:04,E,19,21,04,3,3,229.00,245.00,229-245
E[00-03]:05,E,00,03,05,4,4,309.00,325.00,309-325
E[04-06]:05,E,04,06,05,3,3,309.00,325.00,309-325
E[07-09]:05,E,07,09,05,3,3,309.00,325.00,309-325
E[10-12]:05,E,10,12,05,3,3,309.00,325.00,309-325
E[13-15]:05,E,13,15,05,3,3,309.00,325.00,309-325
E[16-18]:05,E,16,18,05,3,3,309.00,325.00,309-325
E[19-21]:05,E,19,21,05,3,3,309.00,325.00,309-325
E[00-03]:06,E,00,03,06,4,4,389.00,405.00,389-405
E[04-06]:06,E,04,06,06,3,3,389.00,405.00,389-405
E[07-09]:06,E,07,09,06,3,3,389.00,405.00,389-405
E[10-12]:06,E,10,12,06,3,3,389.00,405.00,389-405
E[13-15]:06,E,13,15,06,3,3,389.00,405.00,389-405
E[16-18]:06,E,16,18,06,3,3,389.00,405.00,389-405
E[19-21]:06,E,19,21,06,3,3,389.00,405.00,389-405
E[00-03]:07,E,00,03,07,4,4,574.00,590.00,574-590
E[04-06]:07,E,04,06,07,3,3,574.00,590.00,574-590
E[07-09]:07,E,07,09,07,3,3,574.00,590.00,574-590
E[10-12]:07,E,10,12,07,3,3,574.00,590.00,574-590
E[13-15]:07,E,13,15,07,3,3,574.00,590.00,574-590
E[16-18]:07,E,16,18,07,3,3,574.00,590.00,574-590
E[19-21]:07,E,19,21,07,3,3,574.00,590.00,574-590
F[00-03]:02,F,00,03,02,4,4,109.00,125.00,109-125
F[04-06]:02,F,04,06,02,3,3,109.00,125.00,109-125
F[07-09]:02,F,07,09,02,3,3,109.00,125.00,109-125
F[10-12]:02,F,10,12,02,3,3,109.00,125.00,109-125
F[13-15]:02,F,13,15,02,3,3,109.00,125.00,109-125
F[16-18]:02,F,16,18,02,3,3,109.00,125.00,109-125
F[19-20]:02,F,19,20,02,2,2,109.00,125.00,109-125
F[00-03]:03,F,00,03,03,4,4,199.00,215.00,199-215
F[04-06]:03,F,04,06,03,3,3,199.00,215.00,199-215
F[07-09]:03,F,07,09,03,3,3,199.00,215.00,199-215
F[10-12]:03,F,10,12,03,3,3,199.00,215.00,199-215
F[13-15]:03,F,13,15,03,3,3,199.00,215.00,199-215
F[16-18]:03,F,16,18,03,3,3,199.00,215.00,199-215
F[19-21]:03,F,19,21,03,3,3,229.00,245.00,229-245
F[00-03]:04,F,00,03,04,4,4,289.00,305.00,289-305
F[04-06]:04,F,04,06,04,3,3,289.00,305.00,289-305
F[07-09]:04,F,07,09,04,3,3,289.00,305.00,289-305
F[10-12]:04,F,10,12,04,3,3,289.00,305.00,289-305
F[13-15]:04,F,13,15,04,3,3,289.00,305.00,289-305
F[16-18]:04,F,16,18,04,3,3,289.00,305.00,289-305
F[19-21]:04,F,19,21,04,3,3,289.00,305.00,289-305
F[00-03]:05,F,00,03,05,4,0,369.00,385.00,369-385
F[04-06]:05,F,04,06,05,3,3,369.00,385.00,369-385
F[07-09]:05,F,07,09,05,3,3,369.00,385.00,369-385
F[10-12]:05,F,10,12,05,3,3,369.00,385.00,369-385
F[13-15]:05,F,13,15,05,3,3,369.00,385.00,369-385
F[16-18]:05,F,16,18,05,3,3,369.00,385.00,369-385
F[19-21]:05,F,19,21,05,3,3,369.00,385.00,369-385
F[00-03]:06,F,00,03,06,4,4,449.00,465.00,449-465
F[04-06]:06,F,04,06,06,3,0,449.00,465.00,449-465
F[07-09]:06,F,07,09,06,3,3,449.00,465.00,449-465
F[10-12]:06,F,10,12,06,3,3,449.00,465.00,449-465
F[13-15]:06,F,13,15,06,3,3,449.00,465.00,449-465
F[16-18]:06,F,16,18,06,3,3,449.00,465.00,449-465
F[19-21]:06,F,19,21,06,3,3,449.00,465.00,449-465
F[00-03]:07,F,00,03,07,4,4,599.00,615.00,599-615
F[04-06]:07,F,04,06,07,3,3,599.00,615.00,599-615
F[07-09]:07,F,07,09,07,3,3,599.00,615.00,599-615
F[10-12]:07,F,10,12,07,3,3,599.00,615.00,599-615
F[13-15]:07,F,13,15,07,3,3,599.00,615.00,599-615
F[16-18]:07,F,16,18,07,3,3,599.00,615.00,599-615
F[19-21]:07,F,19,21,07,3,3,599.00,615.00,599-615
G[00-03]:02,G,00,03,02,4,4,109.00,125.00,109-125
G[04-06]:02,G,04,06,02,3,3,109.00,125.00,109-125
G[07-09]:02,G,07,09,02,3,3,109.00,125.00,109-125
G[10-12]:02,G,10,12,02,3,3,109.00,125.00,109-125
G[13-15]:02,G,13,15,02,3,3,109.00,125.00,109-125
G[16-18]:02,G,16,18,02,3,3,109.00,125.00,109-125
G[19-20]:02,G,19,20,02,2,2,109.00,125.00,109-125
G[00-03]:03,G,00,03,03,4,4,199.00,215.00,199-215
G[04-06]:03,G,04,06,03,3,3,199.00,215.00,199-215
G[07-09]:03,G,07,09,03,3,3,199.00,215.00,199-215
G[10-12]:03,G,10,12,03,3,3,199.00,215.00,199-215
G[13-15]:03,G,13,15,03,3,3,199.00,215.00,199-215
G[16-18]:03,G,16,18,03,3,3,199.00,215.00,199-215
G[19-21]:03,G,19,21,03,3,3,229.00,245.00,229-245
G[00-03]:04,G,00,03,04,4,4,289.00,305.00,289-305
G[04-06]:04,G,04,06,04,3,3,289.00,305.00,289-305
G[07-09]:04,G,07,09,04,3,3,289.00,305.00,289-305
G[10-12]:04,G,10,12,04,3,3,289.00,305.00,289-305
G[13-15]:04,G,13,15,04,3,3,289.00,305.00,289-305
G[16-18]:04,G,16,18,04,3,3,289.00,305.00,289-305
G[19-21]:04,G,19,21,04,3,3,289.00,305.00,289-305
G[00-03]:05,G,00,03,05,4,4,429.00,445.00,429-445
G[04-06]:05,G,04,06,05,3,3,429.00,445.00,429-445
G[07-09]:05,G,07,09,05,3,3,429.00,445.00,429-445
G[10-12]:05,G,10,12,05,3,3,429.00,445.00,429-445
G[13-15]:05,G,13,15,05,3,3,429.00,445.00,429-445
G[16-18]:05,G,16,18,05,3,3,429.00,445.00,429-445
G[19-21]:05,G,19,21,05,3,3,429.00,445.00,429-445
G[00-03]:06,G,00,03,06,4,4,589.00,605.00,589-605
G[04-06]:06,G,04,06,06,3,3,589.00,605.00,589-605
G[07-09]:06,G,07,09,06,3,3,589.00,605.00,589-605
G[10-12]:06,G,10,12,06,3,3,589.00,605.00,589-605
G[13-15]:06,G,13,15,06,3,3,589.00,605.00,589-605
G[16-18]:06,G,16,18,06,3,3,589.00,605.00,589-605
G[19-21]:06,G,19,21,06,3,3,589.00,605.00,589-605
H[00-03]:02,H,00,03,02,4,4,104.00,120.00,104-120
H[04-06]:02,H,04,06,02,3,3,104.00,120.00,104-120
H[07-09]:02,H,07,09,02,3,3,104.00,120.00,104-120
H[10-12]:02,H,10,12,02,3,3,104.00,120.00,104-120
H[13-15]:02,H,13,15,02,3,3,104.00,120.00,104-120
H[16-18]:02,H,16,18,02,3,3,104.00,120.00,104-120
H[19-20]:02,H,19,20,02,2,2,104.00,120.00,104-120
H[00-03]:03,H,00,03,03,4,4,229.00,245.00,229-245
H[04-06]:03,H,04,06,03,3,3,229.00,245.00,229-245
H[07-09]:03,H,07,09,03,3,3,229.00,245.00,229-245
H[10-12]:03,H,10,12,03,3,3,229.00,245.00,229-245
H[13-15]:03,H,13,15,03,3,3,229.00,245.00,229-245
H[16-18]:03,H,16,18,03,3,3,229.00,245.00,229-245
H[19-21]:03,H,19,21,03,3,3,229.00,245.00,229-245
H[00-03]:04,H,00,03,04,4,4,424.00,440.00,424-440
H[04-06]:04,H,04,06,04,3,3,424.00,440.00,424-440
H[07-09]:04,H,07,09,04,3,3,424.00,440.00,424-440
H[10-12]:04,H,10,12,04,3,3,424.00,440.00,424-440
H[13-15]:04,H,13,15,04,3,3,424.00,440.00,424-440
H[16-18]:04,H,16,18,04,3,3,424.00,440.00,424-440
H[19-21]:04,H,19,21,04,3,3,424.00,440.00,424-440
H[00-03]:05,H,00,03,05,4,4,589.00,605.00,589-605
H[04-06]:05,H,04,06,05,3,3,589.00,605.00,589-605
H[07-09]:05,H,07,09,05,3,3,589.00,605.00,589-605
H[10-12]:05,H,10,12,05,3,3,589.00,605.00,589-605
H[13-15]:05,H,13,15,05,3,3,589.00,605.00,589-605
H[16-18]:05,H,16,18,05,3,3,589.00,605.00,589-605
H[19-21]:05,H,19,21,05,3,3,589.00,605.00,589-605
I[00-03]:02,I,00,03,02,4,4,104.00,120.00,104-120
I[04-06]:02,I,04,06,02,3,3,104.00,120.00,104-120
I[07-09]:02,I,07,09,02,3,3,104.00,120.00,104-120
I[10-12]:02,I,10,12,02,3,3,104.00,120.00,104-120
I[13-15]:02,I,13,15,02,3,3,104.00,120.00,104-120
I[16-18]:02,I,16,18,02,3,3,104.00,120.00,104-120
I[19-20]:02,I,19,20,02,2,2,104.00,120.00,104-120
I[00-03]:03,I,00,03,03,4,4,229.00,245.00,229-245
I[04-06]:03,I,04,06,03,3,3,229.00,245.00,229-245
I[07-09]:03,I,07,09,03,3,3,229.00,245.00,229-245
I[10-12]:03,I,10,12,03,3,3,229.00,245.00,229-245
I[13-15]:03,I,13,15,03,3,3,229.00,245.00,229-245
I[16-18]:03,I,16,18,03,3,3,229.00,245.00,229-245
I[19-21]:03,I,19,21,03,3,3,229.00,245.00,229-245
I[00-03]:04,I,00,03,04,4,4,424.00,440.00,424-440
I[04-06]:04,I,04,06,04,3,3,424.00,440.00,424-440
I[07-09]:04,I,07,09,04,3,3,424.00,440.00,424-440
I[10-12]:04,I,10,12,04,3,3,424.00,440.00,424-440
I[13-15]:04,I,13,15,04,3,3,424.00,440.00,424-440
I[16-18]:04,I,16,18,04,3,3,424.00,440.00,424-440
I[19-21]:04,I,19,21,04,3,3,424.00,440.00,424-440
I[00-03]:05,I,00,03,05,4,4,589.00,605.00,589-605
I[04-06]:05,I,04,06,05,3,3,589.00,605.00,589-605
I[07-09]:05,I,07,09,05,3,3,589.00,605.00,589-605
I[10-12]:05,I,10,12,05,3,3,589.00,605.00,589-605
I[13-15]:05,I,13,15,05,3,3,589.00,605.00,589-605
I[16-18]:05,I,16,18,05,3,3,589.00,605.00,589-605
I[19-21]:05,I,19,21,05,3,3,589.00,605.00,589-605
J[00-03]:1b,J,00,03,1b,4,4,94.00,110.00,94-110
J[00-03]:02,J,00,03,02,4,4,149.00,165.00,149-165
J[04-06]:02,J,04,06,02,3,3,149.00,165.00,149-165
J[07-09]:02,J,07,09,02,3,3,149.00,165.00,149-165
J[10-12]:02,J,10,12,02,3,3,104.00,120.00,104-120
J[13-15]:02,J,13,15,02,3,3,104.00,120.00,104-120
J[16-18]:02,J,16,18,02,3,3,104.00,120.00,104-120
J[19-20]:02,J,19,20,02,2,2,104.00,120.00,104-120
J[00-03]:03,J,00,03,03,4,4,224.00,240.00,224-240
J[04-06]:03,J,04,06,03,3,3,224.00,240.00,224-240
J[07-09]:03,J,07,09,03,3,3,224.00,240.00,224-240
J[10-12]:03,J,10,12,03,3,3,224.00,240.00,224-240
J[13-15]:03,J,13,15,03,3,3,224.00,240.00,224-240
J[16-18]:03,J,16,18,03,3,3,224.00,240.00,224-240
J[19-21]:03,J,19,21,03,3,3,224.00,240.00,224-240
J[00-03]:04,J,00,03,04,4,4,419.00,435.00,419-435
J[04-06]:04,J,04,06,04,3,3,419.00,435.00,419-435
J[07-09]:04,J,07,09,04,3,3,419.00,435.00,419-435
J[10-12]:04,J,10,12,04,3,3,419.00,435.00,419-435
J[13-15]:04,J,13,15,04,3,3,419.00,435.00,419-435
J[16-18]:04,J,16,18,04,3,3,419.00,435.00,419-435
J[19-21]:04,J,19,21,04,3,3,419.00,435.00,419-435
J[00-03]:05,J,00,03,05,4,4,584.00,600.00,584-600
J[04-06]:05,J,04,06,05,3,3,584.00,600.00,584-600
J[07-09]:05,J,07,09,05,3,3,584.00,600.00,584-600
J[10-12]:05,J,10,12,05,3,3,584.00,600.00,584-600
J[13-15]:05,J,13,15,05,3,3,584.00,600.00,584-600
J[16-18]:05,J,16,18,05,3,3,584.00,600.00,584-600
J[19-21]:05,J,19,21,05,3,3,584.00,600.00,584-600
K[04-06]:02,K,04,06,02,3,3,104.00,120.00,104-120
K[00-03]:2a,K,00,03,2a,4,4,64.00,80.00,64-80
K[07-09]:2a,K,07,09,2a,3,2,64.00,80.00,64-80
K[10-12]:2a,K,10,12,2a,3,3,64.00,80.00,64-80
K[13-15]:2a,K,13,15,2a,3,3,84.00,100.00,84-100
K[16-18]:2a,K,16,18,2a,3,3,84.00,100.00,84-100
K[00-03]:2b,K,00,03,2b,4,4,149.00,165.00,149-165
K[07-09]:2b,K,07,09,2b,3,3,149.00,165.00,149-165
K[10-12]:2b,K,10,12,2b,3,3,149.00,165.00,149-165
K[13-15]:2b,K,13,15,2b,3,3,149.00,165.00,149-165
K[16-18]:2b,K,16,18,2b,3,3,149.00,165.00,149-165
K[00-03]:03,K,00,03,03,4,4,224.00,240.00,224-240
K[04-06]:03,K,04,06,03,3,3,224.00,240.00,224-240
K[07-09]:03,K,07,09,03,3,3,224.00,240.00,224-240
K[10-12]:03,K,10,12,03,3,3,224.00,240.00,224-240
K[13-15]:03,K,13,15,03,3,3,224.00,240.00,224-240
K[16-18]:03,K,16,18,03,3,3,224.00,240.00,224-240
K[19-21]:03,K,19,21,03,3,3,224.00,240.00,224-240
K[00-03]:04,K,00,03,04,4,4,419.00,435.00,419-435
K[04-06]:04,K,04,06,04,3,3,419.00,435.00,419-435
K[07-09]:04,K,07,09,04,3,3,419.00,435.00,419-435
K[10-12]:04,K,10,12,04,3,3,419.00,435.00,419-435
K[13-15]:04,K,13,15,04,3,3,419.00,435.00,419-435
K[16-18]:04,K,16,18,04,3,3,419.00,435.00,419-435
K[19-21]:04,K,19,21,04,3,3,419.00,435.00,419-435
K[00-03]:05,K,00,03,05,4,4,584.00,600.00,584-600
K[04-06]:05,K,04,06,05,3,3,584.00,600.00,584-600
K[07-09]:05,K,07,09,05,3,3,584.00,600.00,584-600
K[10-12]:05,K,10,12,05,3,3,584.00,600.00,584-600
K[13-15]:05,K,13,15,05,3,3,584.00,600.00,584-600
K[16-18]:05,K,16,18,05,3,3,584.00,600.00,584-600
K[19-21]:05,K,19,21,05,3,3,584.00,600.00,584-600
