Location,Rack,Column,Row,Location Type,Status Initial,Location height,Item height,Beam type,Beam column count,Status 7-7,Status 4-8,Status 11-8,Status 19-8,Delta
A0001,A,00,01,A-stelling,Occupied,234,95,Large,4,Occupied,Empty,Occupied,Occupied,139
A0101,A,01,01,A-stelling,Occupied,234,192,Large,4,Occupied,Occupied,Occupied,Occupied,42
A0201,A,02,01,A-stelling,Occupied,234,197,Large,4,Occupied,Occupied,Occupied,Occupied,37
A0301,A,03,01,A-stelling,Occupied,234,197,Large,4,Occupied,Occupied,Occupied,Occupied,37
A0401,A,04,01,A-stelling,Occupied,234,200,Medium,3,Occupied,Occupied,Occupied,Occupied,34
A0501,A,05,01,A-stelling,Empty,234,0,Medium,3,Occupied,Occupied,Occupied,Occupied,234
A0601,A,06,01,Cabinet Frame,Occupied,234,197,Medium,3,Occupied,Occupied,Occupied,Occupied,37
A0701,A,07,01,Pallet,Occupied,234,222,Medium,3,Occupied,Occupied,Occupied,Empty,12
A0801,A,08,01,Pallet,Occupied,234,229,Medium,3,Occupied,Occupied,Occupied,Occupied,5
A0901,A,09,01,Cabinet Frame,Occupied,234,200,Medium,3,Occupied,Occupied,Occupied,Occupied,34
A1001,A,10,01,A-stelling,Occupied,234,229,Medium,3,Occupied,Occupied,Occupied,Occupied,5
A1101,A,11,01,A-stelling,Occupied,234,229,Medium,3,Occupied,Occupied,Occupied,Occupied,5
A1201,A,12,01,Cabinet Frame,Occupied,234,200,Medium,3,Empty,Occupied,Occupied,Occupied,34
A1301,A,13,01,Pallet,Occupied,234,132,Medium,3,Occupied,Occupied,Occupied,Occupied,102
A1401,A,14,01,Pallet,Occupied,234,143,Medium,3,Occupied,Occupied,Occupied,Occupied,91
A1501,A,15,01,Pallet,Occupied,234,161,Medium,3,Occupied,Occupied,Occupied,Occupied,73
A0002,A,00,02,Cabinet Frame,Occupied,234,197,Large,4,Occupied,Occupied,Occupied,Empty,37
A0102,A,01,02,Cabinet Frame,Occupied,234,197,Large,4,Occupied,Occupied,Occupied,Empty,37
A0202,A,02,02,Cabinet Frame,Occupied,234,197,Large,4,Occupied,Occupied,Occupied,Occupied,37
A0302,A,03,02,Cabinet Frame,Occupied,234,197,Large,4,Occupied,Occupied,Occupied,Occupied,37
A0402,A,04,02,Cabinet Frame,Occupied,234,197,Medium,3,Occupied,Occupied,Occupied,Occupied,37
A0502,A,05,02,Cabinet Frame,Occupied,234,197,Medium,3,Occupied,Occupied,Occupied,Occupied,37
A0602,A,06,02,Cabinet Frame,Occupied,234,197,Medium,3,Occupied,Occupied,Occupied,Occupied,37
A0702,A,07,02,Cabinet Frame,Empty,234,197,Medium,3,Occupied,Occupied,Occupied,Occupied,37
A0802,A,08,02,Cabinet Frame,Occupied,234,197,Medium,3,Occupied,Empty,Occupied,Occupied,37
A0902,A,09,02,Cabinet Frame,Occupied,234,197,Medium,3,Occupied,Empty,Occupied,Occupied,37
A1002,A,10,02,Cabinet Frame,Occupied,234,197,Medium,3,Occupied,Occupied,Occupied,Occupied,37
A1102,A,11,02,Cabinet Frame,Occupied,234,197,Medium,3,Occupied,Empty,Occupied,Occupied,37
A1202,A,12,02,Pallet,Occupied,234,197,Medium,3,Occupied,Occupied,Occupied,Occupied,37
A1302,A,13,02,Pallet,Occupied,234,88,Medium,3,Occupied,Occupied,Occupied,Occupied,146
A1402,A,14,02,Pallet,Occupied,234,109,Medium,3,Occupied,Occupied,Occupied,Occupied,125
A1502,A,15,02,Pallet,Empty,234,0,Medium,3,Occupied,Empty,Occupied,Empty,234
A0003,A,00,03,Pallet,Occupied,94,88,Large,4,Empty,Occupied,Occupied,Occupied,6
A0103,A,01,03,Pallet,Occupied,94,88,Large,4,Empty,Occupied,Occupied,Occupied,6
A0203,A,02,03,Pallet,Occupied,94,88,Large,4,Empty,Occupied,Occupied,Occupied,6
A0303,A,03,03,Pallet,Occupied,94,67,Large,4,Occupied,Occupied,Occupied,Occupied,27
A0403,A,04,03,Pallet,Occupied,94,65,Medium,3,Occupied,Occupied,Occupied,Occupied,29
A0503,A,05,03,Pallet,Occupied,94,26,Medium,3,Occupied,Occupied,Occupied,Occupied,68
A0603,A,06,03,Pallet,Occupied,94,48,Medium,3,Occupied,Occupied,Empty,Occupied,46
A0703,A,07,03,Pallet,Occupied,94,38,Medium,3,Occupied,Empty,Occupied,Occupied,56
A0803,A,08,03,Pallet,Occupied,94,0,Medium,3,Occupied,Occupied,Occupied,Occupied,94
A0903,A,09,03,Pallet,Occupied,94,29,Medium,3,Occupied,Occupied,Occupied,Occupied,65
A1003,A,10,03,Pallet,Occupied,94,81,Medium,3,Occupied,Occupied,Occupied,Occupied,13
A1103,A,11,03,Pallet,Occupied,94,69,Medium,3,Occupied,Occupied,Occupied,Occupied,25
A1203,A,12,03,Pallet,Empty,94,15,Medium,3,Occupied,Occupied,Empty,Occupied,79
A1303,A,13,03,Pallet,Occupied,94,73,Medium,3,Occupied,Occupied,Occupied,Occupied,21
A1403,A,14,03,Pallet,Occupied,94,68,Medium,3,Occupied,Occupied,Occupied,Occupied,26
A1503,A,15,03,Pallet,Occupied,94,0,Medium,3,Occupied,Occupied,Occupied,Occupied,94
A0004,A,00,04,Pallet,Occupied,129,88,Large,4,Empty,Empty,Empty,Empty,41
A0104,A,01,04,Pallet,Occupied,129,88,Large,4,Empty,Empty,Empty,Empty,41
A0204,A,02,04,Pallet,Occupied,129,88,Large,4,Empty,Empty,Empty,Empty,41
A0304,A,03,04,Pallet,Occupied,129,116,Large,4,Occupied,Empty,Empty,Empty,13
A0404,A,04,04,Pallet,Occupied,129,81,Medium,3,Occupied,Occupied,Occupied,Empty,48
A0504,A,05,04,Pallet,Occupied,129,81,Medium,3,Occupied,Occupied,Occupied,Occupied,48
A0604,A,06,04,Pallet,Occupied,129,102,Medium,3,Occupied,Empty,Empty,Empty,27
A0704,A,07,04,Pallet,Empty,129,81,Medium,3,Occupied,Occupied,Occupied,Occupied,48
A0804,A,08,04,Pallet,Occupied,129,62,Medium,3,Occupied,Occupied,Occupied,Occupied,67
A0904,A,09,04,Pallet,Empty,129,71,Medium,3,Occupied,Empty,Empty,Empty,58
A1004,A,10,04,Pallet,Occupied,129,16,Medium,3,Occupied,Occupied,Occupied,Occupied,113
A1104,A,11,04,Pallet,Occupied,129,16,Medium,3,Occupied,Occupied,Occupied,Occupied,113
A1204,A,12,04,Pallet,Occupied,129,91,Medium,3,Occupied,Occupied,Occupied,Occupied,38
A1304,A,13,04,Pallet,Occupied,129,96,Medium,3,Occupied,Occupied,Occupied,Occupied,33
A1404,A,14,04,Pallet,Occupied,129,15,Medium,3,Occupied,Occupied,Occupied,Occupied,114
A1504,A,15,04,Pallet,Occupied,129,53,Medium,3,Occupied,Occupied,Occupied,Occupied,76
B0001,B,00,01,A-stelling,Occupied,234,229,Large,4,Occupied,Occupied,Occupied,Occupied,5
B0101,B,01,01,A-stelling,Occupied,234,229,Large,4,Occupied,Occupied,Occupied,Occupied,5
B0201,B,02,01,A-stelling,Occupied,234,197,Large,4,Occupied,Occupied,Occupied,Empty,37
B0301,B,03,01,Cabinet Frame,Occupied,234,229,Large,4,Occupied,Occupied,Occupied,Occupied,5
B0401,B,04,01,Cabinet Frame,Occupied,234,197,Medium,3,Empty,Occupied,Occupied,Occupied,37
B0501,B,05,01,Cabinet Frame,Empty,234,197,Medium,3,Empty,Occupied,Occupied,Occupied,37
B0601,B,06,01,A-stelling,Empty,234,197,Medium,3,Occupied,Occupied,Occupied,Occupied,37
B0701,B,07,01,A-stelling,Empty,234,196,Medium,3,Occupied,Occupied,Occupied,Occupied,38
B0801,B,08,01,A-stelling,Empty,234,229,Medium,3,Empty,Occupied,Occupied,Occupied,5
B0901,B,09,01,Pallet,Occupied,234,120,Medium,3,Occupied,Occupied,Occupied,Occupied,114
B1001,B,10,01,A-stelling,Occupied,234,202,Medium,3,Occupied,Occupied,Occupied,Occupied,32
B1101,B,11,01,Cabinet Frame,Empty,234,0,Medium,3,Empty,Empty,Empty,Empty,234
B1201,B,12,01,Pallet,Occupied,234,172,Medium,3,Occupied,Occupied,Occupied,Occupied,62
B1301,B,13,01,Pallet,Occupied,234,175,Medium,3,Occupied,Occupied,Occupied,Occupied,59
B1401,B,14,01,Pallet,Occupied,234,117,Medium,3,Occupied,Occupied,Occupied,Occupied,117
B1501,B,15,01,Pallet,Occupied,234,200,Medium,3,Occupied,Occupied,Occupied,Occupied,34
B1601,B,16,01,Pallet,Occupied,234,71,Medium,3,Occupied,Occupied,Occupied,Occupied,163
B1701,B,17,01,Pallet,Occupied,234,139,Medium,3,Occupied,Occupied,Occupied,Occupied,95
B1801,B,18,01,Pallet,Occupied,234,114,Medium,3,Empty,Empty,Empty,Occupied,120
B2101,B,21,01,Doorgang,,234,,,,,,,,
B0002,B,00,02,Cabinet Frame,Occupied,234,196,Large,4,Occupied,Occupied,Occupied,Occupied,38
B0102,B,01,02,Cabinet Frame,Occupied,234,196,Large,4,Occupied,Empty,Empty,Empty,38
B0202,B,02,02,Cabinet Frame,Occupied,234,196,Large,4,Occupied,Empty,Empty,Empty,38
B0302,B,03,02,Cabinet Frame,Occupied,234,196,Large,4,Occupied,Occupied,Occupied,Occupied,38
B0402,B,04,02,Cabinet Frame,Empty,234,196,Medium,3,Empty,Empty,Occupied,Occupied,38
B0502,B,05,02,Cabinet Frame,Empty,234,196,Medium,3,Empty,Empty,Empty,Empty,38
B0602,B,06,02,Pallet,Empty,234,196,Medium,3,Occupied,Occupied,Occupied,Occupied,38
B0702,B,07,02,Pallet,Occupied,234,160,Medium,3,Occupied,Occupied,Occupied,Occupied,74
B0802,B,08,02,Pallet,Occupied,234,160,Medium,3,Occupied,Occupied,Occupied,Occupied,74
B0902,B,09,02,Pallet,Occupied,234,160,Medium,3,Occupied,Occupied,Occupied,Occupied,74
B1002,B,10,02,Cabinet Frame,Empty,234,160,Medium,3,Occupied,Empty,Empty,Empty,74
B1102,B,11,02,Cabinet Frame,Empty,234,160,Medium,3,Empty,Empty,Empty,Empty,74
B1202,B,12,02,Pallet,Empty,234,130,Medium,3,Occupied,Occupied,Occupied,Occupied,104
B1302,B,13,02,Pallet,Occupied,234,0,Medium,3,Empty,Occupied,Occupied,Empty,234
B1402,B,14,02,Pallet,Occupied,234,218,Medium,3,Occupied,Occupied,Occupied,Occupied,16
B1502,B,15,02,Pallet,Occupied,234,218,Medium,3,Empty,Empty,Empty,Empty,16
B1602,B,16,02,Pallet,Occupied,234,198,Medium,3,Occupied,Occupied,Occupied,Occupied,36
B1702,B,17,02,Pallet,Occupied,234,196,Medium,3,Occupied,Empty,Empty,Empty,38
B1802,B,18,02,Pallet,Occupied,234,199,Medium,3,Occupied,Occupied,Occupied,Occupied,35
B1902,B,19,02,Pallet,Occupied,234,141,Medium,3,Occupied,Occupied,Occupied,Occupied,93
B2002,B,20,02,Pallet,Occupied,234,141,Medium,3,Occupied,Occupied,Occupied,Occupied,93
B2102,B,21,02,Pallet,Empty,234,0,Medium,3,Empty,Empty,Empty,Empty,234
B0003,B,00,03,Pallet,Occupied,94,0,Large,4,Empty,Empty,Empty,Empty,94
B0103,B,01,03,Pallet,Empty,94,0,Large,4,Empty,Empty,Empty,Empty,94
B0203,B,02,03,Pallet,Empty,94,0,Large,4,Empty,Empty,Empty,Empty,94
B0303,B,03,03,Pallet,Occupied,94,90,Large,4,Occupied,Occupied,Occupied,Occupied,4
B0403,B,04,03,Pallet,Occupied,94,33,Medium,3,Occupied,Occupied,Occupied,Occupied,61
B0503,B,05,03,Pallet,Empty,94,65,Medium,3,Occupied,Occupied,Occupied,Occupied,29
B0603,B,06,03,Pallet,Occupied,94,49,Medium,3,Occupied,Occupied,Occupied,Occupied,45
B0703,B,07,03,Pallet,Occupied,94,28,Medium,3,Occupied,Occupied,Occupied,Occupied,66
B0803,B,08,03,Pallet,Occupied,94,62,Medium,3,Occupied,Occupied,Occupied,Occupied,32
B0903,B,09,03,Pallet,Occupied,94,48,Medium,3,Occupied,Occupied,Occupied,Occupied,46
B1003,B,10,03,Pallet,Occupied,94,47,Medium,3,Occupied,Occupied,Occupied,Occupied,47
B1103,B,11,03,Pallet,Occupied,94,39,Medium,3,Occupied,Occupied,Occupied,Occupied,55
B1203,B,12,03,Pallet,Occupied,94,27,Medium,3,Occupied,Occupied,Occupied,Occupied,67
B1303,B,13,03,Pallet,Occupied,94,76,Medium,3,Occupied,Occupied,Occupied,Occupied,18
B1403,B,14,03,Pallet,Occupied,94,38,Medium,3,Occupied,Occupied,Occupied,Occupied,56
B1503,B,15,03,Pallet,Empty,94,12,Medium,3,Occupied,Occupied,Occupied,Occupied,82
B1603,B,16,03,Pallet,Empty,94,0,Medium,3,Empty,Empty,Empty,Occupied,94
B1703,B,17,03,Pallet,Empty,94,0,Medium,3,Empty,Empty,Empty,Occupied,94
B1803,B,18,03,Pallet,Empty,94,0,Medium,3,Empty,Empty,Empty,Occupied,94
B1903,B,19,03,Pallet,Empty,94,0,Medium,3,Empty,Empty,Empty,Empty,94
B2003,B,20,03,Pallet,Empty,94,0,Medium,3,Empty,Empty,Empty,Empty,94
B2103,B,21,03,Pallet,Empty,94,0,Medium,3,Empty,Empty,Empty,Empty,94
B0004,B,00,04,Pallet,Occupied,129,102,Large,4,Occupied,Occupied,Empty,Occupied,27
B0104,B,01,04,Pallet,Occupied,129,102,Large,4,Empty,Empty,Empty,Empty,27
B0204,B,02,04,Pallet,Occupied,129,110,Large,4,Empty,Empty,Empty,Empty,19
B0304,B,03,04,Pallet,Occupied,129,125,Large,4,Occupied,Empty,Occupied,Empty,4
B0404,B,04,04,Pallet,Occupied,129,76,Medium,3,Occupied,Occupied,Empty,Occupied,53
B0504,B,05,04,Pallet,Occupied,129,73,Medium,3,Occupied,Occupied,Occupied,Empty,56
B0604,B,06,04,Pallet,Empty,129,84,Medium,3,Occupied,Occupied,Occupied,Occupied,45
B0704,B,07,04,Pallet,Occupied,129,72,Medium,3,Occupied,Occupied,Occupied,Occupied,57
B0804,B,08,04,Pallet,Occupied,129,76,Medium,3,Occupied,Occupied,Occupied,Occupied,53
B0904,B,09,04,Pallet,Occupied,129,76,Medium,3,Occupied,Occupied,Occupied,Occupied,53
B1004,B,10,04,Pallet,Occupied,129,55,Medium,3,Occupied,Occupied,Occupied,Occupied,74
B1104,B,11,04,Pallet,Occupied,129,106,Medium,3,Empty,Empty,Empty,Empty,23
B1204,B,12,04,Pallet,Occupied,129,120,Medium,3,Empty,Empty,Empty,Occupied,9
B1304,B,13,04,Pallet,Occupied,129,55,Medium,3,Occupied,Occupied,Occupied,Occupied,74
B1404,B,14,04,Pallet,Occupied,129,76,Medium,3,Occupied,Occupied,Occupied,Occupied,53
B1504,B,15,04,Pallet,Occupied,129,46,Medium,3,Occupied,Occupied,Occupied,Occupied,83
B1604,B,16,04,Pallet,Occupied,129,44,Medium,3,Occupied,Occupied,Occupied,Occupied,85
B1704,B,17,04,Pallet,Occupied,129,44,Medium,3,Occupied,Occupied,Occupied,Occupied,85
B1804,B,18,04,Pallet,Occupied,129,44,Medium,3,Occupied,Occupied,Occupied,Occupied,85
B1904,B,19,04,Pallet,Empty,129,0,Medium,3,Empty,Empty,Empty,Empty,129
B2004,B,20,04,Pallet,Empty,129,0,Medium,3,Empty,Empty,Empty,Empty,129
B2104,B,21,04,Pallet,Empty,129,0,Medium,3,Empty,Empty,Empty,Empty,129
B1901a,B,19,1a,Pallet,Occupied,94,55,Small,2,Occupied,Occupied,Occupied,Occupied,39
B2001a,B,20,1a,Pallet,Occupied,94,25,Small,2,Occupied,Occupied,Occupied,Occupied,69
B1901b,B,19,1b,Legbord,Occupied,39,10,Small,2,Occupied,Occupied,Occupied,Occupied,29
B2001b,B,20,1b,Legbord,Occupied,39,23,Small,2,Occupied,Occupied,Occupied,Occupied,16
B1901c,B,19,1c,Legbord,Occupied,69,65,Small,2,Occupied,Occupied,Occupied,Occupied,4
B2001c,B,20,1c,Legbord,Occupied,69,48,Small,2,Occupied,Occupied,Occupied,Occupied,21
D0001,D,00,01,Legbord,Occupied,69,0,Large,4,Empty,Occupied,Occupied,Occupied,69
D0101,D,01,01,Pallet,Occupied,69,37,Large,4,Empty,Occupied,Occupied,Occupied,32
D0201,D,02,01,Pallet,Empty,69,31,Large,4,Occupied,Occupied,Occupied,Empty,38
D0301,D,03,01,Pallet,Occupied,69,15,Large,4,Occupied,Occupied,Occupied,Occupied,54
D0401,D,04,01,Pallet,Occupied,69,64,Medium,3,Occupied,Occupied,Occupied,Occupied,5
D0501,D,05,01,Pallet,Empty,69,0,Medium,3,Occupied,Empty,Occupied,Occupied,69
D0601,D,06,01,Pallet,Occupied,69,20,Medium,3,Occupied,Empty,Occupied,Occupied,49
D0701,D,07,01,Pallet,Occupied,69,67,Medium,3,Occupied,Occupied,Occupied,Occupied,2
D0801,D,08,01,Pallet,Occupied,69,44,Medium,3,Occupied,Occupied,Occupied,Occupied,25
D0901,D,09,01,Pallet,Occupied,69,48,Medium,3,Occupied,Empty,Empty,Empty,21
D1001,D,10,01,Pallet,Occupied,69,57,Medium,3,Occupied,Occupied,Occupied,Occupied,12
D1101,D,11,01,Pallet,Occupied,69,46,Medium,3,Occupied,Occupied,Occupied,Occupied,23
D1201,D,12,01,Pallet,Occupied,69,13,Medium,3,Occupied,Occupied,Occupied,Occupied,56
D1301,D,13,01,Pallet,Occupied,69,17,Medium,3,Occupied,Occupied,Occupied,Occupied,52
D1401,D,14,01,Pallet,Occupied,69,28,Medium,3,Occupied,Occupied,Occupied,Occupied,41
D1501,D,15,01,Pallet,Occupied,69,22,Medium,3,Occupied,Occupied,Occupied,Occupied,47
D1601,D,16,01,Pallet,Occupied,149,45,Medium,3,Occupied,Occupied,Occupied,Empty,104
D1701,D,17,01,Pallet,Occupied,149,80,Medium,3,Occupied,Occupied,Occupied,Occupied,69
D1801,D,18,01,Pallet,Occupied,149,20,Medium,3,Occupied,Occupied,Occupied,Occupied,129
D1901,D,19,01,Pallet,Occupied,149,78,Small,2,Occupied,Occupied,Occupied,Occupied,71
D2001,D,20,01,Pallet,Occupied,149,80,Small,2,Occupied,Occupied,Occupied,Occupied,69
D2101,D,21,01,Doorgang,,229,,,,,,,,
D0002,D,00,02,Kaartenbakje,Occupied,64,0,Large,4,Empty,Empty,Empty,Empty,64
D0102,D,01,02,Legbord,Occupied,64,44,Large,4,Occupied,Empty,Empty,Empty,20
D0202,D,02,02,Legbord,Empty,64,0,Large,4,Occupied,Occupied,Occupied,Occupied,64
D0302,D,03,02,Legbord,Occupied,64,50,Large,4,Occupied,Occupied,Occupied,Occupied,14
D0402,D,04,02,Legbord,Occupied,64,23,Medium,3,Occupied,Occupied,Occupied,Occupied,41
D0502,D,05,02,Legbord,Occupied,64,43,Medium,3,Occupied,Occupied,Occupied,Occupied,21
D0602,D,06,02,Legbord,Occupied,64,47,Medium,3,Occupied,Occupied,Occupied,Occupied,17
D0702,D,07,02,Legbord,Occupied,64,63,Medium,3,Occupied,Occupied,Occupied,Occupied,1
D0802,D,08,02,Legbord,Occupied,64,23,Medium,3,Occupied,Occupied,Occupied,Occupied,41
D0902,D,09,02,Pallet,Occupied,64,15,Medium,3,Occupied,Occupied,Occupied,Occupied,49
D1002,D,10,02,Legbord,Occupied,64,41,Medium,3,Empty,Occupied,Occupied,Occupied,23
D1102,D,11,02,Legbord,Occupied,64,49,Medium,3,Occupied,Occupied,Occupied,Occupied,15
D1202,D,12,02,Legbord,Occupied,64,49,Medium,3,Occupied,Occupied,Occupied,Occupied,15
D1302,D,13,02,Legbord,Empty,64,0,Medium,3,Occupied,Occupied,Occupied,Occupied,64
D1402,D,14,02,Legbord,Occupied,64,24,Medium,3,Occupied,Occupied,Occupied,Occupied,40
D1502,D,15,02,Legbord,Occupied,64,25,Medium,3,Occupied,Occupied,Occupied,Occupied,39
D0003,D,00,03,Legbord,Occupied,64,47,Large,4,Occupied,Occupied,Occupied,Occupied,17
D0103,D,01,03,Legbord,Empty,64,31,Large,4,Occupied,Occupied,Occupied,Occupied,33
D0203,D,02,03,Legbord,Occupied,64,26,Large,4,Occupied,Occupied,Occupied,Occupied,38
D0303,D,03,03,Legbord,Occupied,64,41,Large,4,Occupied,Occupied,Occupied,Occupied,23
D0403,D,04,03,Legbord,Occupied,64,30,Medium,3,Occupied,Occupied,Occupied,Occupied,34
D0503,D,05,03,Legbord,Occupied,64,4,Medium,3,Occupied,Occupied,Occupied,Occupied,60
D0603,D,06,03,Legbord,Occupied,64,8,Medium,3,Occupied,Occupied,Occupied,Empty,56
D0703,D,07,03,Legbord,Occupied,64,30,Medium,3,Occupied,Occupied,Occupied,Occupied,34
D0803,D,08,03,Legbord,Empty,64,0,Medium,3,Occupied,Empty,Empty,Empty,64
D0903,D,09,03,Legbord,Occupied,64,23,Medium,3,Occupied,Occupied,Occupied,Occupied,41
D1003,D,10,03,Legbord,Empty,64,0,Medium,3,Occupied,Occupied,Occupied,Occupied,64
D1103,D,11,03,Legbord,Occupied,64,39,Medium,3,Occupied,Occupied,Occupied,Occupied,25
D1203,D,12,03,Legbord,Occupied,64,37,Medium,3,Occupied,Occupied,Occupied,Occupied,27
D1303,D,13,03,Legbord,Occupied,64,19,Medium,3,Occupied,Occupied,Occupied,Occupied,45
D1403,D,14,03,Legbord,Occupied,64,19,Medium,3,Occupied,Occupied,Occupied,Occupied,45
D1503,D,15,03,Legbord,Occupied,64,3,Medium,3,Empty,Empty,Empty,Empty,61
D1603,D,16,03,Legbord,Occupied,64,49,Medium,3,Occupied,Occupied,Occupied,Occupied,15
D1703,D,17,03,Legbord,Occupied,64,19,Medium,3,Occupied,Occupied,Occupied,Occupied,45
D1803,D,18,03,Legbord,Occupied,64,19,Medium,3,Occupied,Occupied,Occupied,Occupied,45
D1903,D,19,03,Legbord,Occupied,64,19,Medium,3,Occupied,Occupied,Occupied,Occupied,45
D2003,D,20,03,Legbord,Occupied,64,19,Medium,3,Occupied,Occupied,Occupied,Occupied,45
D0004,D,00,04,Legbord,Occupied,64,40,Large,4,Occupied,Occupied,Occupied,Occupied,24
D0104,D,01,04,Legbord,Occupied,64,28,Large,4,Occupied,Occupied,Occupied,Occupied,36
D0204,D,02,04,Legbord,Empty,64,22,Large,4,Occupied,Occupied,Occupied,Occupied,42
D0304,D,03,04,Legbord,Occupied,64,13,Large,4,Occupied,Occupied,Occupied,Occupied,51
D0404,D,04,04,Legbord,Occupied,64,62,Medium,3,Occupied,Occupied,Occupied,Occupied,2
D0504,D,05,04,Legbord,Empty,64,20,Medium,3,Occupied,Occupied,Occupied,Occupied,44
D0604,D,06,04,Legbord,Empty,64,28,Medium,3,Occupied,Occupied,Occupied,Occupied,36
D0704,D,07,04,Legbord,Empty,64,15,Medium,3,Occupied,Occupied,Occupied,Occupied,49
D0804,D,08,04,Legbord,Occupied,64,19,Medium,3,Occupied,Occupied,Occupied,Occupied,45
D0904,D,09,04,Legbord,Occupied,64,59,Medium,3,Occupied,Occupied,Occupied,Occupied,5
D1004,D,10,04,Legbord,Occupied,64,10,Medium,3,Occupied,Occupied,Occupied,Occupied,54
D1104,D,11,04,Legbord,Occupied,64,28,Medium,3,Occupied,Occupied,Occupied,Occupied,36
D1204,D,12,04,Legbord,Occupied,64,48,Medium,3,Occupied,Occupied,Occupied,Occupied,16
D1304,D,13,04,Legbord,Empty,64,0,Medium,3,Empty,Empty,Empty,Empty,64
D1404,D,14,04,Legbord,Occupied,64,48,Medium,3,Occupied,Occupied,Occupied,Occupied,16
D1504,D,15,04,Legbord,Occupied,64,40,Medium,3,Occupied,Occupied,Occupied,Occupied,24
D1604,D,16,04,Legbord,Empty,64,0,Medium,3,Occupied,Occupied,Occupied,Occupied,64
D1704,D,17,04,Legbord,Occupied,64,10,Medium,3,Occupied,Occupied,Occupied,Occupied,54
D1804,D,18,04,Legbord,Occupied,64,10,Medium,3,Occupied,Occupied,Occupied,Occupied,54
D1904,D,19,04,Legbord,Empty,64,0,Medium,3,Empty,Empty,Empty,Empty,64
D2004,D,20,04,Legbord,Occupied,64,31,Medium,3,Occupied,Occupied,Occupied,Occupied,33
D2104,D,21,04,Legbord,Empty,64,0,Medium,3,Empty,Empty,Empty,Empty,64
D0005,D,00,05,Cabinet Frame,Occupied,239,195,Large,4,Occupied,Occupied,Occupied,Occupied,44
D0105,D,01,05,Cabinet Frame,Occupied,239,195,Large,4,Occupied,Occupied,Occupied,Occupied,44
D0205,D,02,05,Cabinet Frame,Occupied,239,216,Large,4,Occupied,Occupied,Occupied,Occupied,23
D0305,D,03,05,Cabinet Frame,Occupied,239,195,Large,4,Occupied,Occupied,Occupied,Occupied,44
D0405,D,04,05,Cabinet Frame,Occupied,239,203,Medium,3,Occupied,Occupied,Occupied,Occupied,36
D0505,D,05,05,Cabinet Frame,Occupied,239,203,Medium,3,Empty,Empty,Empty,Occupied,36
D0605,D,06,05,Cabinet Frame,Occupied,239,195,Medium,3,Occupied,Empty,Empty,Occupied,44
D0705,D,07,05,Cabinet Frame,Occupied,239,203,Medium,3,Occupied,Empty,Empty,Occupied,36
D0805,D,08,05,Cabinet Frame,Empty,239,0,Medium,3,Empty,Empty,Empty,Empty,239
D0905,D,09,05,Cabinet Frame,Occupied,239,203,Medium,3,Occupied,Occupied,Occupied,Occupied,36
D1005,D,10,05,Cabinet Frame,Occupied,239,203,Medium,3,Occupied,Occupied,Occupied,Occupied,36
D1105,D,11,05,Pallet,Occupied,239,203,Medium,3,Occupied,Empty,Empty,Occupied,36
D1205,D,12,05,Cabinet Frame,Occupied,239,203,Medium,3,Empty,Occupied,Occupied,Occupied,36
D1305,D,13,05,Cabinet Frame,Occupied,239,203,Medium,3,Occupied,Occupied,Occupied,Occupied,36
D1405,D,14,05,Cabinet Frame,Occupied,239,203,Medium,3,Occupied,Empty,Empty,Occupied,36
D1505,D,15,05,Cabinet Frame,Occupied,239,203,Medium,3,Occupied,Occupied,Occupied,Occupied,36
D1605,D,16,05,Pallet,Occupied,239,195,Medium,3,Occupied,Empty,Empty,Occupied,44
D1705,D,17,05,Cabinet Frame,Occupied,239,203,Medium,3,Empty,Occupied,Occupied,Occupied,36
D1805,D,18,05,Cabinet Frame,Occupied,239,195,Medium,3,Empty,Occupied,Occupied,Occupied,44
D1905,D,19,05,Pallet,Occupied,239,175,Medium,3,Occupied,Occupied,Occupied,Occupied,64
D2005,D,20,05,Cabinet Frame,Empty,239,195,Medium,3,Occupied,Occupied,Occupied,Occupied,44
D2105,D,21,05,Cabinet Frame,Occupied,239,185,Medium,3,Occupied,Occupied,Occupied,Occupied,54
D0006,D,00,06,Pallet,Occupied,174,84,Large,4,Empty,Empty,Occupied,Occupied,90
D0106,D,01,06,Pallet,Occupied,174,84,Large,4,Empty,Empty,Occupied,Occupied,90
D0206,D,02,06,Pallet,Occupied,174,84,Large,4,Occupied,Empty,Occupied,Occupied,90
D0306,D,03,06,Pallet,Occupied,174,147,Large,4,Occupied,Occupied,Occupied,Occupied,27
D0406,D,04,06,Pallet,Occupied,174,87,Medium,3,Occupied,Occupied,Occupied,Occupied,87
D0506,D,05,06,Pallet,Occupied,174,74,Medium,3,Occupied,Occupied,Occupied,Occupied,100
D0606,D,06,06,Pallet,Occupied,174,47,Medium,3,Occupied,Occupied,Occupied,Occupied,127
D0706,D,07,06,Pallet,Occupied,174,97,Medium,3,Occupied,Occupied,Empty,Empty,77
D0806,D,08,06,Pallet,Occupied,174,70,Medium,3,Occupied,Occupied,Occupied,Occupied,104
D0906,D,09,06,Pallet,Occupied,174,140,Medium,3,Occupied,Occupied,Occupied,Occupied,34
D1006,D,10,06,Pallet,Occupied,174,101,Medium,3,Occupied,Occupied,Occupied,Occupied,73
D1106,D,11,06,Pallet,Empty,174,83,Medium,3,Occupied,Occupied,Empty,Occupied,91
D1206,D,12,06,Pallet,Occupied,174,40,Medium,3,Occupied,Occupied,Empty,Empty,134
D1306,D,13,06,Pallet,Occupied,174,83,Medium,3,Empty,Occupied,Occupied,Occupied,91
D1406,D,14,06,Pallet,Occupied,174,78,Medium,3,Empty,Empty,Empty,Empty,96
D1506,D,15,06,Pallet,Occupied,174,78,Medium,3,Occupied,Occupied,Occupied,Occupied,96
D1606,D,16,06,Pallet,Occupied,174,112,Medium,3,Occupied,Occupied,Occupied,Occupied,62
D1706,D,17,06,Pallet,Occupied,174,140,Medium,3,Occupied,Occupied,Occupied,Occupied,34
D1806,D,18,06,Pallet,Occupied,174,140,Medium,3,Occupied,Occupied,Occupied,Occupied,34
D1906,D,19,06,Pallet,Occupied,174,125,Medium,3,Occupied,Occupied,Occupied,Occupied,49
D2006,D,20,06,Pallet,Empty,174,0,Medium,3,Empty,Empty,Empty,Empty,174
D2106,D,21,06,Pallet,Empty,174,0,Medium,3,Empty,Empty,Empty,Empty,174
E0001,E,00,01,Pallet,Occupied,69,48,Large,4,Occupied,Occupied,Occupied,Occupied,21
E0101,E,01,01,Pallet,Occupied,69,27,Large,4,Occupied,Empty,Occupied,Occupied,42
E0201,E,02,01,Pallet,Occupied,69,55,Large,4,Occupied,Occupied,Occupied,Occupied,14
E0301,E,03,01,Pallet,Occupied,69,34,Large,4,Occupied,Occupied,Occupied,Occupied,35
E0401,E,04,01,Pallet,Occupied,69,45,Medium,3,Occupied,Occupied,Occupied,Occupied,24
E0501,E,05,01,Pallet,Occupied,69,63,Medium,3,Occupied,Occupied,Occupied,Occupied,6
E0601,E,06,01,Pallet,Occupied,69,25,Medium,3,Occupied,Occupied,Occupied,Occupied,44
E0701,E,07,01,Pallet,Occupied,69,55,Medium,3,Occupied,Occupied,Occupied,Occupied,14
E0801,E,08,01,Pallet,Occupied,69,55,Medium,3,Occupied,Occupied,Occupied,Occupied,14
E0901,E,09,01,Pallet,Empty,69,14,Medium,3,Occupied,Occupied,Occupied,Occupied,55
E1001,E,10,01,Pallet,Occupied,69,54,Medium,3,Occupied,Occupied,Occupied,Occupied,15
E1101,E,11,01,Pallet,Occupied,69,62,Medium,3,Empty,Empty,Empty,Empty,7
E1201,E,12,01,Pallet,Occupied,69,50,Medium,3,Occupied,Occupied,Occupied,Occupied,19
E1301,E,13,01,Pallet,Occupied,69,52,Medium,3,Occupied,Occupied,Occupied,Occupied,17
E1401,E,14,01,Pallet,Empty,69,0,Medium,3,Occupied,Occupied,Occupied,Occupied,69
E1501,E,15,01,Pallet,Occupied,69,47,Medium,3,Occupied,Occupied,Occupied,Occupied,22
E1601,E,16,01,Pallet,Empty,69,50,Medium,3,Occupied,Occupied,Occupied,Occupied,19
E1701,E,17,01,Pallet,Empty,69,0,Medium,3,Empty,Empty,Empty,Empty,69
E1801,E,18,01,Pallet,Occupied,69,14,Medium,3,Occupied,Occupied,Occupied,Occupied,55
E1901,E,19,01,Pallet,Occupied,69,63,Small,2,Occupied,Occupied,Occupied,Occupied,6
E2001,E,20,01,Pallet,Occupied,69,19,Small,2,Occupied,Occupied,Occupied,Occupied,50
E2101,E,21,01,Doorgang,,229,,,,,,,,
E0002,E,00,02,Legbord,Occupied,64,21,Large,4,Occupied,Occupied,Occupied,Occupied,43
E0102,E,01,02,Legbord,Occupied,64,40,Large,4,Occupied,Occupied,Occupied,Occupied,24
E0202,E,02,02,Legbord,Occupied,64,41,Large,4,Occupied,Occupied,Occupied,Occupied,23
E0302,E,03,02,Legbord,Occupied,64,20,Large,4,Occupied,Occupied,Occupied,Occupied,44
E0402,E,04,02,Legbord,Occupied,64,12,Medium,3,Occupied,Occupied,Occupied,Occupied,52
E0502,E,05,02,Legbord,Occupied,64,48,Medium,3,Occupied,Occupied,Occupied,Occupied,16
E0602,E,06,02,Legbord,Occupied,64,36,Medium,3,Occupied,Occupied,Occupied,Occupied,28
E0702,E,07,02,Legbord,Occupied,64,60,Medium,3,Occupied,Occupied,Occupied,Occupied,4
E0802,E,08,02,Legbord,Occupied,64,67,Medium,3,Occupied,Occupied,Empty,Occupied,-3
E0902,E,09,02,Legbord,Occupied,64,60,Medium,3,Occupied,Empty,Empty,Empty,4
E1002,E,10,02,Legbord,Occupied,64,34,Medium,3,Occupied,Occupied,Occupied,Occupied,30
E1102,E,11,02,Legbord,Occupied,64,53,Medium,3,Occupied,Occupied,Occupied,Occupied,11
E1202,E,12,02,Legbord,Occupied,64,50,Medium,3,Occupied,Occupied,Occupied,Occupied,14
E1302,E,13,02,Legbord,Occupied,64,43,Medium,3,Occupied,Occupied,Occupied,Occupied,21
E1402,E,14,02,Legbord,Occupied,64,65,Medium,3,Occupied,Occupied,Occupied,Occupied,-1
E1502,E,15,02,Legbord,Occupied,64,34,Medium,3,Occupied,Occupied,Occupied,Occupied,30
E1602,E,16,02,Legbord,Occupied,64,0,Medium,3,Empty,Empty,Empty,Empty,64
E1702,E,17,02,Legbord,Occupied,64,56,Medium,3,Occupied,Occupied,Occupied,Occupied,8
E1802,E,18,02,Legbord,Occupied,64,25,Medium,3,Occupied,Occupied,Occupied,Occupied,39
E1902,E,19,02,Legbord,Occupied,64,22,Small,2,Occupied,Occupied,Occupied,Occupied,42
E2002,E,20,02,Legbord,Empty,64,6,Small,2,Occupied,Occupied,Occupied,Occupied,58
E0003,E,00,03,Legbord,Occupied,64,44,Large,4,Occupied,Occupied,Occupied,Occupied,20
E0103,E,01,03,Legbord,Occupied,64,47,Large,4,Occupied,Occupied,Occupied,Occupied,17
E0203,E,02,03,Legbord,Occupied,64,30,Large,4,Occupied,Occupied,Occupied,Occupied,34
E0303,E,03,03,Legbord,Occupied,64,56,Large,4,Occupied,Occupied,Occupied,Occupied,8
E0403,E,04,03,Legbord,Occupied,64,17,Medium,3,Occupied,Occupied,Occupied,Occupied,47
E0503,E,05,03,Legbord,Occupied,64,24,Medium,3,Occupied,Occupied,Occupied,Occupied,40
E0603,E,06,03,Legbord,Occupied,64,42,Medium,3,Occupied,Occupied,Occupied,Occupied,22
E0703,E,07,03,Legbord,Occupied,64,24,Medium,3,Occupied,Occupied,Occupied,Occupied,40
E0803,E,08,03,Legbord,Occupied,64,22,Medium,3,Occupied,Occupied,Occupied,Occupied,42
E0903,E,09,03,Legbord,Occupied,64,23,Medium,3,Occupied,Occupied,Occupied,Occupied,41
E1003,E,10,03,Legbord,Empty,64,5,Medium,3,Occupied,Occupied,Occupied,Occupied,59
E1103,E,11,03,Legbord,Occupied,64,27,Medium,3,Occupied,Occupied,Occupied,Occupied,37
E1203,E,12,03,Legbord,Occupied,64,14,Medium,3,Occupied,Occupied,Occupied,Occupied,50
E1303,E,13,03,Legbord,Empty,64,0,Medium,3,Empty,Occupied,Occupied,Occupied,64
E1403,E,14,03,Legbord,Occupied,64,46,Medium,3,Occupied,Occupied,Occupied,Occupied,18
E1503,E,15,03,Legbord,Occupied,64,0,Medium,3,Empty,Occupied,Occupied,Occupied,64
E1603,E,16,03,Legbord,Occupied,64,32,Medium,3,Occupied,Occupied,Occupied,Occupied,32
E1703,E,17,03,Legbord,Occupied,64,49,Medium,3,Occupied,Occupied,Occupied,Occupied,15
E1803,E,18,03,Legbord,Occupied,64,60,Medium,3,Occupied,Occupied,Occupied,Occupied,4
E1903,E,19,03,Legbord,Occupied,64,51,Small,2,Empty,Occupied,Occupied,Occupied,13
E2003,E,20,03,Legbord,Occupied,64,19,Small,2,Occupied,Occupied,Occupied,Occupied,45
E0004,E,00,04,Legbord,Occupied,64,15,Large,4,Occupied,Occupied,Occupied,Occupied,49
E0104,E,01,04,Legbord,Occupied,64,45,Large,4,Occupied,Occupied,Occupied,Occupied,19
E0204,E,02,04,Legbord,Occupied,64,0,Large,4,Occupied,Empty,Empty,Empty,64
E0304,E,03,04,Legbord,Occupied,64,52,Large,4,Occupied,Empty,Empty,Empty,12
E0404,E,04,04,Legbord,Occupied,64,39,Medium,3,Occupied,Occupied,Occupied,Occupied,25
E0504,E,05,04,Legbord,Empty,64,0,Medium,3,Empty,Empty,Empty,Empty,64
E0604,E,06,04,Legbord,Occupied,64,3,Medium,3,Occupied,Occupied,Occupied,Empty,61
E0704,E,07,04,Legbord,Occupied,64,19,Medium,3,Occupied,Occupied,Occupied,Occupied,45
E0804,E,08,04,Legbord,Occupied,64,51,Medium,3,Empty,Occupied,Occupied,Occupied,13
E0904,E,09,04,Legbord,Occupied,64,19,Medium,3,Occupied,Occupied,Occupied,Occupied,45
E1004,E,10,04,Legbord,Occupied,64,49,Medium,3,Occupied,Occupied,Occupied,Occupied,15
E1104,E,11,04,Legbord,Occupied,64,19,Medium,3,Occupied,Occupied,Occupied,Occupied,45
E1204,E,12,04,Legbord,Occupied,64,39,Medium,3,Occupied,Occupied,Occupied,Occupied,25
E1304,E,13,04,Legbord,Occupied,64,33,Medium,3,Occupied,Occupied,Occupied,Occupied,31
E1404,E,14,04,Legbord,Occupied,64,49,Medium,3,Occupied,Occupied,Occupied,Occupied,15
E1504,E,15,04,Legbord,Occupied,64,40,Medium,3,Occupied,Occupied,Occupied,Occupied,24
E1604,E,16,04,Legbord,Occupied,64,9,Medium,3,Occupied,Occupied,Occupied,Occupied,55
E1704,E,17,04,Legbord,Occupied,64,32,Medium,3,Occupied,Occupied,Occupied,Empty,32
E1804,E,18,04,Legbord,Occupied,64,9,Medium,3,Occupied,Occupied,Occupied,Empty,55
E1904,E,19,04,Legbord,Occupied,64,57,Medium,3,Occupied,Occupied,Occupied,Occupied,7
E2004,E,20,04,Pallet,Empty,64,46,Medium,3,Occupied,Occupied,Occupied,Occupied,18
E2104,E,21,04,Legbord,Empty,64,13,Medium,3,Occupied,Occupied,Occupied,Occupied,51
E0005,E,00,05,Legbord,Occupied,64,49,Large,4,Occupied,Occupied,Occupied,Occupied,15
E0105,E,01,05,Legbord,Occupied,64,34,Large,4,Occupied,Occupied,Occupied,Occupied,30
E0205,E,02,05,Legbord,Occupied,64,19,Large,4,Occupied,Occupied,Occupied,Occupied,45
E0305,E,03,05,Legbord,Occupied,64,19,Large,4,Occupied,Occupied,Occupied,Occupied,45
E0405,E,04,05,Legbord,Occupied,64,19,Medium,3,Occupied,Occupied,Occupied,Occupied,45
E0505,E,05,05,Legbord,Occupied,64,19,Medium,3,Occupied,Occupied,Occupied,Occupied,45
E0605,E,06,05,Legbord,Occupied,64,19,Medium,3,Occupied,Occupied,Occupied,Occupied,45
E0705,E,07,05,Legbord,Occupied,64,29,Medium,3,Occupied,Occupied,Occupied,Occupied,35
E0805,E,08,05,Legbord,Occupied,64,20,Medium,3,Occupied,Occupied,Occupied,Occupied,44
E0905,E,09,05,Legbord,Occupied,64,20,Medium,3,Empty,Occupied,Occupied,Occupied,44
E1005,E,10,05,Legbord,Occupied,64,49,Medium,3,Occupied,Occupied,Occupied,Occupied,15
E1105,E,11,05,Legbord,Occupied,64,16,Medium,3,Occupied,Occupied,Occupied,Occupied,48
E1205,E,12,05,Legbord,Empty,64,0,Medium,3,Empty,Empty,Empty,Empty,64
E1305,E,13,05,Legbord,Occupied,64,25,Medium,3,Empty,Empty,Empty,Empty,39
E1405,E,14,05,Legbord,Occupied,64,60,Medium,3,Occupied,Occupied,Occupied,Occupied,4
E1505,E,15,05,Legbord,Occupied,64,41,Medium,3,Occupied,Occupied,Empty,Empty,23
E1605,E,16,05,Legbord,Occupied,64,41,Medium,3,Empty,Empty,Empty,Empty,23
E1705,E,17,05,Legbord,Occupied,64,41,Medium,3,Occupied,Occupied,Occupied,Occupied,23
E1805,E,18,05,Legbord,Occupied,64,42,Medium,3,Occupied,Occupied,Occupied,Occupied,22
E1905,E,19,05,Legbord,Empty,64,0,Medium,3,Empty,Empty,Empty,Empty,64
E2005,E,20,05,Pallet,Occupied,64,47,Medium,3,Occupied,Occupied,Occupied,Occupied,17
E2105,E,21,05,Legbord,Empty,64,0,Medium,3,Empty,Empty,Empty,Empty,64
E0006,E,00,06,Pallet,Occupied,169,109,Large,4,Occupied,Occupied,Occupied,Occupied,60
E0106,E,01,06,Pallet,Occupied,169,15,Large,4,Empty,Occupied,Empty,Occupied,154
E0206,E,02,06,Pallet,Empty,169,15,Large,4,Occupied,Occupied,Occupied,Occupied,154
E0306,E,03,06,Pallet,Empty,169,30,Large,4,Occupied,Occupied,Occupied,Occupied,139
E0406,E,04,06,Pallet,Occupied,169,30,Medium,3,Occupied,Occupied,Empty,Occupied,139
E0506,E,05,06,Pallet,Empty,169,0,Medium,3,Occupied,Occupied,Occupied,Occupied,169
E0606,E,06,06,Pallet,Empty,169,46,Medium,3,Occupied,Occupied,Occupied,Occupied,123
E0706,E,07,06,Pallet,Occupied,169,101,Medium,3,Occupied,Occupied,Occupied,Occupied,68
E0806,E,08,06,Pallet,Occupied,169,118,Medium,3,Occupied,Occupied,Occupied,Occupied,51
E0906,E,09,06,Pallet,Occupied,169,66,Medium,3,Occupied,Occupied,Occupied,Occupied,103
E1006,E,10,06,Pallet,Occupied,169,0,Medium,3,Empty,Occupied,Occupied,Occupied,169
E1106,E,11,06,Pallet,Occupied,169,0,Medium,3,Empty,Empty,Occupied,Occupied,169
E1206,E,12,06,Pallet,Occupied,169,128,Medium,3,Occupied,Occupied,Occupied,Occupied,41
E1306,E,13,06,Pallet,Occupied,169,138,Medium,3,Occupied,Occupied,Occupied,Occupied,31
E1406,E,14,06,Pallet,Empty,169,92,Medium,3,Occupied,Occupied,Occupied,Occupied,77
E1506,E,15,06,Pallet,Empty,169,137,Medium,3,Empty,Occupied,Occupied,Occupied,32
E1606,E,16,06,Pallet,Occupied,169,45,Medium,3,Occupied,Empty,Empty,Empty,124
E1706,E,17,06,Pallet,Occupied,169,75,Medium,3,Occupied,Occupied,Occupied,Occupied,94
E1806,E,18,06,Pallet,Occupied,169,138,Medium,3,Empty,Empty,Empty,Empty,31
E1906,E,19,06,Pallet,Occupied,169,44,Medium,3,Empty,Empty,Empty,Empty,125
E2006,E,20,06,Pallet,Empty,169,0,Medium,3,Empty,Empty,Empty,Empty,169
E2106,E,21,06,Pallet,Occupied,169,135,Medium,3,Occupied,Occupied,Occupied,Occupied,34
E0007,E,00,07,Pallet,Empty,164,0,Large,4,Empty,Occupied,Occupied,Occupied,164
E0107,E,01,07,Pallet,Occupied,164,86,Large,4,Occupied,Occupied,Occupied,Occupied,78
E0207,E,02,07,Pallet,Occupied,164,49,Large,4,Occupied,Occupied,Occupied,Occupied,115
E0307,E,03,07,Pallet,Empty,164,0,Large,4,Empty,Empty,Occupied,Occupied,164
E0407,E,04,07,Pallet,Occupied,164,0,Medium,3,Occupied,Empty,Occupied,Occupied,164
E0507,E,05,07,Pallet,Empty,164,0,Medium,3,Occupied,Empty,Empty,Occupied,164
E0607,E,06,07,Pallet,Occupied,164,74,Medium,3,Empty,Empty,Occupied,Occupied,90
E0707,E,07,07,Pallet,Occupied,164,67,Medium,3,Occupied,Occupied,Occupied,Occupied,97
E0807,E,08,07,Pallet,Empty,164,15,Medium,3,Occupied,Occupied,Occupied,Occupied,149
E0907,E,09,07,Pallet,Occupied,164,80,Medium,3,Occupied,Occupied,Occupied,Occupied,84
E1007,E,10,07,Pallet,Empty,164,83,Medium,3,Occupied,Occupied,Occupied,Occupied,81
E1107,E,11,07,Pallet,Empty,164,71,Medium,3,Occupied,Occupied,Occupied,Occupied,93
E1207,E,12,07,Pallet,Empty,164,0,Medium,3,Empty,Occupied,Occupied,Occupied,164
E1307,E,13,07,Pallet,Empty,164,50,Medium,3,Empty,Empty,Occupied,Occupied,114
E1407,E,14,07,Pallet,Occupied,164,118,Medium,3,Occupied,Empty,Empty,Empty,46
E1507,E,15,07,Pallet,Empty,164,0,Medium,3,Empty,Empty,Empty,Empty,164
E1607,E,16,07,Pallet,Occupied,164,79,Medium,3,Occupied,Occupied,Occupied,Occupied,85
E1707,E,17,07,Pallet,Empty,164,0,Medium,3,Empty,Empty,Empty,Empty,164
E1807,E,18,07,Pallet,Occupied,164,73,Medium,3,Occupied,Occupied,Occupied,Occupied,91
E1907,E,19,07,Pallet,Occupied,164,39,Medium,3,Empty,Empty,Empty,Empty,125
E2007,E,20,07,Pallet,Empty,164,0,Medium,3,Empty,Empty,Empty,Empty,164
E2107,E,21,07,Pallet,Occupied,164,74,Medium,3,Occupied,Occupied,Occupied,Occupied,90
F0001,F,00,01,Pallet,Occupied,109,80,Large,4,Occupied,Occupied,Occupied,Occupied,29
F0101,F,01,01,Pallet,Occupied,109,49,Large,4,Occupied,Occupied,Occupied,Occupied,60
F0201,F,02,01,Pallet,Occupied,109,25,Large,4,Occupied,Occupied,Occupied,Occupied,84
F0301,F,03,01,Pallet,Occupied,109,46,Large,4,Occupied,Occupied,Occupied,Occupied,63
F0401,F,04,01,Pallet,Occupied,109,72,Medium,3,Occupied,Occupied,Occupied,Occupied,37
F0501,F,05,01,Pallet,Empty,109,0,Medium,3,Occupied,Occupied,Occupied,Occupied,109
F0601,F,06,01,Pallet,Empty,109,30,Medium,3,Occupied,Occupied,Occupied,Occupied,79
F0701,F,07,01,Pallet,Occupied,109,38,Medium,3,Occupied,Occupied,Occupied,Occupied,71
F0801,F,08,01,Pallet,Occupied,109,54,Medium,3,Occupied,Occupied,Occupied,Occupied,55
F0901,F,09,01,Pallet,Empty,109,0,Medium,3,Empty,Empty,Empty,Empty,109
F1001,F,10,01,Pallet,Occupied,109,61,Medium,3,Occupied,Occupied,Occupied,Occupied,48
F1101,F,11,01,Pallet,Occupied,109,75,Medium,3,Occupied,Occupied,Occupied,Occupied,34
F1201,F,12,01,Pallet,Occupied,109,64,Medium,3,Occupied,Occupied,Occupied,Occupied,45
F1301,F,13,01,Pallet,Occupied,109,61,Medium,3,Occupied,Occupied,Occupied,Occupied,48
F1401,F,14,01,Pallet,Empty,109,13,Medium,3,Empty,Empty,Empty,Empty,96
F1501,F,15,01,Pallet,Occupied,109,67,Medium,3,Occupied,Occupied,Occupied,Occupied,42
F1601,F,16,01,Pallet,Occupied,109,38,Medium,3,Occupied,Occupied,Occupied,Occupied,71
F1701,F,17,01,Pallet,Occupied,109,48,Medium,3,Occupied,Occupied,Occupied,Occupied,61
F1801,F,18,01,Pallet,Occupied,109,88,Medium,3,Occupied,Occupied,Occupied,Occupied,21
F1901,F,19,01,Pallet,Empty,109,0,Small,2,Empty,Empty,Empty,Empty,109
F2001,F,20,01,Pallet,Empty,109,0,Small,2,Occupied,Occupied,Occupied,Occupied,109
F2101,F,21,01,Doorgang,,229,,,,,,,,
F0002,F,00,02,Legbord,Occupied,74,39,Large,4,Occupied,Occupied,Occupied,Occupied,35
F0102,F,01,02,Legbord,Occupied,74,71,Large,4,Occupied,Occupied,Occupied,Occupied,3
F0202,F,02,02,Legbord,Occupied,74,70,Large,4,Empty,Occupied,Occupied,Occupied,4
F0302,F,03,02,Legbord,Occupied,74,71,Large,4,Occupied,Occupied,Occupied,Occupied,3
F0402,F,04,02,Legbord,Occupied,74,32,Medium,3,Occupied,Occupied,Occupied,Occupied,42
F0502,F,05,02,Legbord,Occupied,74,35,Medium,3,Occupied,Occupied,Occupied,Occupied,39
F0602,F,06,02,Pallet,Occupied,74,54,Medium,3,Occupied,Occupied,Occupied,Occupied,20
F0702,F,07,02,Legbord,Occupied,74,33,Medium,3,Occupied,Occupied,Occupied,Occupied,41
F0802,F,08,02,Pallet,Occupied,74,48,Medium,3,Occupied,Occupied,Occupied,Occupied,26
F0902,F,09,02,Legbord,Occupied,74,66,Medium,3,Occupied,Occupied,Occupied,Occupied,8
F1002,F,10,02,Legbord,Occupied,74,49,Medium,3,Occupied,Occupied,Occupied,Occupied,25
F1102,F,11,02,Legbord,Occupied,74,48,Medium,3,Occupied,Occupied,Occupied,Occupied,26
F1202,F,12,02,Legbord,Occupied,74,36,Medium,3,Occupied,Occupied,Occupied,Occupied,38
F1302,F,13,02,Legbord,Empty,74,0,Medium,3,Occupied,Occupied,Occupied,Occupied,74
F1402,F,14,02,Legbord,Occupied,74,51,Medium,3,Occupied,Occupied,Occupied,Occupied,23
F1502,F,15,02,Legbord,Occupied,74,31,Medium,3,Occupied,Empty,Empty,Occupied,43
F1602,F,16,02,Legbord,Occupied,74,79,Medium,3,Occupied,Occupied,Occupied,Occupied,-5
F1702,F,17,02,Pallet,Occupied,74,61,Medium,3,Occupied,Occupied,Occupied,Occupied,13
F1802,F,18,02,Legbord,Occupied,74,69,Medium,3,Occupied,Occupied,Occupied,Occupied,5
F1902,F,19,02,Legbord,Occupied,104,23,Small,2,Occupied,Occupied,Occupied,Occupied,81
F2002,F,20,02,Legbord,Occupied,104,34,Small,2,Occupied,Occupied,Occupied,Occupied,70
F0003,F,00,03,Legbord,Occupied,74,39,Large,4,Occupied,Occupied,Occupied,Occupied,35
F0103,F,01,03,Legbord,Occupied,74,28,Large,4,Occupied,Occupied,Occupied,Occupied,46
F0203,F,02,03,Legbord,Occupied,74,27,Large,4,Occupied,Occupied,Occupied,Occupied,47
F0303,F,03,03,Legbord,Occupied,74,27,Large,4,Occupied,Occupied,Occupied,Occupied,47
F0403,F,04,03,Legbord,Occupied,74,64,Medium,3,Occupied,Occupied,Occupied,Occupied,10
F0503,F,05,03,Legbord,Occupied,74,40,Medium,3,Occupied,Occupied,Occupied,Occupied,34
F0603,F,06,03,Legbord,Occupied,74,48,Medium,3,Occupied,Occupied,Occupied,Occupied,26
F0703,F,07,03,Legbord,Occupied,74,40,Medium,3,Occupied,Occupied,Occupied,Occupied,34
F0803,F,08,03,Legbord,Occupied,74,49,Medium,3,Occupied,Occupied,Occupied,Occupied,25
F0903,F,09,03,Legbord,Occupied,74,20,Medium,3,Occupied,Occupied,Occupied,Occupied,54
F1003,F,10,03,Legbord,Empty,74,0,Medium,3,Empty,Empty,Empty,Empty,74
F1103,F,11,03,Pallet,Occupied,74,43,Medium,3,Occupied,Occupied,Occupied,Occupied,31
F1203,F,12,03,Legbord,Occupied,74,19,Medium,3,Occupied,Occupied,Occupied,Occupied,55
F1303,F,13,03,Legbord,Occupied,74,40,Medium,3,Occupied,Occupied,Occupied,Occupied,34
F1403,F,14,03,Legbord,Empty,74,0,Medium,3,Occupied,Occupied,Occupied,Occupied,74
F1503,F,15,03,Legbord,Empty,74,0,Medium,3,Empty,Empty,Empty,Empty,74
F1603,F,16,03,Legbord,Occupied,74,57,Medium,3,Occupied,Occupied,Occupied,Occupied,17
F1703,F,17,03,Legbord,Occupied,74,49,Medium,3,Occupied,Occupied,Occupied,Occupied,25
F1803,F,18,03,Pallet,Occupied,74,38,Medium,3,Occupied,Occupied,Occupied,Occupied,36
F1903,F,19,03,Legbord,Occupied,44,14,Medium,3,Occupied,Occupied,Occupied,Empty,30
F2003,F,20,03,Legbord,Occupied,44,7,Medium,3,Occupied,Occupied,Occupied,Occupied,37
F2103,F,21,03,Legbord,Occupied,44,30,Medium,3,Occupied,Occupied,Occupied,Occupied,14
F0004,F,00,04,Legbord,Occupied,144,43,Large,4,Occupied,Occupied,Occupied,Empty,101
F0104,F,01,04,Legbord,Occupied,144,18,Large,4,Occupied,Occupied,Occupied,Occupied,126
F0204,F,02,04,Legbord,Occupied,144,63,Large,4,Occupied,Occupied,Occupied,Occupied,81
F0304,F,03,04,Legbord,Occupied,144,63,Large,4,Occupied,Occupied,Occupied,Occupied,81
F0404,F,04,04,Legbord,Occupied,64,15,Medium,3,Occupied,Occupied,Occupied,Occupied,49
F0504,F,05,04,Legbord,Occupied,64,14,Medium,3,Occupied,Occupied,Occupied,Occupied,50
F0604,F,06,04,Legbord,Occupied,64,52,Medium,3,Occupied,Occupied,Occupied,Occupied,12
F0704,F,07,04,Legbord,Occupied,64,49,Medium,3,Occupied,Occupied,Occupied,Occupied,15
F0804,F,08,04,Legbord,Occupied,64,49,Medium,3,Occupied,Occupied,Occupied,Occupied,15
F0904,F,09,04,Legbord,Occupied,64,13,Medium,3,Occupied,Occupied,Occupied,Occupied,51
F1004,F,10,04,Legbord,Occupied,64,0,Medium,3,Empty,Empty,Empty,Empty,64
F1104,F,11,04,Legbord,Occupied,64,49,Medium,3,Occupied,Occupied,Occupied,Occupied,15
F1204,F,12,04,Legbord,Occupied,64,43,Medium,3,Occupied,Occupied,Occupied,Occupied,21
F1304,F,13,04,Legbord,Occupied,64,34,Medium,3,Occupied,Occupied,Occupied,Occupied,30
F1404,F,14,04,Legbord,Occupied,64,30,Medium,3,Occupied,Occupied,Occupied,Occupied,34
F1504,F,15,04,Legbord,Occupied,64,30,Medium,3,Occupied,Occupied,Occupied,Occupied,34
F1604,F,16,04,Legbord,Occupied,64,19,Medium,3,Occupied,Occupied,Occupied,Occupied,45
F1704,F,17,04,Legbord,Occupied,64,19,Medium,3,Occupied,Occupied,Occupied,Occupied,45
F1804,F,18,04,Legbord,Occupied,64,0,Medium,3,Empty,Empty,Occupied,Empty,64
F1904,F,19,04,Legbord,Occupied,64,38,Medium,3,Occupied,Occupied,Occupied,Occupied,26
F2004,F,20,04,Legbord,Occupied,64,49,Medium,3,Occupied,Occupied,Occupied,Occupied,15
F2104,F,21,04,Legbord,Empty,64,0,Medium,3,Empty,Empty,Empty,Empty,64
F0405,F,04,05,Legbord,Occupied,214,15,Medium,3,Occupied,Occupied,Occupied,Occupied,199
F0505,F,05,05,Legbord,Occupied,214,15,Medium,3,Occupied,Occupied,Occupied,Occupied,199
F0605,F,06,05,Legbord,Empty,214,0,Medium,3,Occupied,Occupied,Occupied,Occupied,214
F0705,F,07,05,Legbord,Occupied,64,49,Medium,3,Occupied,Occupied,Occupied,Occupied,15
F0805,F,08,05,Legbord,Empty,64,0,Medium,3,Occupied,Occupied,Occupied,Occupied,64
F0905,F,09,05,Legbord,Empty,64,0,Medium,3,Occupied,Occupied,Occupied,Occupied,64
F1005,F,10,05,Legbord,Empty,64,0,Medium,3,Empty,Empty,Empty,Empty,64
F1105,F,11,05,Legbord,Occupied,64,40,Medium,3,Occupied,Occupied,Occupied,Occupied,24
F1205,F,12,05,Legbord,Occupied,64,33,Medium,3,Occupied,Occupied,Occupied,Occupied,31
F1305,F,13,05,Legbord,Empty,64,0,Medium,3,Occupied,Occupied,Occupied,Occupied,64
F1405,F,14,05,Legbord,Occupied,64,8,Medium,3,Occupied,Occupied,Occupied,Occupied,56
F1505,F,15,05,Pallet,Occupied,64,35,Medium,3,Occupied,Occupied,Occupied,Occupied,29
F1605,F,16,05,Legbord,Occupied,64,38,Medium,3,Occupied,Occupied,Occupied,Occupied,26
F1705,F,17,05,Legbord,Occupied,64,26,Medium,3,Occupied,Occupied,Occupied,Occupied,38
F1805,F,18,05,Legbord,Empty,64,0,Medium,3,Empty,Empty,Empty,Empty,64
F1905,F,19,05,Legbord,Empty,64,0,Medium,3,Occupied,Occupied,Occupied,Occupied,64
F2005,F,20,05,Legbord,Empty,64,0,Medium,3,Empty,Empty,Empty,Empty,64
F2105,F,21,05,Legbord,Empty,64,0,Medium,3,Empty,Empty,Empty,Empty,64
F0006,F,00,06,Pallet,Occupied,134,130,Large,4,Occupied,Occupied,Occupied,Occupied,4
F0106,F,01,06,Pallet,Occupied,134,133,Large,4,Occupied,Occupied,Occupied,Occupied,1
F0206,F,02,06,Pallet,Empty,134,0,Large,4,Empty,Empty,Empty,Empty,134
F0306,F,03,06,Pallet,Empty,134,0,Large,4,Empty,Empty,Empty,Empty,134
F0706,F,07,06,Pallet,Occupied,134,51,Medium,3,Occupied,Occupied,Occupied,Occupied,83
F0806,F,08,06,Pallet,Empty,134,0,Medium,3,Occupied,Empty,Empty,Empty,134
F0906,F,09,06,Pallet,Empty,134,0,Medium,3,Occupied,Occupied,Occupied,Occupied,134
F1006,F,10,06,Pallet,Empty,134,0,Medium,3,Occupied,Occupied,Empty,Empty,134
F1106,F,11,06,Pallet,Occupied,134,60,Medium,3,Occupied,Occupied,Occupied,Occupied,74
F1206,F,12,06,Pallet,Empty,134,0,Medium,3,Empty,Empty,Empty,Empty,134
F1306,F,13,06,Pallet,Empty,134,0,Medium,3,Empty,Empty,Empty,Empty,134
F1406,F,14,06,Pallet,Empty,134,0,Medium,3,Empty,Empty,Empty,Empty,134
F1506,F,15,06,Pallet,Empty,134,0,Medium,3,Empty,Empty,Empty,Empty,134
F1606,F,16,06,Pallet,Occupied,134,0,Medium,3,Occupied,Occupied,Occupied,Occupied,134
F1706,F,17,06,Pallet,Occupied,134,0,Medium,3,Occupied,Occupied,Occupied,Occupied,134
F1806,F,18,06,Pallet,Occupied,134,0,Medium,3,Occupied,Occupied,Occupied,Occupied,134
F1906,F,19,06,Pallet,Occupied,134,128,Medium,3,Empty,Empty,Empty,Empty,6
F2006,F,20,06,Pallet,Occupied,134,128,Medium,3,Empty,Empty,Empty,Empty,6
F2106,F,21,06,Pallet,Occupied,134,97,Medium,3,Occupied,Occupied,Occupied,Occupied,37
F0007,F,00,07,Pallet,Empty,139,0,Large,4,Empty,Empty,Empty,Empty,139
F0107,F,01,07,Pallet,Occupied,139,0,Large,4,Empty,Empty,Empty,Empty,139
F0207,F,02,07,Pallet,Empty,139,0,Large,4,Empty,Empty,Empty,Empty,139
F0307,F,03,07,Pallet,Empty,139,0,Large,4,Empty,Empty,Empty,Empty,139
F0407,F,04,07,Pallet,Empty,139,89,Medium,3,Occupied,Empty,Empty,Empty,50
F0507,F,05,07,Pallet,Empty,139,89,Medium,3,Empty,Empty,Empty,Empty,50
F0607,F,06,07,Pallet,Occupied,139,89,Medium,3,Empty,Empty,Empty,Empty,50
F0707,F,07,07,Pallet,Occupied,139,89,Medium,3,Empty,Empty,Empty,Empty,50
F0807,F,08,07,Pallet,Occupied,139,89,Medium,3,Occupied,Empty,Empty,Empty,50
F0907,F,09,07,Pallet,Occupied,139,89,Medium,3,Occupied,Occupied,Empty,Empty,50
F1007,F,10,07,Pallet,Occupied,139,111,Medium,3,Occupied,Occupied,Occupied,Occupied,28
F1107,F,11,07,Pallet,Occupied,139,86,Medium,3,Occupied,Occupied,Occupied,Occupied,53
F1207,F,12,07,Pallet,Occupied,139,0,Medium,3,Empty,Empty,Empty,Empty,139
F1307,F,13,07,Pallet,Occupied,139,97,Medium,3,Occupied,Occupied,Occupied,Occupied,42
F1407,F,14,07,Pallet,Occupied,139,104,Medium,3,Occupied,Occupied,Occupied,Occupied,35
F1507,F,15,07,Pallet,Occupied,139,51,Medium,3,Occupied,Occupied,Occupied,Occupied,88
F1607,F,16,07,Pallet,Occupied,139,97,Medium,3,Occupied,Occupied,Occupied,Occupied,42
F1707,F,17,07,Pallet,Occupied,139,0,Medium,3,Occupied,Occupied,Occupied,Occupied,139
F1807,F,18,07,Pallet,Empty,139,69,Medium,3,Occupied,Empty,Empty,Empty,70
F1907,F,19,07,Pallet,Occupied,139,84,Medium,3,Occupied,Occupied,Occupied,Occupied,55
F2007,F,20,07,Pallet,Empty,139,0,Medium,3,Empty,Empty,Empty,Empty,139
F2107,F,21,07,Pallet,Empty,139,0,Medium,3,Empty,Empty,Empty,Empty,139
G0001,G,00,01,Pallet,Occupied,109,67,Large,4,Occupied,Occupied,Occupied,Occupied,42
G0101,G,01,01,Pallet,Occupied,109,35,Large,4,Occupied,Occupied,Occupied,Occupied,74
G0201,G,02,01,Pallet,Occupied,109,34,Large,4,Occupied,Occupied,Occupied,Occupied,75
G0301,G,03,01,Pallet,Occupied,109,45,Large,4,Occupied,Occupied,Occupied,Occupied,64
G0401,G,04,01,Pallet,Occupied,109,46,Medium,3,Occupied,Occupied,Occupied,Occupied,63
G0501,G,05,01,Pallet,Empty,109,22,Medium,3,Occupied,Occupied,Occupied,Occupied,87
G0601,G,06,01,Pallet,Empty,109,54,Medium,3,Occupied,Occupied,Occupied,Occupied,55
G0701,G,07,01,Pallet,Occupied,109,77,Medium,3,Occupied,Occupied,Occupied,Occupied,32
G0801,G,08,01,Pallet,Occupied,109,90,Medium,3,Occupied,Occupied,Occupied,Occupied,19
G0901,G,09,01,Pallet,Occupied,109,17,Medium,3,Occupied,Occupied,Occupied,Occupied,92
G1001,G,10,01,Pallet,Empty,109,0,Medium,3,Occupied,Occupied,Occupied,Occupied,109
G1101,G,11,01,Pallet,Occupied,109,63,Medium,3,Occupied,Occupied,Occupied,Occupied,46
G1201,G,12,01,Pallet,Occupied,109,49,Medium,3,Occupied,Occupied,Occupied,Occupied,60
G1301,G,13,01,Pallet,Empty,109,34,Medium,3,Empty,Empty,Empty,Empty,75
G1401,G,14,01,Pallet,Occupied,109,38,Medium,3,Occupied,Occupied,Occupied,Occupied,71
G1501,G,15,01,Pallet,Occupied,109,54,Medium,3,Occupied,Occupied,Occupied,Occupied,55
G1601,G,16,01,Pallet,Occupied,109,70,Medium,3,Occupied,Occupied,Occupied,Occupied,39
G1701,G,17,01,Pallet,Empty,109,0,Medium,3,Empty,Empty,Empty,Empty,109
G1801,G,18,01,Pallet,Occupied,109,70,Medium,3,Occupied,Occupied,Occupied,Occupied,39
G1901,G,19,01,Pallet,Occupied,109,24,Small,2,Occupied,Occupied,Occupied,Occupied,85
G2001,G,20,01,Pallet,Occupied,109,24,Small,2,Occupied,Occupied,Occupied,Occupied,85
G2101,G,21,01,Doorgang,,229,,,,,,,,
G0002,G,00,02,Legbord,Occupied,74,48,Large,4,Occupied,Occupied,Occupied,Occupied,26
G0102,G,01,02,Legbord,Occupied,74,27,Large,4,Occupied,Occupied,Occupied,Occupied,47
G0202,G,02,02,Legbord,Occupied,74,59,Large,4,Occupied,Occupied,Occupied,Occupied,15
G0302,G,03,02,Legbord,Occupied,74,59,Large,4,Occupied,Occupied,Occupied,Occupied,15
G0402,G,04,02,Legbord,Occupied,74,14,Medium,3,Occupied,Occupied,Occupied,Occupied,60
G0502,G,05,02,Legbord,Occupied,74,26,Medium,3,Occupied,Occupied,Occupied,Occupied,48
G0602,G,06,02,Legbord,Occupied,74,69,Medium,3,Occupied,Occupied,Occupied,Occupied,5
G0702,G,07,02,Legbord,Occupied,74,20,Medium,3,Occupied,Occupied,Occupied,Occupied,54
G0802,G,08,02,Legbord,Occupied,74,58,Medium,3,Occupied,Occupied,Occupied,Occupied,16
G0902,G,09,02,Legbord,Occupied,74,66,Medium,3,Occupied,Occupied,Occupied,Occupied,8
G1002,G,10,02,Legbord,Occupied,74,40,Medium,3,Occupied,Occupied,Occupied,Occupied,34
G1102,G,11,02,Legbord,Occupied,74,48,Medium,3,Occupied,Occupied,Occupied,Occupied,26
G1202,G,12,02,Legbord,Occupied,74,38,Medium,3,Occupied,Occupied,Occupied,Occupied,36
G1302,G,13,02,Legbord,Occupied,74,67,Medium,3,Occupied,Occupied,Occupied,Occupied,7
G1402,G,14,02,Legbord,Empty,74,0,Medium,3,Empty,Occupied,Occupied,Occupied,74
G1502,G,15,02,Legbord,Empty,74,63,Medium,3,Occupied,Occupied,Occupied,Occupied,11
G1602,G,16,02,Legbord,Occupied,74,20,Medium,3,Occupied,Occupied,Occupied,Occupied,54
G1702,G,17,02,Legbord,Occupied,74,35,Medium,3,Occupied,Occupied,Occupied,Occupied,39
G1802,G,18,02,Legbord,Occupied,74,35,Medium,3,Occupied,Occupied,Occupied,Occupied,39
G1902,G,19,02,Legbord,Empty,104,0,Small,2,Occupied,Empty,Empty,Empty,104
G2002,G,20,02,Legbord,Occupied,104,39,Small,2,Occupied,Occupied,Occupied,Occupied,65
G0003,G,00,03,Legbord,Occupied,74,39,Large,4,Occupied,Occupied,Occupied,Occupied,35
G0103,G,01,03,Legbord,Occupied,74,33,Large,4,Occupied,Occupied,Occupied,Occupied,41
G0203,G,02,03,Legbord,Occupied,74,19,Large,4,Occupied,Occupied,Occupied,Occupied,55
G0303,G,03,03,Legbord,Occupied,74,18,Large,4,Occupied,Occupied,Occupied,Occupied,56
G0403,G,04,03,Legbord,Empty,74,49,Medium,3,Occupied,Occupied,Occupied,Occupied,25
G0503,G,05,03,Legbord,Occupied,74,72,Medium,3,Occupied,Occupied,Occupied,Occupied,2
G0603,G,06,03,Legbord,Occupied,74,36,Medium,3,Occupied,Occupied,Occupied,Occupied,38
G0703,G,07,03,Legbord,Occupied,74,19,Medium,3,Occupied,Occupied,Occupied,Occupied,55
G0803,G,08,03,Legbord,Occupied,74,38,Medium,3,Occupied,Occupied,Occupied,Occupied,36
G0903,G,09,03,Legbord,Occupied,74,65,Medium,3,Occupied,Occupied,Occupied,Occupied,9
G1003,G,10,03,Legbord,Occupied,74,74,Medium,3,Occupied,Occupied,Occupied,Occupied,0
G1103,G,11,03,Legbord,Occupied,74,74,Medium,3,Occupied,Occupied,Occupied,Occupied,0
G1203,G,12,03,Legbord,Occupied,74,74,Medium,3,Occupied,Occupied,Occupied,Occupied,0
G1303,G,13,03,Legbord,Occupied,74,31,Medium,3,Occupied,Occupied,Occupied,Occupied,43
G1403,G,14,03,Legbord,Empty,74,0,Medium,3,Occupied,Occupied,Occupied,Occupied,74
G1503,G,15,03,Legbord,Occupied,74,76,Medium,3,Occupied,Occupied,Occupied,Occupied,-2
G1603,G,16,03,Legbord,Occupied,74,37,Medium,3,Occupied,Occupied,Occupied,Occupied,37
G1703,G,17,03,Legbord,Occupied,74,52,Medium,3,Occupied,Occupied,Occupied,Occupied,22
G1803,G,18,03,Legbord,Occupied,74,78,Medium,3,Occupied,Occupied,Occupied,Occupied,-4
G1903,G,19,03,Legbord,Occupied,44,7,Medium,3,Occupied,Occupied,Empty,Occupied,37
G2003,G,20,03,Legbord,Empty,44,0,Medium,3,Empty,Empty,Empty,Empty,44
G2103,G,21,03,Legbord,Empty,44,0,Medium,3,Empty,Empty,Empty,Empty,44
G0004,G,00,04,Pallet,Empty,124,0,Large,4,Empty,Empty,Empty,Empty,124
G0104,G,01,04,Pallet,Empty,124,0,Large,4,Empty,Empty,Occupied,Occupied,124
G0204,G,02,04,Pallet,Empty,124,15,Large,4,Occupied,Occupied,Occupied,Occupied,109
G0304,G,03,04,Pallet,Occupied,124,40,Large,4,Occupied,Occupied,Occupied,Occupied,84
G0404,G,04,04,Pallet,Occupied,124,33,Medium,3,Occupied,Occupied,Occupied,Occupied,91
G0504,G,05,04,Pallet,Occupied,124,54,Medium,3,Occupied,Occupied,Occupied,Occupied,70
G0604,G,06,04,Pallet,Occupied,124,38,Medium,3,Occupied,Occupied,Occupied,Occupied,86
G0704,G,07,04,Pallet,Empty,124,15,Medium,3,Occupied,Occupied,Occupied,Occupied,109
G0804,G,08,04,Pallet,Empty,124,0,Medium,3,Empty,Empty,Empty,Empty,124
G0904,G,09,04,Pallet,Empty,124,15,Medium,3,Occupied,Occupied,Occupied,Occupied,109
G1004,G,10,04,Pallet,Occupied,124,85,Medium,3,Occupied,Occupied,Occupied,Occupied,39
G1104,G,11,04,Pallet,Occupied,124,63,Medium,3,Occupied,Occupied,Occupied,Occupied,61
G1204,G,12,04,Pallet,Occupied,124,24,Medium,3,Occupied,Occupied,Occupied,Occupied,100
G1304,G,13,04,Pallet,Empty,124,15,Medium,3,Occupied,Occupied,Occupied,Occupied,109
G1404,G,14,04,Pallet,Occupied,124,55,Medium,3,Occupied,Occupied,Occupied,Occupied,69
G1504,G,15,04,Pallet,Empty,124,15,Medium,3,Occupied,Occupied,Occupied,Occupied,109
G1604,G,16,04,Pallet,Occupied,124,81,Medium,3,Occupied,Occupied,Occupied,Occupied,43
G1704,G,17,04,Pallet,Occupied,124,99,Medium,3,Occupied,Occupied,Occupied,Occupied,25
G1804,G,18,04,Pallet,Occupied,124,101,Medium,3,Occupied,Occupied,Occupied,Occupied,23
G1904,G,19,04,Pallet,Empty,124,15,Medium,3,Occupied,Occupied,Occupied,Occupied,109
G2004,G,20,04,Pallet,Occupied,124,108,Medium,3,Occupied,Occupied,Occupied,Occupied,16
G2104,G,21,04,Pallet,Occupied,124,70,Medium,3,Occupied,Occupied,Occupied,Occupied,54
G0005,G,00,05,Pallet,Empty,144,0,Large,4,Empty,Occupied,Occupied,Occupied,144
G0105,G,01,05,Pallet,Occupied,144,0,Large,4,Empty,Occupied,Occupied,Occupied,144
G0205,G,02,05,Pallet,Occupied,144,0,Large,4,Empty,Occupied,Occupied,Occupied,144
G0305,G,03,05,Pallet,Occupied,144,0,Large,4,Empty,Empty,Empty,Empty,144
G0405,G,04,05,Pallet,Occupied,144,0,Medium,3,Empty,Empty,Empty,Empty,144
G0505,G,05,05,Pallet,Occupied,144,0,Medium,3,Empty,Occupied,Occupied,Occupied,144
G0605,G,06,05,Pallet,Occupied,144,0,Medium,3,Empty,Empty,Empty,Empty,144
G0705,G,07,05,Pallet,Occupied,144,0,Medium,3,Occupied,Empty,Occupied,Occupied,144
G0805,G,08,05,Pallet,Occupied,144,0,Medium,3,Occupied,Empty,Occupied,Occupied,144
G0905,G,09,05,Pallet,Occupied,144,0,Medium,3,Occupied,Occupied,Occupied,Empty,144
G1005,G,10,05,Pallet,Empty,144,0,Medium,3,Occupied,Occupied,Occupied,Empty,144
G1105,G,11,05,Pallet,Occupied,144,0,Medium,3,Occupied,Occupied,Empty,Empty,144
G1205,G,12,05,Pallet,Empty,144,0,Medium,3,Occupied,Occupied,Occupied,Empty,144
G1305,G,13,05,Pallet,Empty,144,0,Medium,3,Occupied,Empty,Empty,Empty,144
G1405,G,14,05,Pallet,Empty,144,0,Medium,3,Occupied,Empty,Empty,Empty,144
G1505,G,15,05,Pallet,Occupied,144,0,Medium,3,Empty,Empty,Empty,Empty,144
G1605,G,16,05,Pallet,Occupied,144,118,Medium,3,Empty,Empty,Empty,Empty,26
G1705,G,17,05,Pallet,Occupied,144,0,Medium,3,Occupied,Occupied,Occupied,Occupied,144
G1805,G,18,05,Pallet,Occupied,144,118,Medium,3,Occupied,Occupied,Occupied,Occupied,26
G1905,G,19,05,Pallet,Occupied,144,118,Medium,3,Occupied,Occupied,Occupied,Occupied,26
G2005,G,20,05,Pallet,Occupied,144,118,Medium,3,Occupied,Occupied,Occupied,Occupied,26
G2105,G,21,05,Pallet,Occupied,144,118,Medium,3,Occupied,Occupied,Occupied,Occupied,26
G0006,G,00,06,Pallet,Empty,149,0,Large,4,Empty,Occupied,Occupied,Occupied,149
G0106,G,01,06,Pallet,Empty,149,0,Large,4,Empty,Occupied,Occupied,Occupied,149
G0206,G,02,06,Pallet,Empty,149,0,Large,4,Empty,Occupied,Occupied,Occupied,149
G0306,G,03,06,Pallet,Empty,149,0,Large,4,Empty,Empty,Empty,Empty,149
G0406,G,04,06,Pallet,Occupied,149,92,Medium,3,Occupied,Occupied,Occupied,Occupied,57
G0506,G,05,06,Pallet,Empty,149,76,Medium,3,Occupied,Occupied,Occupied,Occupied,73
G0606,G,06,06,Pallet,Occupied,149,76,Medium,3,Empty,Empty,Empty,Empty,73
G0706,G,07,06,Pallet,Occupied,149,0,Medium,3,Empty,Empty,Empty,Occupied,149
G0806,G,08,06,Pallet,Empty,149,0,Medium,3,Empty,Empty,Empty,Occupied,149
G0906,G,09,06,Pallet,Occupied,149,50,Medium,3,Empty,Empty,Empty,Empty,99
G1006,G,10,06,Pallet,Occupied,149,89,Medium,3,Occupied,Occupied,Occupied,Occupied,60
G1106,G,11,06,Pallet,Occupied,149,129,Medium,3,Occupied,Occupied,Occupied,Occupied,20
G1206,G,12,06,Pallet,Occupied,149,129,Medium,3,Empty,Empty,Empty,Empty,20
G1306,G,13,06,Pallet,Occupied,149,90,Medium,3,Empty,Empty,Empty,Empty,59
G1406,G,14,06,Pallet,Occupied,149,90,Medium,3,Occupied,Occupied,Empty,Empty,59
G1506,G,15,06,Pallet,Occupied,149,90,Medium,3,Occupied,Occupied,Empty,Empty,59
G1606,G,16,06,Pallet,Occupied,149,116,Medium,3,Occupied,Occupied,Occupied,Occupied,33
G1706,G,17,06,Pallet,Occupied,149,97,Medium,3,Occupied,Occupied,Occupied,Occupied,52
G1806,G,18,06,Pallet,Empty,149,0,Medium,3,Empty,Empty,Empty,Empty,149
G1906,G,19,06,Pallet,Occupied,149,78,Medium,3,Occupied,Occupied,Occupied,Occupied,71
G2006,G,20,06,Pallet,Empty,149,0,Medium,3,Empty,Empty,Empty,Empty,149
G2106,G,21,06,Pallet,Occupied,149,82,Medium,3,Occupied,Occupied,Occupied,Occupied,67
H0001,H,00,01,Pallet,Occupied,104,62,Large,4,Occupied,Occupied,Occupied,Occupied,42
H0101,H,01,01,Pallet,Occupied,104,73,Large,4,Occupied,Occupied,Occupied,Occupied,31
H0201,H,02,01,Pallet,Occupied,104,47,Large,4,Occupied,Occupied,Occupied,Occupied,57
H0301,H,03,01,Pallet,Empty,104,69,Large,4,Occupied,Occupied,Occupied,Occupied,35
H0401,H,04,01,Pallet,Occupied,104,55,Medium,3,Occupied,Occupied,Occupied,Empty,49
H0501,H,05,01,Pallet,Occupied,104,80,Medium,3,Occupied,Occupied,Occupied,Occupied,24
H0601,H,06,01,Pallet,Occupied,104,52,Medium,3,Occupied,Occupied,Occupied,Occupied,52
H0701,H,07,01,Pallet,Occupied,104,42,Medium,3,Occupied,Occupied,Occupied,Occupied,62
H0801,H,08,01,Pallet,Occupied,104,47,Medium,3,Occupied,Occupied,Occupied,Empty,57
H0901,H,09,01,Pallet,Occupied,104,71,Medium,3,Occupied,Occupied,Occupied,Occupied,33
H1001,H,10,01,Pallet,Occupied,104,69,Medium,3,Occupied,Occupied,Occupied,Occupied,35
H1101,H,11,01,Pallet,Empty,104,0,Medium,3,Occupied,Occupied,Occupied,Empty,104
H1201,H,12,01,Pallet,Occupied,104,44,Medium,3,Occupied,Occupied,Occupied,Occupied,60
H1301,H,13,01,Pallet,Occupied,104,36,Medium,3,Occupied,Occupied,Occupied,Occupied,68
H1401,H,14,01,Pallet,Occupied,104,55,Medium,3,Occupied,Occupied,Occupied,Occupied,49
H1501,H,15,01,Pallet,Empty,104,0,Medium,3,Occupied,Occupied,Occupied,Occupied,104
H1601,H,16,01,Pallet,Occupied,104,59,Medium,3,Occupied,Occupied,Occupied,Empty,45
H1701,H,17,01,Pallet,Empty,104,49,Medium,3,Occupied,Occupied,Occupied,Occupied,55
H1801,H,18,01,Pallet,Occupied,104,37,Medium,3,Occupied,Occupied,Occupied,Occupied,67
H1901,H,19,01,Pallet,Occupied,104,59,Small,2,Occupied,Occupied,Occupied,Occupied,45
H2001,H,20,01,Pallet,Occupied,104,53,Small,2,Occupied,Occupied,Occupied,Occupied,51
H2101,H,21,01,Doorgang,,229,,,,,,,,
H0002,H,00,02,Legbord,Occupied,109,82,Large,4,Occupied,Occupied,Occupied,Occupied,27
H0102,H,01,02,Legbord,Occupied,109,83,Large,4,Occupied,Occupied,Occupied,Occupied,26
H0202,H,02,02,Pallet,Occupied,109,45,Large,4,Empty,Occupied,Occupied,Occupied,64
H0302,H,03,02,Pallet,Occupied,109,82,Large,4,Occupied,Occupied,Occupied,Occupied,27
H0402,H,04,02,Pallet,Occupied,109,53,Medium,3,Occupied,Occupied,Occupied,Occupied,56
H0502,H,05,02,Pallet,Occupied,109,19,Medium,3,Occupied,Occupied,Occupied,Occupied,90
H0602,H,06,02,Legbord,Occupied,109,48,Medium,3,Occupied,Occupied,Occupied,Occupied,61
H0702,H,07,02,Legbord,Occupied,109,2,Medium,3,Occupied,Occupied,Occupied,Occupied,107
H0802,H,08,02,Legbord,Occupied,109,66,Medium,3,Occupied,Occupied,Occupied,Empty,43
H0902,H,09,02,Legbord,Empty,109,0,Medium,3,Occupied,Occupied,Occupied,Occupied,109
H1002,H,10,02,Legbord,Occupied,109,47,Medium,3,Occupied,Occupied,Occupied,Occupied,62
H1102,H,11,02,Legbord,Occupied,109,63,Medium,3,Occupied,Occupied,Occupied,Occupied,46
H1202,H,12,02,Legbord,Occupied,109,42,Medium,3,Occupied,Occupied,Occupied,Occupied,67
H1302,H,13,02,Legbord,Occupied,109,42,Medium,3,Occupied,Occupied,Occupied,Occupied,67
H1402,H,14,02,Legbord,Occupied,109,49,Medium,3,Occupied,Occupied,Occupied,Occupied,60
H1502,H,15,02,Legbord,Occupied,109,16,Medium,3,Occupied,Occupied,Occupied,Occupied,93
H1602,H,16,02,Legbord,Occupied,109,76,Medium,3,Occupied,Occupied,Occupied,Occupied,33
H1702,H,17,02,Legbord,Occupied,109,75,Medium,3,Occupied,Occupied,Occupied,Occupied,34
H1802,H,18,02,Legbord,Occupied,109,67,Medium,3,Occupied,Occupied,Occupied,Occupied,42
H1902,H,19,02,Legbord,Occupied,109,35,Small,2,Occupied,Occupied,Occupied,Occupied,74
H2002,H,20,02,Legbord,Occupied,109,34,Small,2,Occupied,Occupied,Occupied,Occupied,75
H0003,H,00,03,Pallet,Occupied,179,114,Large,4,Occupied,Empty,Empty,Occupied,65
H0103,H,01,03,Pallet,Empty,179,114,Large,4,Occupied,Empty,Occupied,Occupied,65
H0203,H,02,03,Pallet,Empty,179,164,Large,4,Empty,Empty,Occupied,Occupied,15
H0303,H,03,03,Pallet,Empty,179,0,Large,4,Empty,Empty,Occupied,Occupied,179
H0403,H,04,03,Pallet,Empty,179,153,Medium,3,Empty,Occupied,Empty,Occupied,26
H0503,H,05,03,Pallet,Empty,179,0,Medium,3,Occupied,Occupied,Empty,Occupied,179
H0603,H,06,03,Pallet,Empty,179,30,Medium,3,Occupied,Occupied,Occupied,Occupied,149
H0703,H,07,03,Pallet,Empty,179,0,Medium,3,Occupied,Occupied,Occupied,Occupied,179
H0803,H,08,03,Pallet,Occupied,179,151,Medium,3,Occupied,Occupied,Occupied,Occupied,28
H0903,H,09,03,Pallet,Occupied,179,76,Medium,3,Occupied,Occupied,Occupied,Occupied,103
H1003,H,10,03,Pallet,Occupied,179,76,Medium,3,Occupied,Occupied,Occupied,Occupied,103
H1103,H,11,03,Pallet,Empty,179,116,Medium,3,Occupied,Empty,Occupied,Occupied,63
H1203,H,12,03,Pallet,Empty,179,0,Medium,3,Occupied,Occupied,Occupied,Occupied,179
H1303,H,13,03,Pallet,Empty,179,0,Medium,3,Empty,Empty,Occupied,Occupied,179
H1403,H,14,03,Pallet,Occupied,179,130,Medium,3,Occupied,Occupied,Occupied,Occupied,49
H1503,H,15,03,Pallet,Empty,179,0,Medium,3,Empty,Empty,Empty,Empty,179
H1603,H,16,03,Pallet,Occupied,179,126,Medium,3,Occupied,Occupied,Occupied,Occupied,53
H1703,H,17,03,Pallet,Occupied,179,61,Medium,3,Occupied,Occupied,Occupied,Occupied,118
H1803,H,18,03,Pallet,Occupied,179,61,Medium,3,Occupied,Occupied,Occupied,Occupied,118
H1903,H,19,03,Pallet,Occupied,179,86,Medium,3,Occupied,Occupied,Occupied,Occupied,93
H2003,H,20,03,Pallet,Empty,179,0,Medium,3,Empty,Empty,Occupied,Occupied,179
H2103,H,21,03,Pallet,Occupied,179,112,Medium,3,Occupied,Empty,Empty,Empty,67
H0004,H,00,04,Pallet,Empty,149,0,Large,4,Occupied,Occupied,Empty,Occupied,149
H0104,H,01,04,Pallet,Empty,149,0,Large,4,Occupied,Empty,Empty,Empty,149
H0204,H,02,04,Pallet,Empty,149,0,Large,4,Empty,Empty,Occupied,Empty,149
H0304,H,03,04,Pallet,Occupied,149,117,Large,4,Empty,Occupied,Occupied,Occupied,32
H0404,H,04,04,Pallet,Occupied,149,108,Medium,3,Occupied,Occupied,Occupied,Occupied,41
H0504,H,05,04,Pallet,Occupied,149,64,Medium,3,Occupied,Occupied,Occupied,Occupied,85
H0604,H,06,04,Pallet,Occupied,149,0,Medium,3,Occupied,Occupied,Occupied,Occupied,149
H0704,H,07,04,Pallet,Empty,149,0,Medium,3,Occupied,Empty,Empty,Occupied,149
H0804,H,08,04,Pallet,Empty,149,0,Medium,3,Occupied,Occupied,Occupied,Occupied,149
H0904,H,09,04,Pallet,Empty,149,0,Medium,3,Empty,Occupied,Occupied,Occupied,149
H1004,H,10,04,Pallet,Occupied,149,128,Medium,3,Empty,Empty,Empty,Occupied,21
H1104,H,11,04,Pallet,Occupied,149,128,Medium,3,Empty,Empty,Empty,Occupied,21
H1204,H,12,04,Pallet,Occupied,149,0,Medium,3,Empty,Empty,Empty,Occupied,149
H1304,H,13,04,Pallet,Occupied,149,0,Medium,3,Occupied,Occupied,Occupied,Occupied,149
H1404,H,14,04,Pallet,Empty,149,0,Medium,3,Empty,Empty,Empty,Empty,149
H1504,H,15,04,Pallet,Empty,149,0,Medium,3,Empty,Empty,Empty,Empty,149
H1604,H,16,04,Pallet,Empty,149,97,Medium,3,Empty,Empty,Occupied,Occupied,52
H1704,H,17,04,Pallet,Empty,149,15,Medium,3,Occupied,Occupied,Occupied,Occupied,134
H1804,H,18,04,Pallet,Empty,149,82,Medium,3,Occupied,Occupied,Occupied,Occupied,67
H1904,H,19,04,Pallet,Empty,149,55,Medium,3,Empty,Empty,Empty,Empty,94
H2004,H,20,04,Pallet,Occupied,149,137,Medium,3,Occupied,Occupied,Occupied,Occupied,12
H2104,H,21,04,Pallet,Occupied,149,0,Medium,3,Empty,Empty,Empty,Empty,149
H0005,H,00,05,Pallet,Occupied,149,118,Large,4,Occupied,Occupied,Occupied,Occupied,31
H0105,H,01,05,Pallet,Occupied,149,118,Large,4,Occupied,Occupied,Occupied,Occupied,31
H0205,H,02,05,Pallet,Occupied,149,69,Large,4,Empty,Occupied,Occupied,Occupied,80
H0305,H,03,05,Pallet,Occupied,149,0,Large,4,Empty,Occupied,Occupied,Occupied,149
H0405,H,04,05,Pallet,Occupied,149,57,Medium,3,Occupied,Empty,Empty,Occupied,92
H0505,H,05,05,Pallet,Occupied,149,38,Medium,3,Occupied,Empty,Empty,Occupied,111
H0605,H,06,05,Pallet,Empty,149,55,Medium,3,Occupied,Occupied,Occupied,Occupied,94
H0705,H,07,05,Pallet,Occupied,149,84,Medium,3,Occupied,Occupied,Occupied,Occupied,65
H0805,H,08,05,Pallet,Occupied,149,0,Medium,3,Occupied,Occupied,Occupied,Occupied,149
H0905,H,09,05,Pallet,Occupied,149,117,Medium,3,Occupied,Occupied,Occupied,Occupied,32
H1005,H,10,05,Pallet,Occupied,149,84,Medium,3,Occupied,Occupied,Occupied,Occupied,65
H1105,H,11,05,Pallet,Empty,149,76,Medium,3,Occupied,Occupied,Occupied,Occupied,73
H1205,H,12,05,Pallet,Occupied,149,81,Medium,3,Occupied,Occupied,Occupied,Occupied,68
H1305,H,13,05,Pallet,Occupied,149,0,Medium,3,Occupied,Empty,Empty,Empty,149
H1405,H,14,05,Pallet,Occupied,149,105,Medium,3,Occupied,Occupied,Occupied,Occupied,44
H1505,H,15,05,Pallet,Occupied,149,77,Medium,3,Occupied,Occupied,Occupied,Occupied,72
H1605,H,16,05,Pallet,Occupied,149,39,Medium,3,Occupied,Empty,Empty,Empty,110
H1705,H,17,05,Pallet,Occupied,149,88,Medium,3,Occupied,Occupied,Occupied,Occupied,61
H1805,H,18,05,Pallet,Occupied,149,98,Medium,3,Occupied,Occupied,Occupied,Occupied,51
H1905,H,19,05,Pallet,Occupied,149,77,Medium,3,Occupied,Occupied,Occupied,Occupied,72
H2005,H,20,05,Pallet,Occupied,149,0,Medium,3,Empty,Empty,Empty,Empty,149
H2105,H,21,05,Pallet,Occupied,149,90,Medium,3,Occupied,Occupied,Occupied,Occupied,59
I0001,I,00,01,Pallet Storage,Empty,104,0,Large,4,Empty,Empty,Empty,Empty,104
I0101,I,01,01,Pallet Storage,Empty,104,0,Large,4,Empty,Empty,Empty,Empty,104
I0201,I,02,01,Pallet Storage,Empty,104,0,Large,4,Empty,Empty,Empty,Empty,104
I0301,I,03,01,Pallet Storage,Empty,104,0,Large,4,Empty,Empty,Empty,Empty,104
I0401,I,04,01,Pallet,Occupied,104,85,Medium,3,Occupied,Occupied,Occupied,Occupied,19
I0501,I,05,01,Pallet,Occupied,104,95,Medium,3,Occupied,Occupied,Occupied,Occupied,9
I0601,I,06,01,Pallet,Occupied,104,78,Medium,3,Occupied,Occupied,Occupied,Occupied,26
I0701,I,07,01,Pallet,Occupied,104,95,Medium,3,Occupied,Occupied,Occupied,Occupied,9
I0801,I,08,01,Pallet,Occupied,104,59,Medium,3,Occupied,Occupied,Occupied,Occupied,45
I0901,I,09,01,Pallet,Occupied,104,69,Medium,3,Occupied,Occupied,Occupied,Occupied,35
I1001,I,10,01,Pallet,Occupied,104,56,Medium,3,Occupied,Occupied,Occupied,Occupied,48
I1101,I,11,01,Pallet,Occupied,104,23,Medium,3,Occupied,Occupied,Occupied,Occupied,81
I1201,I,12,01,Pallet,Occupied,104,69,Medium,3,Occupied,Occupied,Occupied,Occupied,35
I1301,I,13,01,Pallet,Occupied,104,75,Medium,3,Occupied,Occupied,Occupied,Occupied,29
I1401,I,14,01,Pallet,Occupied,104,69,Medium,3,Occupied,Occupied,Occupied,Occupied,35
I1501,I,15,01,Pallet,Occupied,104,22,Medium,3,Occupied,Occupied,Occupied,Occupied,82
I1601,I,16,01,Pallet,Occupied,104,75,Medium,3,Occupied,Occupied,Occupied,Occupied,29
I1701,I,17,01,Pallet,Occupied,104,61,Medium,3,Occupied,Occupied,Occupied,Occupied,43
I1801,I,18,01,Pallet,Occupied,104,81,Medium,3,Occupied,Occupied,Occupied,Occupied,23
I1901,I,19,01,Pallet,Occupied,104,71,Small,2,Occupied,Empty,Occupied,Occupied,33
I2001,I,20,01,Pallet,Occupied,104,43,Small,2,Occupied,Occupied,Occupied,Occupied,61
I2101,I,21,01,Doorgang,,229,,,,,,,,
I0002,I,00,02,Kaartenbakje,Occupied,109,0,Large,4,Occupied,Occupied,Occupied,Occupied,109
I0102,I,01,02,Legbord,Occupied,109,50,Large,4,Occupied,Occupied,Occupied,Occupied,59
I0202,I,02,02,Legbord,Occupied,109,81,Large,4,Occupied,Occupied,Occupied,Occupied,28
I0302,I,03,02,Legbord,Occupied,109,83,Large,4,Occupied,Occupied,Occupied,Occupied,26
I0402,I,04,02,Legbord,Occupied,109,62,Medium,3,Occupied,Occupied,Occupied,Occupied,47
I0502,I,05,02,Legbord,Occupied,109,76,Medium,3,Occupied,Occupied,Occupied,Occupied,33
I0602,I,06,02,Legbord,Occupied,109,29,Medium,3,Occupied,Occupied,Occupied,Occupied,80
I0702,I,07,02,Legbord,Occupied,109,52,Medium,3,Occupied,Occupied,Occupied,Occupied,57
I0802,I,08,02,Legbord,Occupied,109,47,Medium,3,Occupied,Occupied,Occupied,Occupied,62
I0902,I,09,02,Legbord,Occupied,109,74,Medium,3,Occupied,Occupied,Occupied,Occupied,35
I1002,I,10,02,Legbord,Occupied,109,47,Medium,3,Occupied,Occupied,Occupied,Occupied,62
I1102,I,11,02,Legbord,Occupied,109,42,Medium,3,Occupied,Occupied,Occupied,Occupied,67
I1202,I,12,02,Legbord,Occupied,109,8,Medium,3,Occupied,Occupied,Occupied,Occupied,101
I1302,I,13,02,Legbord,Occupied,109,83,Medium,3,Occupied,Occupied,Occupied,Occupied,26
I1402,I,14,02,Legbord,Occupied,109,19,Medium,3,Occupied,Occupied,Occupied,Occupied,90
I1502,I,15,02,Legbord,Occupied,109,99,Medium,3,Occupied,Occupied,Occupied,Occupied,10
I1602,I,16,02,Legbord,Occupied,109,39,Medium,3,Occupied,Occupied,Occupied,Occupied,70
I1702,I,17,02,Legbord,Occupied,109,22,Medium,3,Occupied,Occupied,Occupied,Occupied,87
I1802,I,18,02,Legbord,Empty,109,0,Medium,3,Occupied,Occupied,Occupied,Occupied,109
I1902,I,19,02,Legbord,Occupied,109,42,Small,2,Occupied,Occupied,Occupied,Occupied,67
I2002,I,20,02,Legbord,Occupied,109,28,Small,2,Occupied,Occupied,Occupied,Occupied,81
I0003,I,00,03,Pallet,Occupied,179,110,Large,4,Occupied,Occupied,Occupied,Occupied,69
I0103,I,01,03,Pallet,Empty,179,60,Large,4,Occupied,Occupied,Occupied,Occupied,119
I0203,I,02,03,Pallet,Occupied,179,109,Large,4,Occupied,Occupied,Occupied,Occupied,70
I0303,I,03,03,Pallet,Occupied,179,135,Large,4,Occupied,Occupied,Occupied,Occupied,44
I0403,I,04,03,Pallet,Empty,179,0,Medium,3,Empty,Occupied,Occupied,Occupied,179
I0503,I,05,03,Pallet,Occupied,179,0,Medium,3,Empty,Empty,Occupied,Occupied,179
I0603,I,06,03,Pallet,Empty,179,0,Medium,3,Empty,Empty,Empty,Occupied,179
I0703,I,07,03,Pallet,Occupied,179,177,Medium,3,Occupied,Occupied,Occupied,Occupied,2
I0803,I,08,03,Pallet,Empty,179,190,Medium,3,Occupied,Occupied,Occupied,Occupied,-11
I0903,I,09,03,Pallet,Empty,179,0,Medium,3,Empty,Empty,Occupied,Occupied,179
I1003,I,10,03,Pallet,Occupied,179,167,Medium,3,Empty,Occupied,Occupied,Occupied,12
I1103,I,11,03,Pallet,Empty,179,0,Medium,3,Empty,Empty,Empty,Empty,179
I1203,I,12,03,Pallet,Empty,179,152,Medium,3,Empty,Empty,Empty,Empty,27
I1303,I,13,03,Pallet,Occupied,179,55,Medium,3,Occupied,Occupied,Occupied,Occupied,124
I1403,I,14,03,Pallet,Occupied,179,119,Medium,3,Occupied,Occupied,Occupied,Occupied,60
I1503,I,15,03,Pallet,Empty,179,60,Medium,3,Occupied,Occupied,Occupied,Occupied,119
I1603,I,16,03,Pallet,Occupied,179,0,Medium,3,Occupied,Empty,Empty,Empty,179
I1703,I,17,03,Pallet,Occupied,179,0,Medium,3,Occupied,Occupied,Occupied,Occupied,179
I1803,I,18,03,Pallet,Empty,179,0,Medium,3,Empty,Empty,Empty,Empty,179
I1903,I,19,03,Pallet,Occupied,179,140,Medium,3,Occupied,Occupied,Occupied,Occupied,39
I2003,I,20,03,Pallet,Empty,179,0,Medium,3,Occupied,Occupied,Occupied,Occupied,179
I2103,I,21,03,Pallet,Occupied,179,0,Medium,3,Occupied,Occupied,Occupied,Occupied,179
I0004,I,00,04,Pallet,Empty,149,0,Large,4,Empty,Empty,Empty,Empty,149
I0104,I,01,04,Pallet,Empty,149,0,Large,4,Empty,Empty,Occupied,Occupied,149
I0204,I,02,04,Pallet,Occupied,149,0,Large,4,Empty,Empty,Empty,Empty,149
I0304,I,03,04,Pallet,Empty,149,0,Large,4,Empty,Empty,Empty,Empty,149
I0404,I,04,04,Pallet,Occupied,149,0,Medium,3,Empty,Empty,Occupied,Occupied,149
I0504,I,05,04,Pallet,Empty,149,0,Medium,3,Empty,Empty,Empty,Empty,149
I0604,I,06,04,Pallet,Empty,149,0,Medium,3,Empty,Empty,Empty,Empty,149
I0704,I,07,04,Pallet,Empty,149,69,Medium,3,Empty,Occupied,Occupied,Occupied,80
I0804,I,08,04,Pallet,Empty,149,0,Medium,3,Occupied,Empty,Empty,Empty,149
I0904,I,09,04,Pallet,Empty,149,0,Medium,3,Empty,Occupied,Empty,Empty,149
I1004,I,10,04,Pallet,Empty,149,112,Medium,3,Occupied,Occupied,Occupied,Occupied,37
I1104,I,11,04,Pallet,Empty,149,0,Medium,3,Empty,Occupied,Occupied,Occupied,149
I1204,I,12,04,Pallet,Empty,149,0,Medium,3,Empty,Occupied,Occupied,Occupied,149
I1304,I,13,04,Pallet,Occupied,149,82,Medium,3,Occupied,Occupied,Occupied,Occupied,67
I1404,I,14,04,Pallet,Empty,149,0,Medium,3,Empty,Empty,Empty,Empty,149
I1504,I,15,04,Pallet,Empty,149,104,Medium,3,Empty,Occupied,Occupied,Occupied,45
I1604,I,16,04,Pallet,Occupied,149,47,Medium,3,Occupied,Occupied,Occupied,Occupied,102
I1704,I,17,04,Pallet,Occupied,149,103,Medium,3,Occupied,Occupied,Occupied,Occupied,46
I1804,I,18,04,Pallet,Occupied,149,60,Medium,3,Empty,Occupied,Empty,Empty,89
I1904,I,19,04,Pallet,Occupied,149,88,Medium,3,Occupied,Occupied,Occupied,Occupied,61
I2004,I,20,04,Pallet,Occupied,149,0,Medium,3,Empty,Empty,Empty,Empty,149
I2104,I,21,04,Pallet,Empty,149,0,Medium,3,Empty,Empty,Empty,Empty,149
I0005,I,00,05,Pallet,Empty,149,0,Large,4,Empty,Empty,Empty,Empty,149
I0105,I,01,05,Pallet,Empty,149,0,Large,4,Empty,Empty,Empty,Empty,149
I0205,I,02,05,Pallet,Occupied,149,134,Large,4,Occupied,Occupied,Occupied,Occupied,15
I0305,I,03,05,Pallet,Occupied,149,134,Large,4,Occupied,Occupied,Occupied,Occupied,15
I0405,I,04,05,Pallet,Occupied,149,76,Medium,3,Occupied,Occupied,Occupied,Occupied,73
I0505,I,05,05,Pallet,Occupied,149,100,Medium,3,Occupied,Occupied,Occupied,Occupied,49
I0605,I,06,05,Pallet,Occupied,149,100,Medium,3,Occupied,Occupied,Occupied,Occupied,49
I0705,I,07,05,Pallet,Occupied,149,95,Medium,3,Occupied,Empty,Empty,Empty,54
I0805,I,08,05,Pallet,Occupied,149,0,Medium,3,Occupied,Occupied,Occupied,Occupied,149
I0905,I,09,05,Pallet,Occupied,149,0,Medium,3,Occupied,Occupied,Occupied,Occupied,149
I1005,I,10,05,Pallet,Empty,149,56,Medium,3,Occupied,Occupied,Occupied,Occupied,93
I1105,I,11,05,Pallet,Occupied,149,100,Medium,3,Occupied,Occupied,Occupied,Occupied,49
I1205,I,12,05,Pallet,Occupied,149,75,Medium,3,Occupied,Occupied,Occupied,Occupied,74
I1305,I,13,05,Pallet,Occupied,149,74,Medium,3,Occupied,Occupied,Occupied,Occupied,75
I1405,I,14,05,Pallet,Occupied,149,52,Medium,3,Empty,Occupied,Occupied,Occupied,97
I1505,I,15,05,Pallet,Occupied,149,95,Medium,3,Occupied,Occupied,Occupied,Occupied,54
I1605,I,16,05,Pallet,Occupied,149,95,Medium,3,Occupied,Occupied,Occupied,Occupied,54
I1705,I,17,05,Pallet,Occupied,149,95,Medium,3,Occupied,Occupied,Occupied,Occupied,54
I1805,I,18,05,Pallet,Empty,149,60,Medium,3,Empty,Empty,Empty,Empty,89
I1905,I,19,05,Pallet,Occupied,149,89,Medium,3,Occupied,Occupied,Occupied,Occupied,60
I2005,I,20,05,Pallet,Empty,149,89,Medium,3,Occupied,Occupied,Occupied,Occupied,60
I2105,I,21,05,Pallet,Empty,149,107,Medium,3,Occupied,Occupied,Occupied,Occupied,42
J0401,J,04,01,Pallet,Occupied,149,139,Medium,3,Occupied,Occupied,Occupied,Occupied,10
J0501,J,05,01,Pallet,Empty,149,86,Medium,3,Empty,Empty,Empty,Empty,63
J0601,J,06,01,Pallet,Occupied,149,42,Medium,3,Occupied,Occupied,Occupied,Occupied,107
J0701,J,07,01,Pallet,Occupied,149,78,Medium,3,Occupied,Occupied,Occupied,Occupied,71
J0801,J,08,01,Pallet,Occupied,149,19,Medium,3,Empty,Empty,Empty,Occupied,130
J0901,J,09,01,Pallet,Occupied,149,150,Medium,3,Occupied,Occupied,Occupied,Occupied,-1
J1001,J,10,01,Pallet,Occupied,104,39,Medium,3,Occupied,Occupied,Occupied,Occupied,65
J1101,J,11,01,Pallet,Occupied,104,95,Medium,3,Occupied,Occupied,Occupied,Occupied,9
J1201,J,12,01,Pallet,Occupied,104,71,Medium,3,Occupied,Occupied,Occupied,Occupied,33
J1301,J,13,01,Pallet,Occupied,104,62,Medium,3,Occupied,Occupied,Occupied,Occupied,42
J1401,J,14,01,Pallet,Occupied,104,56,Medium,3,Occupied,Occupied,Occupied,Occupied,48
J1501,J,15,01,Pallet,Occupied,104,67,Medium,3,Occupied,Occupied,Occupied,Occupied,37
J1601,J,16,01,Pallet,Empty,104,15,Medium,3,Occupied,Occupied,Occupied,Occupied,89
J1701,J,17,01,Pallet,Empty,104,15,Medium,3,Occupied,Occupied,Occupied,Occupied,89
J1801,J,18,01,Pallet,Occupied,104,31,Medium,3,Occupied,Occupied,Occupied,Occupied,73
J1901,J,19,01,Pallet,Occupied,104,55,Small,2,Occupied,Occupied,Occupied,Occupied,49
J2001,J,20,01,Pallet,Empty,104,15,Small,2,Occupied,Occupied,Occupied,Occupied,89
J2101,J,21,01,Doorgang,,224,,,,,,,,
J0002,J,00,02,Legbord,Occupied,59,31,Large,4,Occupied,Occupied,Occupied,Occupied,28
J0102,J,01,02,Legbord,Occupied,59,37,Large,4,Occupied,Occupied,Occupied,Occupied,22
J0202,J,02,02,Legbord,Occupied,59,37,Large,4,Occupied,Occupied,Occupied,Occupied,22
J0302,J,03,02,Legbord,Occupied,59,57,Large,4,Occupied,Occupied,Occupied,Occupied,2
J0402,J,04,02,Legbord,Occupied,59,54,Medium,3,Occupied,Occupied,Occupied,Occupied,5
J0502,J,05,02,Legbord,Occupied,59,54,Medium,3,Occupied,Occupied,Occupied,Occupied,5
J0602,J,06,02,Legbord,Empty,59,13,Medium,3,Occupied,Occupied,Occupied,Occupied,46
J0702,J,07,02,Legbord,Occupied,59,54,Medium,3,Occupied,Occupied,Occupied,Occupied,5
J0802,J,08,02,Legbord,Occupied,59,32,Medium,3,Occupied,Occupied,Occupied,Occupied,27
J0902,J,09,02,Legbord,Occupied,59,40,Medium,3,Occupied,Occupied,Occupied,Occupied,19
J1002,J,10,02,Legbord,Occupied,104,48,Medium,3,Occupied,Occupied,Occupied,Occupied,56
J1102,J,11,02,Legbord,Occupied,104,56,Medium,3,Occupied,Occupied,Occupied,Occupied,48
J1202,J,12,02,Legbord,Occupied,104,99,Medium,3,Occupied,Occupied,Occupied,Occupied,5
J1302,J,13,02,Legbord,Occupied,104,71,Medium,3,Occupied,Occupied,Occupied,Occupied,33
J1402,J,14,02,Legbord,Occupied,104,31,Medium,3,Occupied,Occupied,Occupied,Occupied,73
J1502,J,15,02,Legbord,Occupied,104,66,Medium,3,Occupied,Occupied,Occupied,Occupied,38
J1602,J,16,02,Legbord,Occupied,104,102,Medium,3,Occupied,Occupied,Occupied,Occupied,2
J1702,J,17,02,Legbord,Occupied,104,42,Medium,3,Occupied,Occupied,Occupied,Occupied,62
J1802,J,18,02,Legbord,Occupied,104,93,Medium,3,Occupied,Occupied,Occupied,Occupied,11
J1902,J,19,02,Legbord,Occupied,104,63,Small,2,Occupied,Occupied,Occupied,Occupied,41
J2002,J,20,02,Legbord,Occupied,104,39,Small,2,Occupied,Occupied,Occupied,Occupied,65
J0003,J,00,03,Pallet,Occupied,179,147,Large,4,Occupied,Occupied,Occupied,Occupied,32
J0103,J,01,03,Pallet,Occupied,179,147,Large,4,Empty,Occupied,Occupied,Occupied,32
J0203,J,02,03,Pallet,Occupied,179,67,Large,4,Empty,Occupied,Occupied,Occupied,112
J0303,J,03,03,Pallet,Occupied,179,34,Large,4,Occupied,Occupied,Occupied,Occupied,145
J0403,J,04,03,Pallet,Empty,179,69,Medium,3,Occupied,Empty,Empty,Occupied,110
J0503,J,05,03,Pallet,Occupied,179,139,Medium,3,Occupied,Occupied,Occupied,Occupied,40
J0603,J,06,03,Pallet,Occupied,179,15,Medium,3,Occupied,Occupied,Occupied,Occupied,164
J0703,J,07,03,Pallet,Occupied,179,38,Medium,3,Occupied,Occupied,Occupied,Occupied,141
J0803,J,08,03,Pallet,Occupied,179,108,Medium,3,Occupied,Occupied,Occupied,Occupied,71
J0903,J,09,03,Pallet,Occupied,179,14,Medium,3,Occupied,Occupied,Empty,Empty,165
J1003,J,10,03,Pallet,Occupied,179,116,Medium,3,Occupied,Occupied,Occupied,Occupied,63
J1103,J,11,03,Pallet,Occupied,179,78,Medium,3,Occupied,Empty,Empty,Empty,101
J1203,J,12,03,Pallet,Occupied,179,73,Medium,3,Occupied,Occupied,Occupied,Occupied,106
J1303,J,13,03,Pallet,Occupied,179,155,Medium,3,Occupied,Occupied,Occupied,Occupied,24
J1403,J,14,03,Pallet,Occupied,179,155,Medium,3,Occupied,Occupied,Occupied,Occupied,24
J1503,J,15,03,Pallet,Empty,179,160,Medium,3,Occupied,Occupied,Occupied,Occupied,19
J1603,J,16,03,Pallet,Occupied,179,0,Medium,3,Empty,Empty,Empty,Empty,179
J1703,J,17,03,Pallet,Empty,179,100,Medium,3,Occupied,Occupied,Empty,Occupied,79
J1803,J,18,03,Pallet,Occupied,179,139,Medium,3,Occupied,Occupied,Occupied,Occupied,40
J1903,J,19,03,Pallet,Occupied,179,134,Medium,3,Occupied,Occupied,Occupied,Occupied,45
J2003,J,20,03,Pallet,Occupied,179,134,Medium,3,Occupied,Occupied,Occupied,Occupied,45
J2103,J,21,03,Pallet,Occupied,179,162,Medium,3,Occupied,Occupied,Occupied,Occupied,17
J0004,J,00,04,Pallet,Occupied,149,49,Large,4,Occupied,Occupied,Occupied,Occupied,100
J0104,J,01,04,Pallet,Empty,149,0,Large,4,Empty,Occupied,Occupied,Occupied,149
J0204,J,02,04,Pallet,Occupied,149,0,Large,4,Empty,Occupied,Occupied,Occupied,149
J0304,J,03,04,Pallet,Occupied,149,0,Large,4,Empty,Occupied,Occupied,Occupied,149
J0404,J,04,04,Pallet,Occupied,149,40,Medium,3,Occupied,Occupied,Occupied,Occupied,109
J0504,J,05,04,Pallet,Occupied,149,122,Medium,3,Occupied,Occupied,Occupied,Occupied,27
J0604,J,06,04,Pallet,Occupied,149,72,Medium,3,Occupied,Occupied,Occupied,Occupied,77
J0704,J,07,04,Pallet,Occupied,149,40,Medium,3,Occupied,Occupied,Occupied,Occupied,109
J0804,J,08,04,Pallet,Occupied,149,15,Medium,3,Occupied,Occupied,Occupied,Occupied,134
J0904,J,09,04,Pallet,Occupied,149,28,Medium,3,Occupied,Occupied,Occupied,Occupied,121
J1004,J,10,04,Pallet,Occupied,149,123,Medium,3,Occupied,Occupied,Occupied,Occupied,26
J1104,J,11,04,Pallet,Occupied,149,15,Medium,3,Occupied,Occupied,Occupied,Empty,134
J1204,J,12,04,Pallet,Occupied,149,70,Medium,3,Occupied,Occupied,Occupied,Occupied,79
J1304,J,13,04,Pallet,Occupied,149,139,Medium,3,Occupied,Occupied,Occupied,Occupied,10
J1404,J,14,04,Pallet,Occupied,149,139,Medium,3,Occupied,Occupied,Occupied,Occupied,10
J1504,J,15,04,Pallet,Occupied,149,54,Medium,3,Occupied,Occupied,Occupied,Occupied,95
J1604,J,16,04,Pallet,Occupied,149,44,Medium,3,Occupied,Occupied,Occupied,Occupied,105
J1704,J,17,04,Pallet,Occupied,149,110,Medium,3,Occupied,Occupied,Occupied,Occupied,39
J1804,J,18,04,Pallet,Occupied,149,136,Medium,3,Occupied,Occupied,Occupied,Occupied,13
J1904,J,19,04,Pallet,Empty,149,140,Medium,3,Occupied,Occupied,Occupied,Occupied,9
J2004,J,20,04,Pallet,Occupied,149,140,Medium,3,Occupied,Occupied,Occupied,Occupied,9
J2104,J,21,04,Pallet,Occupied,149,34,Medium,3,Occupied,Occupied,Occupied,Occupied,115
J0005,J,00,05,Pallet,Occupied,154,112,Large,4,Occupied,Occupied,Occupied,Occupied,42
J0105,J,01,05,Pallet,Occupied,154,112,Large,4,Occupied,Occupied,Occupied,Occupied,42
J0205,J,02,05,Pallet,Occupied,154,80,Large,4,Occupied,Occupied,Occupied,Occupied,74
J0305,J,03,05,Pallet,Occupied,154,80,Large,4,Occupied,Occupied,Occupied,Occupied,74
J0405,J,04,05,Pallet,Empty,154,98,Medium,3,Occupied,Occupied,Occupied,Occupied,56
J0505,J,05,05,Pallet,Empty,154,98,Medium,3,Occupied,Occupied,Occupied,Occupied,56
J0605,J,06,05,Pallet,Occupied,154,54,Medium,3,Occupied,Empty,Empty,Empty,100
J0705,J,07,05,Pallet,Occupied,154,106,Medium,3,Occupied,Occupied,Occupied,Occupied,48
J0805,J,08,05,Pallet,Occupied,154,56,Medium,3,Occupied,Occupied,Occupied,Occupied,98
J0905,J,09,05,Pallet,Occupied,154,78,Medium,3,Occupied,Empty,Empty,Empty,76
J1005,J,10,05,Pallet,Empty,154,65,Medium,3,Occupied,Empty,Empty,Empty,89
J1105,J,11,05,Pallet,Occupied,154,107,Medium,3,Occupied,Occupied,Occupied,Occupied,47
J1205,J,12,05,Pallet,Occupied,154,82,Medium,3,Occupied,Occupied,Occupied,Occupied,72
J1305,J,13,05,Pallet,Occupied,154,105,Medium,3,Occupied,Occupied,Occupied,Occupied,49
J1405,J,14,05,Pallet,Occupied,154,98,Medium,3,Occupied,Occupied,Occupied,Occupied,56
J1505,J,15,05,Pallet,Occupied,154,109,Medium,3,Occupied,Occupied,Occupied,Occupied,45
J1605,J,16,05,Pallet,Occupied,154,73,Medium,3,Occupied,Occupied,Occupied,Occupied,81
J1705,J,17,05,Pallet,Occupied,154,97,Medium,3,Occupied,Occupied,Occupied,Occupied,57
J1805,J,18,05,Pallet,Occupied,154,79,Medium,3,Occupied,Empty,Empty,Empty,75
J1905,J,19,05,Pallet,Occupied,154,122,Medium,3,Occupied,Occupied,Occupied,Occupied,32
J2005,J,20,05,Pallet,Occupied,154,105,Medium,3,Occupied,Occupied,Occupied,Occupied,49
J2105,J,21,05,Pallet,Occupied,154,105,Medium,3,Occupied,Occupied,Occupied,Occupied,49
J0001a,J,00,1a,Legbord,Occupied,94,83,Large,4,Occupied,Occupied,Occupied,Occupied,11
J0101a,J,01,1a,Legbord,Occupied,94,95,Large,4,Occupied,Occupied,Occupied,Occupied,-1
J0201a,J,02,1a,Legbord,Occupied,94,93,Large,4,Occupied,Occupied,Occupied,Occupied,1
J0301a,J,03,1a,Legbord,Occupied,94,65,Large,4,Occupied,Occupied,Occupied,Occupied,29
J0001b,J,00,1b,Legbord,Occupied,39,36,Large,4,Occupied,Occupied,Occupied,Occupied,3
J0101b,J,01,1b,Legbord,Empty,39,0,Large,4,Occupied,Occupied,Occupied,Occupied,39
J0201b,J,02,1b,Legbord,Occupied,39,0,Large,4,Occupied,Occupied,Occupied,Occupied,39
J0301b,J,03,1b,Legbord,Empty,39,35,Large,4,Occupied,Occupied,Occupied,Occupied,4
K0001,K,00,01,Pallet,Occupied,64,54,Large,4,Occupied,Occupied,Occupied,Occupied,10
K0101,K,01,01,Pallet,Occupied,64,34,Large,4,Occupied,Occupied,Occupied,Occupied,30
K0201,K,02,01,Pallet,Empty,64,34,Large,4,Occupied,Occupied,Occupied,Occupied,30
K0301,K,03,01,Pallet,Occupied,64,34,Large,4,Occupied,Occupied,Occupied,Occupied,30
K0401,K,04,01,Pallet,Occupied,104,74,Medium,3,Occupied,Occupied,Occupied,Occupied,30
K0501,K,05,01,Pallet,Occupied,104,92,Medium,3,Occupied,Occupied,Occupied,Occupied,12
K0601,K,06,01,Pallet,Occupied,104,67,Medium,3,Occupied,Occupied,Occupied,Occupied,37
K0701,K,07,01,Pallet,Occupied,64,60,Medium,3,Occupied,Occupied,Occupied,Occupied,4
K0801,K,08,01,Pallet,Occupied,64,37,Medium,3,Occupied,Occupied,Occupied,Occupied,27
K0901,K,09,01,Pallet,Occupied,64,46,Medium,3,Occupied,Occupied,Occupied,Occupied,18
K1001,K,10,01,Pallet,Occupied,64,64,Medium,3,Occupied,Occupied,Occupied,Occupied,0
K1101,K,11,01,Pallet,Occupied,64,41,Medium,3,Occupied,Occupied,Occupied,Occupied,23
K1201,K,12,01,Pallet,Empty,64,41,Medium,3,Occupied,Occupied,Occupied,Occupied,23
K1301,K,13,01,Pallet,Occupied,84,80,Medium,3,Occupied,Occupied,Occupied,Occupied,4
K1401,K,14,01,Pallet,Occupied,84,77,Medium,3,Occupied,Occupied,Occupied,Occupied,7
K1501,K,15,01,Pallet,Occupied,84,78,Medium,3,Occupied,Occupied,Occupied,Occupied,6
K1601,K,16,01,Pallet,Occupied,84,76,Medium,3,Occupied,Occupied,Occupied,Occupied,8
K1701,K,17,01,Pallet,Occupied,84,79,Medium,3,Occupied,Occupied,Occupied,Occupied,5
K1801,K,18,01,Pallet,Occupied,84,79,Medium,3,Occupied,Occupied,Occupied,Occupied,5
K1901,K,19,01,Doorgang,,224,,,,,,,,
K2001,K,20,01,Doorgang,,224,,,,,,,,
K2101,K,21,01,Doorgang,,224,,,,,,,,
K0402,K,04,02,Legbord,Occupied,104,68,Medium,3,Occupied,Occupied,Occupied,Occupied,36
K0502,K,05,02,Legbord,Occupied,104,95,Medium,3,Occupied,Occupied,Occupied,Occupied,9
K0602,K,06,02,Pallet,Occupied,104,83,Medium,3,Occupied,Occupied,Occupied,Occupied,21
K0702,K,07,02,Pallet,Occupied,144,77,Medium,3,Occupied,Occupied,Occupied,Occupied,67
K0003,K,00,03,Pallet,Empty,179,104,Large,4,Occupied,Occupied,Occupied,Occupied,75
K0103,K,01,03,Pallet,Occupied,179,104,Large,4,Occupied,Occupied,Occupied,Occupied,75
K0203,K,02,03,Pallet,Occupied,179,80,Large,4,Occupied,Occupied,Occupied,Occupied,99
K0303,K,03,03,Pallet,Occupied,179,0,Large,4,Occupied,Occupied,Occupied,Occupied,179
K0403,K,04,03,Pallet,Empty,179,97,Medium,3,Occupied,Occupied,Occupied,Occupied,82
K0503,K,05,03,Pallet,Empty,179,150,Medium,3,Occupied,Occupied,Occupied,Occupied,29
K0603,K,06,03,Pallet,Empty,179,75,Medium,3,Empty,Empty,Empty,Occupied,104
K0703,K,07,03,Pallet,Empty,179,0,Medium,3,Empty,Occupied,Occupied,Occupied,179
K0803,K,08,03,Pallet,Empty,179,152,Medium,3,Occupied,Empty,Empty,Empty,27
K0903,K,09,03,Pallet,Occupied,179,97,Medium,3,Occupied,Empty,Empty,Occupied,82
K1003,K,10,03,Pallet,Empty,179,0,Medium,3,Empty,Empty,Empty,Empty,179
K1103,K,11,03,Pallet,Occupied,179,72,Medium,3,Occupied,Occupied,Occupied,Occupied,107
K1203,K,12,03,Pallet,Occupied,179,134,Medium,3,Occupied,Occupied,Occupied,Occupied,45
K1303,K,13,03,Pallet,Occupied,179,96,Medium,3,Occupied,Occupied,Occupied,Occupied,83
K1403,K,14,03,Pallet,Empty,179,52,Medium,3,Occupied,Occupied,Occupied,Occupied,127
K1503,K,15,03,Pallet,Occupied,179,40,Medium,3,Occupied,Occupied,Occupied,Occupied,139
K1603,K,16,03,Pallet,Occupied,179,60,Medium,3,Occupied,Occupied,Occupied,Occupied,119
K1703,K,17,03,Pallet,Empty,179,0,Medium,3,Empty,Empty,Empty,Empty,179
K1803,K,18,03,Pallet,Occupied,179,148,Medium,3,Empty,Empty,Empty,Empty,31
K1903,K,19,03,Pallet,Occupied,179,82,Medium,3,Occupied,Occupied,Occupied,Occupied,97
K2003,K,20,03,Pallet,Occupied,179,129,Medium,3,Occupied,Occupied,Occupied,Occupied,50
K2103,K,21,03,Pallet,Occupied,179,82,Medium,3,Occupied,Occupied,Occupied,Occupied,97
K0004,K,00,04,Pallet,Occupied,149,0,Large,4,Empty,Occupied,Occupied,Occupied,149
K0104,K,01,04,Pallet,Empty,149,0,Large,4,Empty,Occupied,Occupied,Occupied,149
K0204,K,02,04,Pallet,Empty,149,0,Large,4,Occupied,Occupied,Occupied,Occupied,149
K0304,K,03,04,Pallet,Empty,149,132,Large,4,Empty,Occupied,Occupied,Occupied,17
K0404,K,04,04,Pallet,Empty,149,0,Medium,3,Occupied,Occupied,Occupied,Occupied,149
K0504,K,05,04,Pallet,Occupied,149,0,Medium,3,Empty,Occupied,Occupied,Occupied,149
K0604,K,06,04,Pallet,Empty,149,0,Medium,3,Occupied,Occupied,Occupied,Occupied,149
K0704,K,07,04,Pallet,Empty,149,114,Medium,3,Empty,Occupied,Empty,Occupied,35
K0804,K,08,04,Pallet,Empty,149,128,Medium,3,Occupied,Occupied,Occupied,Occupied,21
K0904,K,09,04,Pallet,Occupied,149,128,Medium,3,Empty,Occupied,Empty,Occupied,21
K1004,K,10,04,Pallet,Occupied,149,105,Medium,3,Occupied,Occupied,Occupied,Occupied,44
K1104,K,11,04,Pallet,Empty,149,86,Medium,3,Occupied,Occupied,Occupied,Occupied,63
K1204,K,12,04,Pallet,Occupied,149,86,Medium,3,Occupied,Occupied,Occupied,Occupied,63
K1304,K,13,04,Pallet,Empty,149,0,Medium,3,Occupied,Occupied,Occupied,Occupied,149
K1404,K,14,04,Pallet,Occupied,149,0,Medium,3,Occupied,Empty,Empty,Empty,149
K1504,K,15,04,Pallet,Occupied,149,149,Medium,3,Occupied,Occupied,Occupied,Occupied,0
K1604,K,16,04,Pallet,Occupied,149,149,Medium,3,Occupied,Occupied,Occupied,Occupied,0
K1704,K,17,04,Pallet,Empty,149,0,Medium,3,Empty,Empty,Empty,Empty,149
K1804,K,18,04,Pallet,Occupied,149,142,Medium,3,Occupied,Occupied,Occupied,Occupied,7
K1904,K,19,04,Pallet,Occupied,149,92,Medium,3,Occupied,Occupied,Occupied,Occupied,57
K2004,K,20,04,Pallet,Occupied,149,92,Medium,3,Occupied,Occupied,Occupied,Occupied,57
K2104,K,21,04,Pallet,Empty,149,0,Medium,3,Empty,Empty,Empty,Empty,149
K0005,K,00,05,Pallet,Occupied,154,53,Large,4,Occupied,Occupied,Occupied,Occupied,101
K0105,K,01,05,Pallet,Occupied,154,53,Large,4,Empty,Occupied,Occupied,Occupied,101
K0205,K,02,05,Pallet,Occupied,154,0,Large,4,Empty,Occupied,Occupied,Occupied,154
K0305,K,03,05,Pallet,Occupied,154,117,Large,4,Occupied,Occupied,Occupied,Occupied,37
K0405,K,04,05,Pallet,Empty,154,88,Medium,3,Occupied,Empty,Empty,Empty,66
K0505,K,05,05,Pallet,Occupied,154,95,Medium,3,Occupied,Occupied,Occupied,Occupied,59
K0605,K,06,05,Pallet,Occupied,154,95,Medium,3,Occupied,Occupied,Occupied,Occupied,59
K0705,K,07,05,Pallet,Occupied,154,95,Medium,3,Occupied,Occupied,Occupied,Occupied,59
K0805,K,08,05,Pallet,Occupied,154,95,Medium,3,Occupied,Empty,Empty,Empty,59
K0905,K,09,05,Pallet,Occupied,154,99,Medium,3,Occupied,Occupied,Occupied,Occupied,55
K1005,K,10,05,Pallet,Occupied,154,136,Medium,3,Occupied,Empty,Empty,Empty,18
K1105,K,11,05,Pallet,Occupied,154,136,Medium,3,Occupied,Occupied,Occupied,Occupied,18
K1205,K,12,05,Pallet,Occupied,154,150,Medium,3,Occupied,Occupied,Occupied,Occupied,4
K1305,K,13,05,Pallet,Empty,154,81,Medium,3,Occupied,Occupied,Empty,Empty,73
K1405,K,14,05,Pallet,Occupied,154,61,Medium,3,Occupied,Occupied,Occupied,Occupied,93
K1505,K,15,05,Pallet,Occupied,154,83,Medium,3,Occupied,Occupied,Occupied,Occupied,71
K1605,K,16,05,Pallet,Occupied,154,83,Medium,3,Occupied,Occupied,Occupied,Occupied,71
K1705,K,17,05,Pallet,Occupied,154,83,Medium,3,Occupied,Occupied,Occupied,Occupied,71
K1805,K,18,05,Pallet,Occupied,154,96,Medium,3,Occupied,Occupied,Occupied,Occupied,58
K1905,K,19,05,Pallet,Empty,154,77,Medium,3,Occupied,Occupied,Occupied,Occupied,77
K2005,K,20,05,Pallet,Empty,154,77,Medium,3,Occupied,Occupied,Occupied,Empty,77
K2105,K,21,05,Pallet,Empty,154,0,Medium,3,Empty,Empty,Empty,Empty,154
K0002a,K,00,2a,Legbord,Occupied,69,72,Large,4,Occupied,Occupied,Occupied,Occupied,-3
K0102a,K,01,2a,Legbord,Occupied,69,72,Large,4,Occupied,Occupied,Occupied,Occupied,-3
K0202a,K,02,2a,Legbord,Occupied,69,72,Large,4,Occupied,Occupied,Occupied,Occupied,-3
K0302a,K,03,2a,Legbord,Occupied,69,67,Large,4,Occupied,Occupied,Occupied,Occupied,2
K0802a,K,08,2a,Legbord,Occupied,69,39,Medium,3,Occupied,Occupied,Occupied,Occupied,30
K0902a,K,09,2a,Legbord,Occupied,69,0,Medium,3,Occupied,Occupied,Occupied,Occupied,69
K1002a,K,10,2a,Legbord,Occupied,69,69,Medium,3,Occupied,Occupied,Occupied,Occupied,0
K1102a,K,11,2a,Legbord,Occupied,69,43,Medium,3,Occupied,Occupied,Occupied,Occupied,26
K1202a,K,12,2a,Legbord,Occupied,69,60,Medium,3,Occupied,Occupied,Occupied,Occupied,9
K1302a,K,13,2a,Legbord,Occupied,49,42,Medium,3,Occupied,Occupied,Occupied,Occupied,7
K1402a,K,14,2a,Legbord,Occupied,49,31,Medium,3,Occupied,Occupied,Occupied,Occupied,18
K1502a,K,15,2a,Legbord,Occupied,49,24,Medium,3,Occupied,Occupied,Occupied,Occupied,25
K1602a,K,16,2a,Legbord,Occupied,49,29,Medium,3,Occupied,Occupied,Occupied,Occupied,20
K1702a,K,17,2a,Legbord,Occupied,49,24,Medium,3,Occupied,Occupied,Occupied,Occupied,25
K1802a,K,18,2a,Legbord,Occupied,49,20,Medium,3,Occupied,Occupied,Occupied,Occupied,29
K0002b,K,00,2b,Legbord,Occupied,59,47,Large,4,Occupied,Occupied,Occupied,Occupied,12
K0102b,K,01,2b,Legbord,Occupied,59,43,Large,4,Occupied,Occupied,Occupied,Occupied,16
K0202b,K,02,2b,Legbord,Occupied,59,13,Large,4,Occupied,Occupied,Occupied,Occupied,46
K0302b,K,03,2b,Legbord,Occupied,59,41,Large,4,Occupied,Occupied,Occupied,Occupied,18
K0802b,K,08,2b,Legbord,Occupied,59,32,Medium,3,Occupied,Occupied,Occupied,Occupied,27
K0902b,K,09,2b,Pallet,Occupied,59,27,Medium,3,Occupied,Occupied,Occupied,Occupied,32
K1002b,K,10,2b,Legbord,Occupied,59,62,Medium,3,Occupied,Occupied,Occupied,Occupied,-3
K1102b,K,11,2b,Legbord,Occupied,59,22,Medium,3,Occupied,Occupied,Occupied,Occupied,37
K1202b,K,12,2b,Legbord,Occupied,59,66,Medium,3,Occupied,Empty,Occupied,Occupied,-7
K1302b,K,13,2b,Legbord,Occupied,59,27,Medium,3,Occupied,Occupied,Occupied,Occupied,32
K1402b,K,14,2b,Legbord,Occupied,59,9,Medium,3,Occupied,Occupied,Occupied,Occupied,50
K1502b,K,15,2b,Legbord,Occupied,59,47,Medium,3,Occupied,Occupied,Occupied,Occupied,12
K1602b,K,16,2b,Legbord,Occupied,59,21,Medium,3,Occupied,Occupied,Occupied,Occupied,38
K1702b,K,17,2b,Legbord,Occupied,59,45,Medium,3,Occupied,Occupied,Occupied,Occupied,14
K1802b,K,18,2b,Legbord,Occupied,59,54,Medium,3,Occupied,Occupied,Occupied,Occupied,5
