Location,Rack,Column,Row,Beam_Supported,Has_Grid,Beam_Coordinate,Beam_Height_Range_cm,Spanned_Locations
A0001,A,00,01,NO,NO,,,
A0002,A,00,02,YES,YES,A[00-03]:02,234-250,4
A0003,A,00,03,YES,YES,A[00-03]:03,484-500,4
A0004,A,00,04,YES,YES,A[00-03]:04,594-610,4
A0101,A,01,01,NO,NO,,,
A0102,A,01,02,YES,YES,A[00-03]:02,234-250,4
A0103,A,01,03,YES,YES,A[00-03]:03,484-500,4
A0104,A,01,04,YES,YES,A[00-03]:04,594-610,4
A0201,A,02,01,NO,NO,,,
A0202,A,02,02,YES,YES,A[00-03]:02,234-250,4
A0203,A,02,03,YES,YES,A[00-03]:03,484-500,4
A0204,A,02,04,YES,YES,A[00-03]:04,594-610,4
A0301,A,03,01,NO,NO,,,
A0302,A,03,02,YES,YES,A[00-03]:02,234-250,4
A0303,A,03,03,YES,YES,A[00-03]:03,484-500,4
A0304,A,03,04,YES,YES,A[00-03]:04,594-610,4
A0401,A,04,01,NO,NO,,,
A0402,A,04,02,YES,YES,A[04-06]:02,234-250,3
A0403,A,04,03,YES,YES,A[04-06]:03,484-500,3
A0404,A,04,04,YES,YES,A[04-06]:04,594-610,3
A0501,A,05,01,NO,NO,,,
A0502,A,05,02,YES,YES,A[04-06]:02,234-250,3
A0503,A,05,03,YES,YES,A[04-06]:03,484-500,3
A0504,A,05,04,YES,YES,A[04-06]:04,594-610,3
A0601,A,06,01,NO,NO,,,
A0602,A,06,02,YES,YES,A[04-06]:02,234-250,3
A0603,A,06,03,YES,YES,A[04-06]:03,484-500,3
A0604,A,06,04,YES,YES,A[04-06]:04,594-610,3
A0701,A,07,01,NO,NO,,,
A0702,A,07,02,YES,YES,A[07-09]:02,234-250,3
A0703,A,07,03,YES,YES,A[07-09]:03,484-500,3
A0704,A,07,04,YES,YES,A[07-09]:04,594-610,3
A0801,A,08,01,NO,NO,,,
A0802,A,08,02,YES,YES,A[07-09]:02,234-250,3
A0803,A,08,03,YES,YES,A[07-09]:03,484-500,3
A0804,A,08,04,YES,YES,A[07-09]:04,594-610,3
A0901,A,09,01,NO,NO,,,
A0902,A,09,02,YES,YES,A[07-09]:02,234-250,3
A0903,A,09,03,YES,YES,A[07-09]:03,484-500,3
A0904,A,09,04,YES,YES,A[07-09]:04,594-610,3
A1001,A,10,01,NO,NO,,,
A1002,A,10,02,YES,YES,A[10-12]:02,234-250,3
A1003,A,10,03,YES,YES,A[10-12]:03,484-500,3
A1004,A,10,04,YES,YES,A[10-12]:04,594-610,3
A1101,A,11,01,NO,NO,,,
A1102,A,11,02,YES,YES,A[10-12]:02,234-250,3
A1103,A,11,03,YES,YES,A[10-12]:03,484-500,3
A1104,A,11,04,YES,YES,A[10-12]:04,594-610,3
A1201,A,12,01,NO,NO,,,
A1202,A,12,02,YES,YES,A[10-12]:02,234-250,3
A1203,A,12,03,YES,YES,A[10-12]:03,484-500,3
A1204,A,12,04,YES,YES,A[10-12]:04,594-610,3
A1301,A,13,01,NO,NO,,,
A1302,A,13,02,YES,YES,A[13-15]:02,234-250,3
A1303,A,13,03,YES,YES,A[13-15]:03,484-500,3
A1304,A,13,04,YES,YES,A[13-15]:04,594-610,3
A1401,A,14,01,NO,NO,,,
A1402,A,14,02,YES,YES,A[13-15]:02,234-250,3
A1403,A,14,03,YES,YES,A[13-15]:03,484-500,3
A1404,A,14,04,YES,YES,A[13-15]:04,594-610,3
A1501,A,15,01,NO,NO,,,
A1502,A,15,02,YES,YES,A[13-15]:02,234-250,3
A1503,A,15,03,YES,YES,A[13-15]:03,484-500,3
A1504,A,15,04,YES,YES,A[13-15]:04,594-610,3
B0001,B,00,01,NO,NO,,,
B0002,B,00,02,YES,YES,B[00-03]:02,234-250,4
B0003,B,00,03,YES,YES,B[00-03]:03,484-500,4
B0004,B,00,04,YES,YES,B[00-03]:04,594-610,4
B0101,B,01,01,NO,NO,,,
B0102,B,01,02,YES,YES,B[00-03]:02,234-250,4
B0103,B,01,03,YES,YES,B[00-03]:03,484-500,4
B0104,B,01,04,YES,YES,B[00-03]:04,594-610,4
B0201,B,02,01,NO,NO,,,
B0202,B,02,02,YES,YES,B[00-03]:02,234-250,4
B0203,B,02,03,YES,YES,B[00-03]:03,484-500,4
B0204,B,02,04,YES,YES,B[00-03]:04,594-610,4
B0301,B,03,01,NO,NO,,,
B0302,B,03,02,YES,YES,B[00-03]:02,234-250,4
B0303,B,03,03,YES,YES,B[00-03]:03,484-500,4
B0304,B,03,04,YES,YES,B[00-03]:04,594-610,4
B0401,B,04,01,NO,NO,,,
B0402,B,04,02,YES,YES,B[04-06]:02,234-250,3
B0403,B,04,03,YES,YES,B[04-06]:03,484-500,3
B0404,B,04,04,YES,YES,B[04-06]:04,594-610,3
B0501,B,05,01,NO,NO,,,
B0502,B,05,02,YES,YES,B[04-06]:02,234-250,3
B0503,B,05,03,YES,YES,B[04-06]:03,484-500,3
B0504,B,05,04,YES,YES,B[04-06]:04,594-610,3
B0601,B,06,01,NO,NO,,,
B0602,B,06,02,YES,YES,B[04-06]:02,234-250,3
B0603,B,06,03,YES,YES,B[04-06]:03,484-500,3
B0604,B,06,04,YES,YES,B[04-06]:04,594-610,3
B0701,B,07,01,NO,NO,,,
B0702,B,07,02,YES,YES,B[07-09]:02,234-250,3
B0703,B,07,03,YES,YES,B[07-09]:03,484-500,3
B0704,B,07,04,YES,YES,B[07-09]:04,594-610,3
B0801,B,08,01,NO,NO,,,
B0802,B,08,02,YES,YES,B[07-09]:02,234-250,3
B0803,B,08,03,YES,YES,B[07-09]:03,484-500,3
B0804,B,08,04,YES,YES,B[07-09]:04,594-610,3
B0901,B,09,01,NO,NO,,,
B0902,B,09,02,YES,YES,B[07-09]:02,234-250,3
B0903,B,09,03,YES,YES,B[07-09]:03,484-500,3
B0904,B,09,04,YES,YES,B[07-09]:04,594-610,3
B1001,B,10,01,NO,NO,,,
B1002,B,10,02,YES,YES,B[10-12]:02,234-250,3
B1003,B,10,03,YES,YES,B[10-12]:03,484-500,3
B1004,B,10,04,YES,YES,B[10-12]:04,594-610,3
B1101,B,11,01,NO,NO,,,
B1102,B,11,02,YES,YES,B[10-12]:02,234-250,3
B1103,B,11,03,YES,YES,B[10-12]:03,484-500,3
B1104,B,11,04,YES,YES,B[10-12]:04,594-610,3
B1201,B,12,01,NO,NO,,,
B1202,B,12,02,YES,YES,B[10-12]:02,234-250,3
B1203,B,12,03,YES,YES,B[10-12]:03,484-500,3
B1204,B,12,04,YES,YES,B[10-12]:04,594-610,3
B1301,B,13,01,NO,NO,,,
B1302,B,13,02,YES,YES,B[13-15]:02,234-250,3
B1303,B,13,03,YES,YES,B[13-15]:03,484-500,3
B1304,B,13,04,YES,YES,B[13-15]:04,594-610,3
B1401,B,14,01,NO,NO,,,
B1402,B,14,02,YES,YES,B[13-15]:02,234-250,3
B1403,B,14,03,YES,YES,B[13-15]:03,484-500,3
B1404,B,14,04,YES,YES,B[13-15]:04,594-610,3
B1501,B,15,01,NO,NO,,,
B1502,B,15,02,YES,YES,B[13-15]:02,234-250,3
B1503,B,15,03,YES,YES,B[13-15]:03,484-500,3
B1504,B,15,04,YES,YES,B[13-15]:04,594-610,3
B1601,B,16,01,NO,NO,,,
B1602,B,16,02,YES,YES,B[16-18]:02,234-250,3
B1603,B,16,03,YES,YES,B[16-18]:03,484-500,3
B1604,B,16,04,YES,YES,B[16-18]:04,594-610,3
B1701,B,17,01,NO,NO,,,
B1702,B,17,02,YES,YES,B[16-18]:02,234-250,3
B1703,B,17,03,YES,YES,B[16-18]:03,484-500,3
B1704,B,17,04,YES,YES,B[16-18]:04,594-610,3
B1801,B,18,01,NO,NO,,,
B1802,B,18,02,YES,YES,B[16-18]:02,234-250,3
B1803,B,18,03,YES,YES,B[16-18]:03,484-500,3
B1804,B,18,04,YES,YES,B[16-18]:04,594-610,3
B1901a,B,19,1a,NO,NO,,,
B1901b,B,19,1b,YES,YES,B[19-20]:1b,94-110,2
B1901c,B,19,1c,YES,YES,B[19-20]:1c,149-165,2
B1902,B,19,02,YES,YES,B[19-21]:02,234-250,3
B1903,B,19,03,YES,YES,B[19-21]:03,484-500,3
B1904,B,19,04,YES,YES,B[19-21]:04,594-610,3
B2001a,B,20,1a,NO,NO,,,
B2001b,B,20,1b,YES,YES,B[19-20]:1b,94-110,2
B2001c,B,20,1c,YES,YES,B[19-20]:1c,149-165,2
B2002,B,20,02,YES,YES,B[19-21]:02,234-250,3
B2003,B,20,03,YES,YES,B[19-21]:03,484-500,3
B2004,B,20,04,YES,YES,B[19-21]:04,594-610,3
B2101,B,21,01,NO,NO,,,
B2102,B,21,02,YES,YES,B[19-21]:02,234-250,3
B2103,B,21,03,YES,YES,B[19-21]:03,484-500,3
B2104,B,21,04,YES,YES,B[19-21]:04,594-610,3
D0001,D,00,01,NO,NO,,,
D0002,D,00,02,YES,YES,D[00-03]:02,69-85,4
D0003,D,00,03,YES,YES,D[00-03]:03,149-165,4
D0004,D,00,04,YES,YES,D[00-03]:04,229-245,4
D0005,D,00,05,YES,YES,D[00-03]:05,309-325,4
D0006,D,00,06,YES,YES,D[00-03]:06,564-580,4
D0101,D,01,01,NO,NO,,,
D0102,D,01,02,YES,YES,D[00-03]:02,69-85,4
D0103,D,01,03,YES,YES,D[00-03]:03,149-165,4
D0104,D,01,04,YES,YES,D[00-03]:04,229-245,4
D0105,D,01,05,YES,YES,D[00-03]:05,309-325,4
D0106,D,01,06,YES,YES,D[00-03]:06,564-580,4
D0201,D,02,01,NO,NO,,,
D0202,D,02,02,YES,YES,D[00-03]:02,69-85,4
D0203,D,02,03,YES,YES,D[00-03]:03,149-165,4
D0204,D,02,04,YES,YES,D[00-03]:04,229-245,4
D0205,D,02,05,YES,YES,D[00-03]:05,309-325,4
D0206,D,02,06,YES,YES,D[00-03]:06,564-580,4
D0301,D,03,01,NO,NO,,,
D0302,D,03,02,YES,YES,D[00-03]:02,69-85,4
D0303,D,03,03,YES,YES,D[00-03]:03,149-165,4
D0304,D,03,04,YES,YES,D[00-03]:04,229-245,4
D0305,D,03,05,YES,YES,D[00-03]:05,309-325,4
D0306,D,03,06,YES,YES,D[00-03]:06,564-580,4
D0401,D,04,01,NO,NO,,,
D0402,D,04,02,YES,YES,D[04-06]:02,69-85,3
D0403,D,04,03,YES,YES,D[04-06]:03,149-165,3
D0404,D,04,04,YES,YES,D[04-06]:04,229-245,3
D0405,D,04,05,YES,YES,D[04-06]:05,309-325,3
D0406,D,04,06,YES,YES,D[04-06]:06,564-580,3
D0501,D,05,01,NO,NO,,,
D0502,D,05,02,YES,YES,D[04-06]:02,69-85,3
D0503,D,05,03,YES,YES,D[04-06]:03,149-165,3
D0504,D,05,04,YES,YES,D[04-06]:04,229-245,3
D0505,D,05,05,YES,YES,D[04-06]:05,309-325,3
D0506,D,05,06,YES,YES,D[04-06]:06,564-580,3
D0601,D,06,01,NO,NO,,,
D0602,D,06,02,YES,YES,D[04-06]:02,69-85,3
D0603,D,06,03,YES,YES,D[04-06]:03,149-165,3
D0604,D,06,04,YES,YES,D[04-06]:04,229-245,3
D0605,D,06,05,YES,YES,D[04-06]:05,309-325,3
D0606,D,06,06,YES,YES,D[04-06]:06,564-580,3
D0701,D,07,01,NO,NO,,,
D0702,D,07,02,YES,YES,D[07-09]:02,69-85,3
D0703,D,07,03,YES,YES,D[07-09]:03,149-165,3
D0704,D,07,04,YES,YES,D[07-09]:04,229-245,3
D0705,D,07,05,YES,YES,D[07-09]:05,309-325,3
D0706,D,07,06,YES,YES,D[07-09]:06,564-580,3
D0801,D,08,01,NO,NO,,,
D0802,D,08,02,YES,YES,D[07-09]:02,69-85,3
D0803,D,08,03,YES,YES,D[07-09]:03,149-165,3
D0804,D,08,04,YES,YES,D[07-09]:04,229-245,3
D0805,D,08,05,YES,YES,D[07-09]:05,309-325,3
D0806,D,08,06,YES,YES,D[07-09]:06,564-580,3
D0901,D,09,01,NO,NO,,,
D0902,D,09,02,YES,YES,D[07-09]:02,69-85,3
D0903,D,09,03,YES,YES,D[07-09]:03,149-165,3
D0904,D,09,04,YES,YES,D[07-09]:04,229-245,3
D0905,D,09,05,YES,YES,D[07-09]:05,309-325,3
D0906,D,09,06,YES,YES,D[07-09]:06,564-580,3
D1001,D,10,01,NO,NO,,,
D1002,D,10,02,YES,YES,D[10-12]:02,69-85,3
D1003,D,10,03,YES,YES,D[10-12]:03,149-165,3
D1004,D,10,04,YES,YES,D[10-12]:04,229-245,3
D1005,D,10,05,YES,YES,D[10-12]:05,309-325,3
D1006,D,10,06,YES,YES,D[10-12]:06,564-580,3
D1101,D,11,01,NO,NO,,,
D1102,D,11,02,YES,YES,D[10-12]:02,69-85,3
D1103,D,11,03,YES,YES,D[10-12]:03,149-165,3
D1104,D,11,04,YES,YES,D[10-12]:04,229-245,3
D1105,D,11,05,YES,YES,D[10-12]:05,309-325,3
D1106,D,11,06,YES,YES,D[10-12]:06,564-580,3
D1201,D,12,01,NO,NO,,,
D1202,D,12,02,YES,YES,D[10-12]:02,69-85,3
D1203,D,12,03,YES,YES,D[10-12]:03,149-165,3
D1204,D,12,04,YES,YES,D[10-12]:04,229-245,3
D1205,D,12,05,YES,YES,D[10-12]:05,309-325,3
D1206,D,12,06,YES,YES,D[10-12]:06,564-580,3
D1301,D,13,01,NO,NO,,,
D1302,D,13,02,YES,YES,D[13-15]:02,69-85,3
D1303,D,13,03,YES,YES,D[13-15]:03,149-165,3
D1304,D,13,04,YES,YES,D[13-15]:04,229-245,3
D1305,D,13,05,YES,YES,D[13-15]:05,309-325,3
D1306,D,13,06,YES,YES,D[13-15]:06,564-580,3
D1401,D,14,01,NO,NO,,,
D1402,D,14,02,YES,YES,D[13-15]:02,69-85,3
D1403,D,14,03,YES,YES,D[13-15]:03,149-165,3
D1404,D,14,04,YES,YES,D[13-15]:04,229-245,3
D1405,D,14,05,YES,YES,D[13-15]:05,309-325,3
D1406,D,14,06,YES,YES,D[13-15]:06,564-580,3
D1501,D,15,01,NO,NO,,,
D1502,D,15,02,YES,YES,D[13-15]:02,69-85,3
D1503,D,15,03,YES,YES,D[13-15]:03,149-165,3
D1504,D,15,04,YES,YES,D[13-15]:04,229-245,3
D1505,D,15,05,YES,YES,D[13-15]:05,309-325,3
D1506,D,15,06,YES,YES,D[13-15]:06,564-580,3
D1601,D,16,01,NO,NO,,,
D1603,D,16,03,YES,YES,D[16-18]:03,149-165,3
D1604,D,16,04,YES,YES,D[16-18]:04,229-245,3
D1605,D,16,05,YES,YES,D[16-18]:05,309-325,3
D1606,D,16,06,YES,YES,D[16-18]:06,564-580,3
D1701,D,17,01,NO,NO,,,
D1703,D,17,03,YES,YES,D[16-18]:03,149-165,3
D1704,D,17,04,YES,YES,D[16-18]:04,229-245,3
D1705,D,17,05,YES,YES,D[16-18]:05,309-325,3
D1706,D,17,06,YES,YES,D[16-18]:06,564-580,3
D1801,D,18,01,NO,NO,,,
D1803,D,18,03,YES,YES,D[16-18]:03,149-165,3
D1804,D,18,04,YES,YES,D[16-18]:04,229-245,3
D1805,D,18,05,YES,YES,D[16-18]:05,309-325,3
D1806,D,18,06,YES,YES,D[16-18]:06,564-580,3
D1901,D,19,01,NO,NO,,,
D1903,D,19,03,YES,YES,D[19-20]:03,149-165,2
D1904,D,19,04,YES,YES,D[19-21]:04,229-245,3
D1905,D,19,05,YES,YES,D[19-21]:05,309-325,3
D1906,D,19,06,YES,YES,D[19-21]:06,564-580,3
D2001,D,20,01,NO,NO,,,
D2003,D,20,03,YES,YES,D[19-20]:03,149-165,2
D2004,D,20,04,YES,YES,D[19-21]:04,229-245,3
D2005,D,20,05,YES,YES,D[19-21]:05,309-325,3
D2006,D,20,06,YES,YES,D[19-21]:06,564-580,3
D2101,D,21,01,NO,NO,,,
D2104,D,21,04,YES,YES,D[19-21]:04,229-245,3
D2105,D,21,05,YES,YES,D[19-21]:05,309-325,3
D2106,D,21,06,YES,YES,D[19-21]:06,564-580,3
E0001,E,00,01,NO,NO,,,
E0002,E,00,02,YES,YES,E[00-03]:02,69-85,4
E0003,E,00,03,YES,YES,E[00-03]:03,149-165,4
E0004,E,00,04,YES,YES,E[00-03]:04,229-245,4
E0005,E,00,05,YES,YES,E[00-03]:05,309-325,4
E0006,E,00,06,YES,YES,E[00-03]:06,389-405,4
E0007,E,00,07,YES,YES,E[00-03]:07,574-590,4
E0101,E,01,01,NO,NO,,,
E0102,E,01,02,YES,YES,E[00-03]:02,69-85,4
E0103,E,01,03,YES,YES,E[00-03]:03,149-165,4
E0104,E,01,04,YES,YES,E[00-03]:04,229-245,4
E0105,E,01,05,YES,YES,E[00-03]:05,309-325,4
E0106,E,01,06,YES,YES,E[00-03]:06,389-405,4
E0107,E,01,07,YES,YES,E[00-03]:07,574-590,4
E0201,E,02,01,NO,NO,,,
E0202,E,02,02,YES,YES,E[00-03]:02,69-85,4
E0203,E,02,03,YES,YES,E[00-03]:03,149-165,4
E0204,E,02,04,YES,YES,E[00-03]:04,229-245,4
E0205,E,02,05,YES,YES,E[00-03]:05,309-325,4
E0206,E,02,06,YES,YES,E[00-03]:06,389-405,4
E0207,E,02,07,YES,YES,E[00-03]:07,574-590,4
E0301,E,03,01,NO,NO,,,
E0302,E,03,02,YES,YES,E[00-03]:02,69-85,4
E0303,E,03,03,YES,YES,E[00-03]:03,149-165,4
E0304,E,03,04,YES,YES,E[00-03]:04,229-245,4
E0305,E,03,05,YES,YES,E[00-03]:05,309-325,4
E0306,E,03,06,YES,YES,E[00-03]:06,389-405,4
E0307,E,03,07,YES,YES,E[00-03]:07,574-590,4
E0401,E,04,01,NO,NO,,,
E0402,E,04,02,YES,YES,E[04-06]:02,69-85,3
E0403,E,04,03,YES,YES,E[04-06]:03,149-165,3
E0404,E,04,04,YES,YES,E[04-06]:04,229-245,3
E0405,E,04,05,YES,YES,E[04-06]:05,309-325,3
E0406,E,04,06,YES,YES,E[04-06]:06,389-405,3
E0407,E,04,07,YES,YES,E[04-06]:07,574-590,3
E0501,E,05,01,NO,NO,,,
E0502,E,05,02,YES,YES,E[04-06]:02,69-85,3
E0503,E,05,03,YES,YES,E[04-06]:03,149-165,3
E0504,E,05,04,YES,YES,E[04-06]:04,229-245,3
E0505,E,05,05,YES,YES,E[04-06]:05,309-325,3
E0506,E,05,06,YES,YES,E[04-06]:06,389-405,3
E0507,E,05,07,YES,YES,E[04-06]:07,574-590,3
E0601,E,06,01,NO,NO,,,
E0602,E,06,02,YES,YES,E[04-06]:02,69-85,3
E0603,E,06,03,YES,YES,E[04-06]:03,149-165,3
E0604,E,06,04,YES,YES,E[04-06]:04,229-245,3
E0605,E,06,05,YES,YES,E[04-06]:05,309-325,3
E0606,E,06,06,YES,YES,E[04-06]:06,389-405,3
E0607,E,06,07,YES,YES,E[04-06]:07,574-590,3
E0701,E,07,01,NO,NO,,,
E0702,E,07,02,YES,YES,E[07-09]:02,69-85,3
E0703,E,07,03,YES,YES,E[07-09]:03,149-165,3
E0704,E,07,04,YES,YES,E[07-09]:04,229-245,3
E0705,E,07,05,YES,YES,E[07-09]:05,309-325,3
E0706,E,07,06,YES,YES,E[07-09]:06,389-405,3
E0707,E,07,07,YES,YES,E[07-09]:07,574-590,3
E0801,E,08,01,NO,NO,,,
E0802,E,08,02,YES,YES,E[07-09]:02,69-85,3
E0803,E,08,03,YES,YES,E[07-09]:03,149-165,3
E0804,E,08,04,YES,YES,E[07-09]:04,229-245,3
E0805,E,08,05,YES,YES,E[07-09]:05,309-325,3
E0806,E,08,06,YES,YES,E[07-09]:06,389-405,3
E0807,E,08,07,YES,YES,E[07-09]:07,574-590,3
E0901,E,09,01,NO,NO,,,
E0902,E,09,02,YES,YES,E[07-09]:02,69-85,3
E0903,E,09,03,YES,YES,E[07-09]:03,149-165,3
E0904,E,09,04,YES,YES,E[07-09]:04,229-245,3
E0905,E,09,05,YES,YES,E[07-09]:05,309-325,3
E0906,E,09,06,YES,YES,E[07-09]:06,389-405,3
E0907,E,09,07,YES,YES,E[07-09]:07,574-590,3
E1001,E,10,01,NO,NO,,,
E1002,E,10,02,YES,YES,E[10-12]:02,69-85,3
E1003,E,10,03,YES,YES,E[10-12]:03,149-165,3
E1004,E,10,04,YES,YES,E[10-12]:04,229-245,3
E1005,E,10,05,YES,YES,E[10-12]:05,309-325,3
E1006,E,10,06,YES,YES,E[10-12]:06,389-405,3
E1007,E,10,07,YES,YES,E[10-12]:07,574-590,3
E1101,E,11,01,NO,NO,,,
E1102,E,11,02,YES,YES,E[10-12]:02,69-85,3
E1103,E,11,03,YES,YES,E[10-12]:03,149-165,3
E1104,E,11,04,YES,YES,E[10-12]:04,229-245,3
E1105,E,11,05,YES,YES,E[10-12]:05,309-325,3
E1106,E,11,06,YES,YES,E[10-12]:06,389-405,3
E1107,E,11,07,YES,YES,E[10-12]:07,574-590,3
E1201,E,12,01,NO,NO,,,
E1202,E,12,02,YES,YES,E[10-12]:02,69-85,3
E1203,E,12,03,YES,YES,E[10-12]:03,149-165,3
E1204,E,12,04,YES,YES,E[10-12]:04,229-245,3
E1205,E,12,05,YES,YES,E[10-12]:05,309-325,3
E1206,E,12,06,YES,YES,E[10-12]:06,389-405,3
E1207,E,12,07,YES,YES,E[10-12]:07,574-590,3
E1301,E,13,01,NO,NO,,,
E1302,E,13,02,YES,YES,E[13-15]:02,69-85,3
E1303,E,13,03,YES,YES,E[13-15]:03,149-165,3
E1304,E,13,04,YES,YES,E[13-15]:04,229-245,3
E1305,E,13,05,YES,YES,E[13-15]:05,309-325,3
E1306,E,13,06,YES,YES,E[13-15]:06,389-405,3
E1307,E,13,07,YES,YES,E[13-15]:07,574-590,3
E1401,E,14,01,NO,NO,,,
E1402,E,14,02,YES,YES,E[13-15]:02,69-85,3
E1403,E,14,03,YES,YES,E[13-15]:03,149-165,3
E1404,E,14,04,YES,YES,E[13-15]:04,229-245,3
E1405,E,14,05,YES,YES,E[13-15]:05,309-325,3
E1406,E,14,06,YES,YES,E[13-15]:06,389-405,3
E1407,E,14,07,YES,YES,E[13-15]:07,574-590,3
E1501,E,15,01,NO,NO,,,
E1502,E,15,02,YES,YES,E[13-15]:02,69-85,3
E1503,E,15,03,YES,YES,E[13-15]:03,149-165,3
E1504,E,15,04,YES,YES,E[13-15]:04,229-245,3
E1505,E,15,05,YES,YES,E[13-15]:05,309-325,3
E1506,E,15,06,YES,YES,E[13-15]:06,389-405,3
E1507,E,15,07,YES,YES,E[13-15]:07,574-590,3
E1601,E,16,01,NO,NO,,,
E1602,E,16,02,YES,YES,E[16-18]:02,69-85,3
E1603,E,16,03,YES,YES,E[16-18]:03,149-165,3
E1604,E,16,04,YES,YES,E[16-18]:04,229-245,3
E1605,E,16,05,YES,YES,E[16-18]:05,309-325,3
E1606,E,16,06,YES,YES,E[16-18]:06,389-405,3
E1607,E,16,07,YES,YES,E[16-18]:07,574-590,3
E1701,E,17,01,NO,NO,,,
E1702,E,17,02,YES,YES,E[16-18]:02,69-85,3
E1703,E,17,03,YES,YES,E[16-18]:03,149-165,3
E1704,E,17,04,YES,YES,E[16-18]:04,229-245,3
E1705,E,17,05,YES,YES,E[16-18]:05,309-325,3
E1706,E,17,06,YES,YES,E[16-18]:06,389-405,3
E1707,E,17,07,YES,YES,E[16-18]:07,574-590,3
E1801,E,18,01,NO,NO,,,
E1802,E,18,02,YES,YES,E[16-18]:02,69-85,3
E1803,E,18,03,YES,YES,E[16-18]:03,149-165,3
E1804,E,18,04,YES,YES,E[16-18]:04,229-245,3
E1805,E,18,05,YES,YES,E[16-18]:05,309-325,3
E1806,E,18,06,YES,YES,E[16-18]:06,389-405,3
E1807,E,18,07,YES,YES,E[16-18]:07,574-590,3
E1901,E,19,01,NO,NO,,,
E1902,E,19,02,YES,YES,E[19-20]:02,69-85,2
E1903,E,19,03,YES,YES,E[19-20]:03,149-165,2
E1904,E,19,04,YES,YES,E[19-21]:04,229-245,3
E1905,E,19,05,YES,YES,E[19-21]:05,309-325,3
E1906,E,19,06,YES,YES,E[19-21]:06,389-405,3
E1907,E,19,07,YES,YES,E[19-21]:07,574-590,3
E2001,E,20,01,NO,NO,,,
E2002,E,20,02,YES,YES,E[19-20]:02,69-85,2
E2003,E,20,03,YES,YES,E[19-20]:03,149-165,2
E2004,E,20,04,YES,YES,E[19-21]:04,229-245,3
E2005,E,20,05,YES,YES,E[19-21]:05,309-325,3
E2006,E,20,06,YES,YES,E[19-21]:06,389-405,3
E2007,E,20,07,YES,YES,E[19-21]:07,574-590,3
E2101,E,21,01,NO,NO,,,
E2104,E,21,04,YES,YES,E[19-21]:04,229-245,3
E2105,E,21,05,YES,YES,E[19-21]:05,309-325,3
E2106,E,21,06,YES,YES,E[19-21]:06,389-405,3
E2107,E,21,07,YES,YES,E[19-21]:07,574-590,3
F0001,F,00,01,NO,NO,,,
F0002,F,00,02,YES,YES,F[00-03]:02,109-125,4
F0003,F,00,03,YES,YES,F[00-03]:03,199-215,4
F0004,F,00,04,YES,YES,F[00-03]:04,289-305,4
F0006,F,00,06,YES,YES,F[00-03]:06,449-465,4
F0007,F,00,07,YES,YES,F[00-03]:07,599-615,4
F0101,F,01,01,NO,NO,,,
F0102,F,01,02,YES,YES,F[00-03]:02,109-125,4
F0103,F,01,03,YES,YES,F[00-03]:03,199-215,4
F0104,F,01,04,YES,YES,F[00-03]:04,289-305,4
F0106,F,01,06,YES,YES,F[00-03]:06,449-465,4
F0107,F,01,07,YES,YES,F[00-03]:07,599-615,4
F0201,F,02,01,NO,NO,,,
F0202,F,02,02,YES,YES,F[00-03]:02,109-125,4
F0203,F,02,03,YES,YES,F[00-03]:03,199-215,4
F0204,F,02,04,YES,YES,F[00-03]:04,289-305,4
F0206,F,02,06,YES,YES,F[00-03]:06,449-465,4
F0207,F,02,07,YES,YES,F[00-03]:07,599-615,4
F0301,F,03,01,NO,NO,,,
F0302,F,03,02,YES,YES,F[00-03]:02,109-125,4
F0303,F,03,03,YES,YES,F[00-03]:03,199-215,4
F0304,F,03,04,YES,YES,F[00-03]:04,289-305,4
F0306,F,03,06,YES,YES,F[00-03]:06,449-465,4
F0307,F,03,07,YES,YES,F[00-03]:07,599-615,4
F0401,F,04,01,NO,NO,,,
F0402,F,04,02,YES,YES,F[04-06]:02,109-125,3
F0403,F,04,03,YES,YES,F[04-06]:03,199-215,3
F0404,F,04,04,YES,YES,F[04-06]:04,289-305,3
F0405,F,04,05,YES,YES,F[04-06]:05,369-385,3
F0407,F,04,07,YES,YES,F[04-06]:07,599-615,3
F0501,F,05,01,NO,NO,,,
F0502,F,05,02,YES,YES,F[04-06]:02,109-125,3
F0503,F,05,03,YES,YES,F[04-06]:03,199-215,3
F0504,F,05,04,YES,YES,F[04-06]:04,289-305,3
F0505,F,05,05,YES,YES,F[04-06]:05,369-385,3
F0507,F,05,07,YES,YES,F[04-06]:07,599-615,3
F0601,F,06,01,NO,NO,,,
F0602,F,06,02,YES,YES,F[04-06]:02,109-125,3
F0603,F,06,03,YES,YES,F[04-06]:03,199-215,3
F0604,F,06,04,YES,YES,F[04-06]:04,289-305,3
F0605,F,06,05,YES,YES,F[04-06]:05,369-385,3
F0607,F,06,07,YES,YES,F[04-06]:07,599-615,3
F0701,F,07,01,NO,NO,,,
F0702,F,07,02,YES,YES,F[07-09]:02,109-125,3
F0703,F,07,03,YES,YES,F[07-09]:03,199-215,3
F0704,F,07,04,YES,YES,F[07-09]:04,289-305,3
F0705,F,07,05,YES,YES,F[07-09]:05,369-385,3
F0706,F,07,06,YES,YES,F[07-09]:06,449-465,3
F0707,F,07,07,YES,YES,F[07-09]:07,599-615,3
F0801,F,08,01,NO,NO,,,
F0802,F,08,02,YES,YES,F[07-09]:02,109-125,3
F0803,F,08,03,YES,YES,F[07-09]:03,199-215,3
F0804,F,08,04,YES,YES,F[07-09]:04,289-305,3
F0805,F,08,05,YES,YES,F[07-09]:05,369-385,3
F0806,F,08,06,YES,YES,F[07-09]:06,449-465,3
F0807,F,08,07,YES,YES,F[07-09]:07,599-615,3
F0901,F,09,01,NO,NO,,,
F0902,F,09,02,YES,YES,F[07-09]:02,109-125,3
F0903,F,09,03,YES,YES,F[07-09]:03,199-215,3
F0904,F,09,04,YES,YES,F[07-09]:04,289-305,3
F0905,F,09,05,YES,YES,F[07-09]:05,369-385,3
F0906,F,09,06,YES,YES,F[07-09]:06,449-465,3
F0907,F,09,07,YES,YES,F[07-09]:07,599-615,3
F1001,F,10,01,NO,NO,,,
F1002,F,10,02,YES,YES,F[10-12]:02,109-125,3
F1003,F,10,03,YES,YES,F[10-12]:03,199-215,3
F1004,F,10,04,YES,YES,F[10-12]:04,289-305,3
F1005,F,10,05,YES,YES,F[10-12]:05,369-385,3
F1006,F,10,06,YES,YES,F[10-12]:06,449-465,3
F1007,F,10,07,YES,YES,F[10-12]:07,599-615,3
F1101,F,11,01,NO,NO,,,
F1102,F,11,02,YES,YES,F[10-12]:02,109-125,3
F1103,F,11,03,YES,YES,F[10-12]:03,199-215,3
F1104,F,11,04,YES,YES,F[10-12]:04,289-305,3
F1105,F,11,05,YES,YES,F[10-12]:05,369-385,3
F1106,F,11,06,YES,YES,F[10-12]:06,449-465,3
F1107,F,11,07,YES,YES,F[10-12]:07,599-615,3
F1201,F,12,01,NO,NO,,,
F1202,F,12,02,YES,YES,F[10-12]:02,109-125,3
F1203,F,12,03,YES,YES,F[10-12]:03,199-215,3
F1204,F,12,04,YES,YES,F[10-12]:04,289-305,3
F1205,F,12,05,YES,YES,F[10-12]:05,369-385,3
F1206,F,12,06,YES,YES,F[10-12]:06,449-465,3
F1207,F,12,07,YES,YES,F[10-12]:07,599-615,3
F1301,F,13,01,NO,NO,,,
F1302,F,13,02,YES,YES,F[13-15]:02,109-125,3
F1303,F,13,03,YES,YES,F[13-15]:03,199-215,3
F1304,F,13,04,YES,YES,F[13-15]:04,289-305,3
F1305,F,13,05,YES,YES,F[13-15]:05,369-385,3
F1306,F,13,06,YES,YES,F[13-15]:06,449-465,3
F1307,F,13,07,YES,YES,F[13-15]:07,599-615,3
F1401,F,14,01,NO,NO,,,
F1402,F,14,02,YES,YES,F[13-15]:02,109-125,3
F1403,F,14,03,YES,YES,F[13-15]:03,199-215,3
F1404,F,14,04,YES,YES,F[13-15]:04,289-305,3
F1405,F,14,05,YES,YES,F[13-15]:05,369-385,3
F1406,F,14,06,YES,YES,F[13-15]:06,449-465,3
F1407,F,14,07,YES,YES,F[13-15]:07,599-615,3
F1501,F,15,01,NO,NO,,,
F1502,F,15,02,YES,YES,F[13-15]:02,109-125,3
F1503,F,15,03,YES,YES,F[13-15]:03,199-215,3
F1504,F,15,04,YES,YES,F[13-15]:04,289-305,3
F1505,F,15,05,YES,YES,F[13-15]:05,369-385,3
F1506,F,15,06,YES,YES,F[13-15]:06,449-465,3
F1507,F,15,07,YES,YES,F[13-15]:07,599-615,3
F1601,F,16,01,NO,NO,,,
F1602,F,16,02,YES,YES,F[16-18]:02,109-125,3
F1603,F,16,03,YES,YES,F[16-18]:03,199-215,3
F1604,F,16,04,YES,YES,F[16-18]:04,289-305,3
F1605,F,16,05,YES,YES,F[16-18]:05,369-385,3
F1606,F,16,06,YES,YES,F[16-18]:06,449-465,3
F1607,F,16,07,YES,YES,F[16-18]:07,599-615,3
F1701,F,17,01,NO,NO,,,
F1702,F,17,02,YES,YES,F[16-18]:02,109-125,3
F1703,F,17,03,YES,YES,F[16-18]:03,199-215,3
F1704,F,17,04,YES,YES,F[16-18]:04,289-305,3
F1705,F,17,05,YES,YES,F[16-18]:05,369-385,3
F1706,F,17,06,YES,YES,F[16-18]:06,449-465,3
F1707,F,17,07,YES,YES,F[16-18]:07,599-615,3
F1801,F,18,01,NO,NO,,,
F1802,F,18,02,YES,YES,F[16-18]:02,109-125,3
F1803,F,18,03,YES,YES,F[16-18]:03,199-215,3
F1804,F,18,04,YES,YES,F[16-18]:04,289-305,3
F1805,F,18,05,YES,YES,F[16-18]:05,369-385,3
F1806,F,18,06,YES,YES,F[16-18]:06,449-465,3
F1807,F,18,07,YES,YES,F[16-18]:07,599-615,3
F1901,F,19,01,NO,NO,,,
F1902,F,19,02,YES,YES,F[19-20]:02,109-125,2
F1903,F,19,03,YES,YES,F[19-21]:03,229-245,3
F1904,F,19,04,YES,YES,F[19-21]:04,289-305,3
F1905,F,19,05,YES,YES,F[19-21]:05,369-385,3
F1906,F,19,06,YES,YES,F[19-21]:06,449-465,3
F1907,F,19,07,YES,YES,F[19-21]:07,599-615,3
F2001,F,20,01,NO,NO,,,
F2002,F,20,02,YES,YES,F[19-20]:02,109-125,2
F2003,F,20,03,YES,YES,F[19-21]:03,229-245,3
F2004,F,20,04,YES,YES,F[19-21]:04,289-305,3
F2005,F,20,05,YES,YES,F[19-21]:05,369-385,3
F2006,F,20,06,YES,YES,F[19-21]:06,449-465,3
F2007,F,20,07,YES,YES,F[19-21]:07,599-615,3
F2101,F,21,01,NO,NO,,,
F2103,F,21,03,YES,YES,F[19-21]:03,229-245,3
F2104,F,21,04,YES,YES,F[19-21]:04,289-305,3
F2105,F,21,05,YES,YES,F[19-21]:05,369-385,3
F2106,F,21,06,YES,YES,F[19-21]:06,449-465,3
F2107,F,21,07,YES,YES,F[19-21]:07,599-615,3
G0001,G,00,01,NO,NO,,,
G0002,G,00,02,YES,YES,G[00-03]:02,109-125,4
G0003,G,00,03,YES,YES,G[00-03]:03,199-215,4
G0004,G,00,04,YES,YES,G[00-03]:04,289-305,4
G0005,G,00,05,YES,YES,G[00-03]:05,429-445,4
G0006,G,00,06,YES,YES,G[00-03]:06,589-605,4
G0101,G,01,01,NO,NO,,,
G0102,G,01,02,YES,YES,G[00-03]:02,109-125,4
G0103,G,01,03,YES,YES,G[00-03]:03,199-215,4
G0104,G,01,04,YES,YES,G[00-03]:04,289-305,4
G0105,G,01,05,YES,YES,G[00-03]:05,429-445,4
G0106,G,01,06,YES,YES,G[00-03]:06,589-605,4
G0201,G,02,01,NO,NO,,,
G0202,G,02,02,YES,YES,G[00-03]:02,109-125,4
G0203,G,02,03,YES,YES,G[00-03]:03,199-215,4
G0204,G,02,04,YES,YES,G[00-03]:04,289-305,4
G0205,G,02,05,YES,YES,G[00-03]:05,429-445,4
G0206,G,02,06,YES,YES,G[00-03]:06,589-605,4
G0301,G,03,01,NO,NO,,,
G0302,G,03,02,YES,YES,G[00-03]:02,109-125,4
G0303,G,03,03,YES,YES,G[00-03]:03,199-215,4
G0304,G,03,04,YES,YES,G[00-03]:04,289-305,4
G0305,G,03,05,YES,YES,G[00-03]:05,429-445,4
G0306,G,03,06,YES,YES,G[00-03]:06,589-605,4
G0401,G,04,01,NO,NO,,,
G0402,G,04,02,YES,YES,G[04-06]:02,109-125,3
G0403,G,04,03,YES,YES,G[04-06]:03,199-215,3
G0404,G,04,04,YES,YES,G[04-06]:04,289-305,3
G0405,G,04,05,YES,YES,G[04-06]:05,429-445,3
G0406,G,04,06,YES,YES,G[04-06]:06,589-605,3
G0501,G,05,01,NO,NO,,,
G0502,G,05,02,YES,YES,G[04-06]:02,109-125,3
G0503,G,05,03,YES,YES,G[04-06]:03,199-215,3
G0504,G,05,04,YES,YES,G[04-06]:04,289-305,3
G0505,G,05,05,YES,YES,G[04-06]:05,429-445,3
G0506,G,05,06,YES,YES,G[04-06]:06,589-605,3
G0601,G,06,01,NO,NO,,,
G0602,G,06,02,YES,YES,G[04-06]:02,109-125,3
G0603,G,06,03,YES,YES,G[04-06]:03,199-215,3
G0604,G,06,04,YES,YES,G[04-06]:04,289-305,3
G0605,G,06,05,YES,YES,G[04-06]:05,429-445,3
G0606,G,06,06,YES,YES,G[04-06]:06,589-605,3
G0701,G,07,01,NO,NO,,,
G0702,G,07,02,YES,YES,G[07-09]:02,109-125,3
G0703,G,07,03,YES,YES,G[07-09]:03,199-215,3
G0704,G,07,04,YES,YES,G[07-09]:04,289-305,3
G0705,G,07,05,YES,YES,G[07-09]:05,429-445,3
G0706,G,07,06,YES,YES,G[07-09]:06,589-605,3
G0801,G,08,01,NO,NO,,,
G0802,G,08,02,YES,YES,G[07-09]:02,109-125,3
G0803,G,08,03,YES,YES,G[07-09]:03,199-215,3
G0804,G,08,04,YES,YES,G[07-09]:04,289-305,3
G0805,G,08,05,YES,YES,G[07-09]:05,429-445,3
G0806,G,08,06,YES,YES,G[07-09]:06,589-605,3
G0901,G,09,01,NO,NO,,,
G0902,G,09,02,YES,YES,G[07-09]:02,109-125,3
G0903,G,09,03,YES,YES,G[07-09]:03,199-215,3
G0904,G,09,04,YES,YES,G[07-09]:04,289-305,3
G0905,G,09,05,YES,YES,G[07-09]:05,429-445,3
G0906,G,09,06,YES,YES,G[07-09]:06,589-605,3
G1001,G,10,01,NO,NO,,,
G1002,G,10,02,YES,YES,G[10-12]:02,109-125,3
G1003,G,10,03,YES,YES,G[10-12]:03,199-215,3
G1004,G,10,04,YES,YES,G[10-12]:04,289-305,3
G1005,G,10,05,YES,YES,G[10-12]:05,429-445,3
G1006,G,10,06,YES,YES,G[10-12]:06,589-605,3
G1101,G,11,01,NO,NO,,,
G1102,G,11,02,YES,YES,G[10-12]:02,109-125,3
G1103,G,11,03,YES,YES,G[10-12]:03,199-215,3
G1104,G,11,04,YES,YES,G[10-12]:04,289-305,3
G1105,G,11,05,YES,YES,G[10-12]:05,429-445,3
G1106,G,11,06,YES,YES,G[10-12]:06,589-605,3
G1201,G,12,01,NO,NO,,,
G1202,G,12,02,YES,YES,G[10-12]:02,109-125,3
G1203,G,12,03,YES,YES,G[10-12]:03,199-215,3
G1204,G,12,04,YES,YES,G[10-12]:04,289-305,3
G1205,G,12,05,YES,YES,G[10-12]:05,429-445,3
G1206,G,12,06,YES,YES,G[10-12]:06,589-605,3
G1301,G,13,01,NO,NO,,,
G1302,G,13,02,YES,YES,G[13-15]:02,109-125,3
G1303,G,13,03,YES,YES,G[13-15]:03,199-215,3
G1304,G,13,04,YES,YES,G[13-15]:04,289-305,3
G1305,G,13,05,YES,YES,G[13-15]:05,429-445,3
G1306,G,13,06,YES,YES,G[13-15]:06,589-605,3
G1401,G,14,01,NO,NO,,,
G1402,G,14,02,YES,YES,G[13-15]:02,109-125,3
G1403,G,14,03,YES,YES,G[13-15]:03,199-215,3
G1404,G,14,04,YES,YES,G[13-15]:04,289-305,3
G1405,G,14,05,YES,YES,G[13-15]:05,429-445,3
G1406,G,14,06,YES,YES,G[13-15]:06,589-605,3
G1501,G,15,01,NO,NO,,,
G1502,G,15,02,YES,YES,G[13-15]:02,109-125,3
G1503,G,15,03,YES,YES,G[13-15]:03,199-215,3
G1504,G,15,04,YES,YES,G[13-15]:04,289-305,3
G1505,G,15,05,YES,YES,G[13-15]:05,429-445,3
G1506,G,15,06,YES,YES,G[13-15]:06,589-605,3
G1601,G,16,01,NO,NO,,,
G1602,G,16,02,YES,YES,G[16-18]:02,109-125,3
G1603,G,16,03,YES,YES,G[16-18]:03,199-215,3
G1604,G,16,04,YES,YES,G[16-18]:04,289-305,3
G1605,G,16,05,YES,YES,G[16-18]:05,429-445,3
G1606,G,16,06,YES,YES,G[16-18]:06,589-605,3
G1701,G,17,01,NO,NO,,,
G1702,G,17,02,YES,YES,G[16-18]:02,109-125,3
G1703,G,17,03,YES,YES,G[16-18]:03,199-215,3
G1704,G,17,04,YES,YES,G[16-18]:04,289-305,3
G1705,G,17,05,YES,YES,G[16-18]:05,429-445,3
G1706,G,17,06,YES,YES,G[16-18]:06,589-605,3
G1801,G,18,01,NO,NO,,,
G1802,G,18,02,YES,YES,G[16-18]:02,109-125,3
G1803,G,18,03,YES,YES,G[16-18]:03,199-215,3
G1804,G,18,04,YES,YES,G[16-18]:04,289-305,3
G1805,G,18,05,YES,YES,G[16-18]:05,429-445,3
G1806,G,18,06,YES,YES,G[16-18]:06,589-605,3
G1901,G,19,01,NO,NO,,,
G1902,G,19,02,YES,YES,G[19-20]:02,109-125,2
G1903,G,19,03,YES,YES,G[19-21]:03,229-245,3
G1904,G,19,04,YES,YES,G[19-21]:04,289-305,3
G1905,G,19,05,YES,YES,G[19-21]:05,429-445,3
G1906,G,19,06,YES,YES,G[19-21]:06,589-605,3
G2001,G,20,01,NO,NO,,,
G2002,G,20,02,YES,YES,G[19-20]:02,109-125,2
G2003,G,20,03,YES,YES,G[19-21]:03,229-245,3
G2004,G,20,04,YES,YES,G[19-21]:04,289-305,3
G2005,G,20,05,YES,YES,G[19-21]:05,429-445,3
G2006,G,20,06,YES,YES,G[19-21]:06,589-605,3
G2101,G,21,01,NO,NO,,,
G2103,G,21,03,YES,YES,G[19-21]:03,229-245,3
G2104,G,21,04,YES,YES,G[19-21]:04,289-305,3
G2105,G,21,05,YES,YES,G[19-21]:05,429-445,3
G2106,G,21,06,YES,YES,G[19-21]:06,589-605,3
H0001,H,00,01,NO,NO,,,
H0002,H,00,02,YES,YES,H[00-03]:02,104-120,4
H0003,H,00,03,YES,YES,H[00-03]:03,229-245,4
H0004,H,00,04,YES,YES,H[00-03]:04,424-440,4
H0005,H,00,05,YES,YES,H[00-03]:05,589-605,4
H0101,H,01,01,NO,NO,,,
H0102,H,01,02,YES,YES,H[00-03]:02,104-120,4
H0103,H,01,03,YES,YES,H[00-03]:03,229-245,4
H0104,H,01,04,YES,YES,H[00-03]:04,424-440,4
H0105,H,01,05,YES,YES,H[00-03]:05,589-605,4
H0201,H,02,01,NO,NO,,,
H0202,H,02,02,YES,YES,H[00-03]:02,104-120,4
H0203,H,02,03,YES,YES,H[00-03]:03,229-245,4
H0204,H,02,04,YES,YES,H[00-03]:04,424-440,4
H0205,H,02,05,YES,YES,H[00-03]:05,589-605,4
H0301,H,03,01,NO,NO,,,
H0302,H,03,02,YES,YES,H[00-03]:02,104-120,4
H0303,H,03,03,YES,YES,H[00-03]:03,229-245,4
H0304,H,03,04,YES,YES,H[00-03]:04,424-440,4
H0305,H,03,05,YES,YES,H[00-03]:05,589-605,4
H0401,H,04,01,NO,NO,,,
H0402,H,04,02,YES,YES,H[04-06]:02,104-120,3
H0403,H,04,03,YES,YES,H[04-06]:03,229-245,3
H0404,H,04,04,YES,YES,H[04-06]:04,424-440,3
H0405,H,04,05,YES,YES,H[04-06]:05,589-605,3
H0501,H,05,01,NO,NO,,,
H0502,H,05,02,YES,YES,H[04-06]:02,104-120,3
H0503,H,05,03,YES,YES,H[04-06]:03,229-245,3
H0504,H,05,04,YES,YES,H[04-06]:04,424-440,3
H0505,H,05,05,YES,YES,H[04-06]:05,589-605,3
H0601,H,06,01,NO,NO,,,
H0602,H,06,02,YES,YES,H[04-06]:02,104-120,3
H0603,H,06,03,YES,YES,H[04-06]:03,229-245,3
H0604,H,06,04,YES,YES,H[04-06]:04,424-440,3
H0605,H,06,05,YES,YES,H[04-06]:05,589-605,3
H0701,H,07,01,NO,NO,,,
H0702,H,07,02,YES,YES,H[07-09]:02,104-120,3
H0703,H,07,03,YES,YES,H[07-09]:03,229-245,3
H0704,H,07,04,YES,YES,H[07-09]:04,424-440,3
H0705,H,07,05,YES,YES,H[07-09]:05,589-605,3
H0801,H,08,01,NO,NO,,,
H0802,H,08,02,YES,YES,H[07-09]:02,104-120,3
H0803,H,08,03,YES,YES,H[07-09]:03,229-245,3
H0804,H,08,04,YES,YES,H[07-09]:04,424-440,3
H0805,H,08,05,YES,YES,H[07-09]:05,589-605,3
H0901,H,09,01,NO,NO,,,
H0902,H,09,02,YES,YES,H[07-09]:02,104-120,3
H0903,H,09,03,YES,YES,H[07-09]:03,229-245,3
H0904,H,09,04,YES,YES,H[07-09]:04,424-440,3
H0905,H,09,05,YES,YES,H[07-09]:05,589-605,3
H1001,H,10,01,NO,NO,,,
H1002,H,10,02,YES,YES,H[10-12]:02,104-120,3
H1003,H,10,03,YES,YES,H[10-12]:03,229-245,3
H1004,H,10,04,YES,YES,H[10-12]:04,424-440,3
H1005,H,10,05,YES,YES,H[10-12]:05,589-605,3
H1101,H,11,01,NO,NO,,,
H1102,H,11,02,YES,YES,H[10-12]:02,104-120,3
H1103,H,11,03,YES,YES,H[10-12]:03,229-245,3
H1104,H,11,04,YES,YES,H[10-12]:04,424-440,3
H1105,H,11,05,YES,YES,H[10-12]:05,589-605,3
H1201,H,12,01,NO,NO,,,
H1202,H,12,02,YES,YES,H[10-12]:02,104-120,3
H1203,H,12,03,YES,YES,H[10-12]:03,229-245,3
H1204,H,12,04,YES,YES,H[10-12]:04,424-440,3
H1205,H,12,05,YES,YES,H[10-12]:05,589-605,3
H1301,H,13,01,NO,NO,,,
H1302,H,13,02,YES,YES,H[13-15]:02,104-120,3
H1303,H,13,03,YES,YES,H[13-15]:03,229-245,3
H1304,H,13,04,YES,YES,H[13-15]:04,424-440,3
H1305,H,13,05,YES,YES,H[13-15]:05,589-605,3
H1401,H,14,01,NO,NO,,,
H1402,H,14,02,YES,YES,H[13-15]:02,104-120,3
H1403,H,14,03,YES,YES,H[13-15]:03,229-245,3
H1404,H,14,04,YES,YES,H[13-15]:04,424-440,3
H1405,H,14,05,YES,YES,H[13-15]:05,589-605,3
H1501,H,15,01,NO,NO,,,
H1502,H,15,02,YES,YES,H[13-15]:02,104-120,3
H1503,H,15,03,YES,YES,H[13-15]:03,229-245,3
H1504,H,15,04,YES,YES,H[13-15]:04,424-440,3
H1505,H,15,05,YES,YES,H[13-15]:05,589-605,3
H1601,H,16,01,NO,NO,,,
H1602,H,16,02,YES,YES,H[16-18]:02,104-120,3
H1603,H,16,03,YES,YES,H[16-18]:03,229-245,3
H1604,H,16,04,YES,YES,H[16-18]:04,424-440,3
H1605,H,16,05,YES,YES,H[16-18]:05,589-605,3
H1701,H,17,01,NO,NO,,,
H1702,H,17,02,YES,YES,H[16-18]:02,104-120,3
H1703,H,17,03,YES,YES,H[16-18]:03,229-245,3
H1704,H,17,04,YES,YES,H[16-18]:04,424-440,3
H1705,H,17,05,YES,YES,H[16-18]:05,589-605,3
H1801,H,18,01,NO,NO,,,
H1802,H,18,02,YES,YES,H[16-18]:02,104-120,3
H1803,H,18,03,YES,YES,H[16-18]:03,229-245,3
H1804,H,18,04,YES,YES,H[16-18]:04,424-440,3
H1805,H,18,05,YES,YES,H[16-18]:05,589-605,3
H1901,H,19,01,NO,NO,,,
H1902,H,19,02,YES,YES,H[19-20]:02,104-120,2
H1903,H,19,03,YES,YES,H[19-21]:03,229-245,3
H1904,H,19,04,YES,YES,H[19-21]:04,424-440,3
H1905,H,19,05,YES,YES,H[19-21]:05,589-605,3
H2001,H,20,01,NO,NO,,,
H2002,H,20,02,YES,YES,H[19-20]:02,104-120,2
H2003,H,20,03,YES,YES,H[19-21]:03,229-245,3
H2004,H,20,04,YES,YES,H[19-21]:04,424-440,3
H2005,H,20,05,YES,YES,H[19-21]:05,589-605,3
H2101,H,21,01,NO,NO,,,
H2103,H,21,03,YES,YES,H[19-21]:03,229-245,3
H2104,H,21,04,YES,YES,H[19-21]:04,424-440,3
H2105,H,21,05,YES,YES,H[19-21]:05,589-605,3
I0001,I,00,01,NO,NO,,,
I0002,I,00,02,YES,YES,I[00-03]:02,104-120,4
I0003,I,00,03,YES,YES,I[00-03]:03,229-245,4
I0004,I,00,04,YES,YES,I[00-03]:04,424-440,4
I0005,I,00,05,YES,YES,I[00-03]:05,589-605,4
I0101,I,01,01,NO,NO,,,
I0102,I,01,02,YES,YES,I[00-03]:02,104-120,4
I0103,I,01,03,YES,YES,I[00-03]:03,229-245,4
I0104,I,01,04,YES,YES,I[00-03]:04,424-440,4
I0105,I,01,05,YES,YES,I[00-03]:05,589-605,4
I0201,I,02,01,NO,NO,,,
I0202,I,02,02,YES,YES,I[00-03]:02,104-120,4
I0203,I,02,03,YES,YES,I[00-03]:03,229-245,4
I0204,I,02,04,YES,YES,I[00-03]:04,424-440,4
I0205,I,02,05,YES,YES,I[00-03]:05,589-605,4
I0301,I,03,01,NO,NO,,,
I0302,I,03,02,YES,YES,I[00-03]:02,104-120,4
I0303,I,03,03,YES,YES,I[00-03]:03,229-245,4
I0304,I,03,04,YES,YES,I[00-03]:04,424-440,4
I0305,I,03,05,YES,YES,I[00-03]:05,589-605,4
I0401,I,04,01,NO,NO,,,
I0402,I,04,02,YES,YES,I[04-06]:02,104-120,3
I0403,I,04,03,YES,YES,I[04-06]:03,229-245,3
I0404,I,04,04,YES,YES,I[04-06]:04,424-440,3
I0405,I,04,05,YES,YES,I[04-06]:05,589-605,3
I0501,I,05,01,NO,NO,,,
I0502,I,05,02,YES,YES,I[04-06]:02,104-120,3
I0503,I,05,03,YES,YES,I[04-06]:03,229-245,3
I0504,I,05,04,YES,YES,I[04-06]:04,424-440,3
I0505,I,05,05,YES,YES,I[04-06]:05,589-605,3
I0601,I,06,01,NO,NO,,,
I0602,I,06,02,YES,YES,I[04-06]:02,104-120,3
I0603,I,06,03,YES,YES,I[04-06]:03,229-245,3
I0604,I,06,04,YES,YES,I[04-06]:04,424-440,3
I0605,I,06,05,YES,YES,I[04-06]:05,589-605,3
I0701,I,07,01,NO,NO,,,
I0702,I,07,02,YES,YES,I[07-09]:02,104-120,3
I0703,I,07,03,YES,YES,I[07-09]:03,229-245,3
I0704,I,07,04,YES,YES,I[07-09]:04,424-440,3
I0705,I,07,05,YES,YES,I[07-09]:05,589-605,3
I0801,I,08,01,NO,NO,,,
I0802,I,08,02,YES,YES,I[07-09]:02,104-120,3
I0803,I,08,03,YES,YES,I[07-09]:03,229-245,3
I0804,I,08,04,YES,YES,I[07-09]:04,424-440,3
I0805,I,08,05,YES,YES,I[07-09]:05,589-605,3
I0901,I,09,01,NO,NO,,,
I0902,I,09,02,YES,YES,I[07-09]:02,104-120,3
I0903,I,09,03,YES,YES,I[07-09]:03,229-245,3
I0904,I,09,04,YES,YES,I[07-09]:04,424-440,3
I0905,I,09,05,YES,YES,I[07-09]:05,589-605,3
I1001,I,10,01,NO,NO,,,
I1002,I,10,02,YES,YES,I[10-12]:02,104-120,3
I1003,I,10,03,YES,YES,I[10-12]:03,229-245,3
I1004,I,10,04,YES,YES,I[10-12]:04,424-440,3
I1005,I,10,05,YES,YES,I[10-12]:05,589-605,3
I1101,I,11,01,NO,NO,,,
I1102,I,11,02,YES,YES,I[10-12]:02,104-120,3
I1103,I,11,03,YES,YES,I[10-12]:03,229-245,3
I1104,I,11,04,YES,YES,I[10-12]:04,424-440,3
I1105,I,11,05,YES,YES,I[10-12]:05,589-605,3
I1201,I,12,01,NO,NO,,,
I1202,I,12,02,YES,YES,I[10-12]:02,104-120,3
I1203,I,12,03,YES,YES,I[10-12]:03,229-245,3
I1204,I,12,04,YES,YES,I[10-12]:04,424-440,3
I1205,I,12,05,YES,YES,I[10-12]:05,589-605,3
I1301,I,13,01,NO,NO,,,
I1302,I,13,02,YES,YES,I[13-15]:02,104-120,3
I1303,I,13,03,YES,YES,I[13-15]:03,229-245,3
I1304,I,13,04,YES,YES,I[13-15]:04,424-440,3
I1305,I,13,05,YES,YES,I[13-15]:05,589-605,3
I1401,I,14,01,NO,NO,,,
I1402,I,14,02,YES,YES,I[13-15]:02,104-120,3
I1403,I,14,03,YES,YES,I[13-15]:03,229-245,3
I1404,I,14,04,YES,YES,I[13-15]:04,424-440,3
I1405,I,14,05,YES,YES,I[13-15]:05,589-605,3
I1501,I,15,01,NO,NO,,,
I1502,I,15,02,YES,YES,I[13-15]:02,104-120,3
I1503,I,15,03,YES,YES,I[13-15]:03,229-245,3
I1504,I,15,04,YES,YES,I[13-15]:04,424-440,3
I1505,I,15,05,YES,YES,I[13-15]:05,589-605,3
I1601,I,16,01,NO,NO,,,
I1602,I,16,02,YES,YES,I[16-18]:02,104-120,3
I1603,I,16,03,YES,YES,I[16-18]:03,229-245,3
I1604,I,16,04,YES,YES,I[16-18]:04,424-440,3
I1605,I,16,05,YES,YES,I[16-18]:05,589-605,3
I1701,I,17,01,NO,NO,,,
I1702,I,17,02,YES,YES,I[16-18]:02,104-120,3
I1703,I,17,03,YES,YES,I[16-18]:03,229-245,3
I1704,I,17,04,YES,YES,I[16-18]:04,424-440,3
I1705,I,17,05,YES,YES,I[16-18]:05,589-605,3
I1801,I,18,01,NO,NO,,,
I1802,I,18,02,YES,YES,I[16-18]:02,104-120,3
I1803,I,18,03,YES,YES,I[16-18]:03,229-245,3
I1804,I,18,04,YES,YES,I[16-18]:04,424-440,3
I1805,I,18,05,YES,YES,I[16-18]:05,589-605,3
I1901,I,19,01,NO,NO,,,
I1902,I,19,02,YES,YES,I[19-20]:02,104-120,2
I1903,I,19,03,YES,YES,I[19-21]:03,229-245,3
I1904,I,19,04,YES,YES,I[19-21]:04,424-440,3
I1905,I,19,05,YES,YES,I[19-21]:05,589-605,3
I2001,I,20,01,NO,NO,,,
I2002,I,20,02,YES,YES,I[19-20]:02,104-120,2
I2003,I,20,03,YES,YES,I[19-21]:03,229-245,3
I2004,I,20,04,YES,YES,I[19-21]:04,424-440,3
I2005,I,20,05,YES,YES,I[19-21]:05,589-605,3
I2101,I,21,01,NO,NO,,,
I2103,I,21,03,YES,YES,I[19-21]:03,229-245,3
I2104,I,21,04,YES,YES,I[19-21]:04,424-440,3
I2105,I,21,05,YES,YES,I[19-21]:05,589-605,3
J0001a,J,00,1a,NO,NO,,,
J0001b,J,00,1b,YES,YES,J[00-03]:1b,94-110,4
J0002,J,00,02,YES,YES,J[00-03]:02,149-165,4
J0003,J,00,03,YES,YES,J[00-03]:03,224-240,4
J0004,J,00,04,YES,YES,J[00-03]:04,419-435,4
J0005,J,00,05,YES,YES,J[00-03]:05,584-600,4
J0101a,J,01,1a,NO,NO,,,
J0101b,J,01,1b,YES,YES,J[00-03]:1b,94-110,4
J0102,J,01,02,YES,YES,J[00-03]:02,149-165,4
J0103,J,01,03,YES,YES,J[00-03]:03,224-240,4
J0104,J,01,04,YES,YES,J[00-03]:04,419-435,4
J0105,J,01,05,YES,YES,J[00-03]:05,584-600,4
J0201a,J,02,1a,NO,NO,,,
J0201b,J,02,1b,YES,YES,J[00-03]:1b,94-110,4
J0202,J,02,02,YES,YES,J[00-03]:02,149-165,4
J0203,J,02,03,YES,YES,J[00-03]:03,224-240,4
J0204,J,02,04,YES,YES,J[00-03]:04,419-435,4
J0205,J,02,05,YES,YES,J[00-03]:05,584-600,4
J0301a,J,03,1a,NO,NO,,,
J0301b,J,03,1b,YES,YES,J[00-03]:1b,94-110,4
J0302,J,03,02,YES,YES,J[00-03]:02,149-165,4
J0303,J,03,03,YES,YES,J[00-03]:03,224-240,4
J0304,J,03,04,YES,YES,J[00-03]:04,419-435,4
J0305,J,03,05,YES,YES,J[00-03]:05,584-600,4
J0401,J,04,01,NO,NO,,,
J0402,J,04,02,YES,YES,J[04-06]:02,149-165,3
J0403,J,04,03,YES,YES,J[04-06]:03,224-240,3
J0404,J,04,04,YES,YES,J[04-06]:04,419-435,3
J0405,J,04,05,YES,YES,J[04-06]:05,584-600,3
J0501,J,05,01,NO,NO,,,
J0502,J,05,02,YES,YES,J[04-06]:02,149-165,3
J0503,J,05,03,YES,YES,J[04-06]:03,224-240,3
J0504,J,05,04,YES,YES,J[04-06]:04,419-435,3
J0505,J,05,05,YES,YES,J[04-06]:05,584-600,3
J0601,J,06,01,NO,NO,,,
J0602,J,06,02,YES,YES,J[04-06]:02,149-165,3
J0603,J,06,03,YES,YES,J[04-06]:03,224-240,3
J0604,J,06,04,YES,YES,J[04-06]:04,419-435,3
J0605,J,06,05,YES,YES,J[04-06]:05,584-600,3
J0701,J,07,01,NO,NO,,,
J0702,J,07,02,YES,YES,J[07-09]:02,149-165,3
J0703,J,07,03,YES,YES,J[07-09]:03,224-240,3
J0704,J,07,04,YES,YES,J[07-09]:04,419-435,3
J0705,J,07,05,YES,YES,J[07-09]:05,584-600,3
J0801,J,08,01,NO,NO,,,
J0802,J,08,02,YES,YES,J[07-09]:02,149-165,3
J0803,J,08,03,YES,YES,J[07-09]:03,224-240,3
J0804,J,08,04,YES,YES,J[07-09]:04,419-435,3
J0805,J,08,05,YES,YES,J[07-09]:05,584-600,3
J0901,J,09,01,NO,NO,,,
J0902,J,09,02,YES,YES,J[07-09]:02,149-165,3
J0903,J,09,03,YES,YES,J[07-09]:03,224-240,3
J0904,J,09,04,YES,YES,J[07-09]:04,419-435,3
J0905,J,09,05,YES,YES,J[07-09]:05,584-600,3
J1001,J,10,01,NO,NO,,,
J1002,J,10,02,YES,YES,J[10-12]:02,104-120,3
J1003,J,10,03,YES,YES,J[10-12]:03,224-240,3
J1004,J,10,04,YES,YES,J[10-12]:04,419-435,3
J1005,J,10,05,YES,YES,J[10-12]:05,584-600,3
J1101,J,11,01,NO,NO,,,
J1102,J,11,02,YES,YES,J[10-12]:02,104-120,3
J1103,J,11,03,YES,YES,J[10-12]:03,224-240,3
J1104,J,11,04,YES,YES,J[10-12]:04,419-435,3
J1105,J,11,05,YES,YES,J[10-12]:05,584-600,3
J1201,J,12,01,NO,NO,,,
J1202,J,12,02,YES,YES,J[10-12]:02,104-120,3
J1203,J,12,03,YES,YES,J[10-12]:03,224-240,3
J1204,J,12,04,YES,YES,J[10-12]:04,419-435,3
J1205,J,12,05,YES,YES,J[10-12]:05,584-600,3
J1301,J,13,01,NO,NO,,,
J1302,J,13,02,YES,YES,J[13-15]:02,104-120,3
J1303,J,13,03,YES,YES,J[13-15]:03,224-240,3
J1304,J,13,04,YES,YES,J[13-15]:04,419-435,3
J1305,J,13,05,YES,YES,J[13-15]:05,584-600,3
J1401,J,14,01,NO,NO,,,
J1402,J,14,02,YES,YES,J[13-15]:02,104-120,3
J1403,J,14,03,YES,YES,J[13-15]:03,224-240,3
J1404,J,14,04,YES,YES,J[13-15]:04,419-435,3
J1405,J,14,05,YES,YES,J[13-15]:05,584-600,3
J1501,J,15,01,NO,NO,,,
J1502,J,15,02,YES,YES,J[13-15]:02,104-120,3
J1503,J,15,03,YES,YES,J[13-15]:03,224-240,3
J1504,J,15,04,YES,YES,J[13-15]:04,419-435,3
J1505,J,15,05,YES,YES,J[13-15]:05,584-600,3
J1601,J,16,01,NO,NO,,,
J1602,J,16,02,YES,YES,J[16-18]:02,104-120,3
J1603,J,16,03,YES,YES,J[16-18]:03,224-240,3
J1604,J,16,04,YES,YES,J[16-18]:04,419-435,3
J1605,J,16,05,YES,YES,J[16-18]:05,584-600,3
J1701,J,17,01,NO,NO,,,
J1702,J,17,02,YES,YES,J[16-18]:02,104-120,3
J1703,J,17,03,YES,YES,J[16-18]:03,224-240,3
J1704,J,17,04,YES,YES,J[16-18]:04,419-435,3
J1705,J,17,05,YES,YES,J[16-18]:05,584-600,3
J1801,J,18,01,NO,NO,,,
J1802,J,18,02,YES,YES,J[16-18]:02,104-120,3
J1803,J,18,03,YES,YES,J[16-18]:03,224-240,3
J1804,J,18,04,YES,YES,J[16-18]:04,419-435,3
J1805,J,18,05,YES,YES,J[16-18]:05,584-600,3
J1901,J,19,01,NO,NO,,,
J1902,J,19,02,YES,YES,J[19-20]:02,104-120,2
J1903,J,19,03,YES,YES,J[19-21]:03,224-240,3
J1904,J,19,04,YES,YES,J[19-21]:04,419-435,3
J1905,J,19,05,YES,YES,J[19-21]:05,584-600,3
J2001,J,20,01,NO,NO,,,
J2002,J,20,02,YES,YES,J[19-20]:02,104-120,2
J2003,J,20,03,YES,YES,J[19-21]:03,224-240,3
J2004,J,20,04,YES,YES,J[19-21]:04,419-435,3
J2005,J,20,05,YES,YES,J[19-21]:05,584-600,3
J2101,J,21,01,NO,NO,,,
J2103,J,21,03,YES,YES,J[19-21]:03,224-240,3
J2104,J,21,04,YES,YES,J[19-21]:04,419-435,3
J2105,J,21,05,YES,YES,J[19-21]:05,584-600,3
K0001,K,00,01,NO,NO,,,
K0002a,K,00,2a,YES,YES,K[00-03]:2a,64-80,4
K0002b,K,00,2b,YES,YES,K[00-03]:2b,149-165,4
K0003,K,00,03,YES,YES,K[00-03]:03,224-240,4
K0004,K,00,04,YES,YES,K[00-03]:04,419-435,4
K0005,K,00,05,YES,YES,K[00-03]:05,584-600,4
K0101,K,01,01,NO,NO,,,
K0102a,K,01,2a,YES,YES,K[00-03]:2a,64-80,4
K0102b,K,01,2b,YES,YES,K[00-03]:2b,149-165,4
K0103,K,01,03,YES,YES,K[00-03]:03,224-240,4
K0104,K,01,04,YES,YES,K[00-03]:04,419-435,4
K0105,K,01,05,YES,YES,K[00-03]:05,584-600,4
K0201,K,02,01,NO,NO,,,
K0202a,K,02,2a,YES,YES,K[00-03]:2a,64-80,4
K0202b,K,02,2b,YES,YES,K[00-03]:2b,149-165,4
K0203,K,02,03,YES,YES,K[00-03]:03,224-240,4
K0204,K,02,04,YES,YES,K[00-03]:04,419-435,4
K0205,K,02,05,YES,YES,K[00-03]:05,584-600,4
K0301,K,03,01,NO,NO,,,
K0302a,K,03,2a,YES,YES,K[00-03]:2a,64-80,4
K0302b,K,03,2b,YES,YES,K[00-03]:2b,149-165,4
K0303,K,03,03,YES,YES,K[00-03]:03,224-240,4
K0304,K,03,04,YES,YES,K[00-03]:04,419-435,4
K0305,K,03,05,YES,YES,K[00-03]:05,584-600,4
K0401,K,04,01,NO,NO,,,
K0402,K,04,02,YES,YES,K[04-06]:02,104-120,3
K0403,K,04,03,YES,YES,K[04-06]:03,224-240,3
K0404,K,04,04,YES,YES,K[04-06]:04,419-435,3
K0405,K,04,05,YES,YES,K[04-06]:05,584-600,3
K0501,K,05,01,NO,NO,,,
K0502,K,05,02,YES,YES,K[04-06]:02,104-120,3
K0503,K,05,03,YES,YES,K[04-06]:03,224-240,3
K0504,K,05,04,YES,YES,K[04-06]:04,419-435,3
K0505,K,05,05,YES,YES,K[04-06]:05,584-600,3
K0601,K,06,01,NO,NO,,,
K0602,K,06,02,YES,YES,K[04-06]:02,104-120,3
K0603,K,06,03,YES,YES,K[04-06]:03,224-240,3
K0604,K,06,04,YES,YES,K[04-06]:04,419-435,3
K0605,K,06,05,YES,YES,K[04-06]:05,584-600,3
K0701,K,07,01,NO,NO,,,
K0702,K,07,02,YES,YES,K[07-09]:2b,149-165,3
K0703,K,07,03,YES,YES,K[07-09]:03,224-240,3
K0704,K,07,04,YES,YES,K[07-09]:04,419-435,3
K0705,K,07,05,YES,YES,K[07-09]:05,584-600,3
K0801,K,08,01,NO,NO,,,
K0802a,K,08,2a,YES,YES,K[07-09]:2a,64-80,3
K0802b,K,08,2b,YES,YES,K[07-09]:2b,149-165,3
K0803,K,08,03,YES,YES,K[07-09]:03,224-240,3
K0804,K,08,04,YES,YES,K[07-09]:04,419-435,3
K0805,K,08,05,YES,YES,K[07-09]:05,584-600,3
K0901,K,09,01,NO,NO,,,
K0902a,K,09,2a,YES,YES,K[07-09]:2a,64-80,3
K0902b,K,09,2b,YES,YES,K[07-09]:2b,149-165,3
K0903,K,09,03,YES,YES,K[07-09]:03,224-240,3
K0904,K,09,04,YES,YES,K[07-09]:04,419-435,3
K0905,K,09,05,YES,YES,K[07-09]:05,584-600,3
K1001,K,10,01,NO,NO,,,
K1002a,K,10,2a,YES,YES,K[10-12]:2a,64-80,3
K1002b,K,10,2b,YES,YES,K[10-12]:2b,149-165,3
K1003,K,10,03,YES,YES,K[10-12]:03,224-240,3
K1004,K,10,04,YES,YES,K[10-12]:04,419-435,3
K1005,K,10,05,YES,YES,K[10-12]:05,584-600,3
K1101,K,11,01,NO,NO,,,
K1102a,K,11,2a,YES,YES,K[10-12]:2a,64-80,3
K1102b,K,11,2b,YES,YES,K[10-12]:2b,149-165,3
K1103,K,11,03,YES,YES,K[10-12]:03,224-240,3
K1104,K,11,04,YES,YES,K[10-12]:04,419-435,3
K1105,K,11,05,YES,YES,K[10-12]:05,584-600,3
K1201,K,12,01,NO,NO,,,
K1202a,K,12,2a,YES,YES,K[10-12]:2a,64-80,3
K1202b,K,12,2b,YES,YES,K[10-12]:2b,149-165,3
K1203,K,12,03,YES,YES,K[10-12]:03,224-240,3
K1204,K,12,04,YES,YES,K[10-12]:04,419-435,3
K1205,K,12,05,YES,YES,K[10-12]:05,584-600,3
K1301,K,13,01,NO,NO,,,
K1302a,K,13,2a,YES,YES,K[13-15]:2a,84-100,3
K1302b,K,13,2b,YES,YES,K[13-15]:2b,149-165,3
K1303,K,13,03,YES,YES,K[13-15]:03,224-240,3
K1304,K,13,04,YES,YES,K[13-15]:04,419-435,3
K1305,K,13,05,YES,YES,K[13-15]:05,584-600,3
K1401,K,14,01,NO,NO,,,
K1402a,K,14,2a,YES,YES,K[13-15]:2a,84-100,3
K1402b,K,14,2b,YES,YES,K[13-15]:2b,149-165,3
K1403,K,14,03,YES,YES,K[13-15]:03,224-240,3
K1404,K,14,04,YES,YES,K[13-15]:04,419-435,3
K1405,K,14,05,YES,YES,K[13-15]:05,584-600,3
K1501,K,15,01,NO,NO,,,
K1502a,K,15,2a,YES,YES,K[13-15]:2a,84-100,3
K1502b,K,15,2b,YES,YES,K[13-15]:2b,149-165,3
K1503,K,15,03,YES,YES,K[13-15]:03,224-240,3
K1504,K,15,04,YES,YES,K[13-15]:04,419-435,3
K1505,K,15,05,YES,YES,K[13-15]:05,584-600,3
K1601,K,16,01,NO,NO,,,
K1602a,K,16,2a,YES,YES,K[16-18]:2a,84-100,3
K1602b,K,16,2b,YES,YES,K[16-18]:2b,149-165,3
K1603,K,16,03,YES,YES,K[16-18]:03,224-240,3
K1604,K,16,04,YES,YES,K[16-18]:04,419-435,3
K1605,K,16,05,YES,YES,K[16-18]:05,584-600,3
K1701,K,17,01,NO,NO,,,
K1702a,K,17,2a,YES,YES,K[16-18]:2a,84-100,3
K1702b,K,17,2b,YES,YES,K[16-18]:2b,149-165,3
K1703,K,17,03,YES,YES,K[16-18]:03,224-240,3
K1704,K,17,04,YES,YES,K[16-18]:04,419-435,3
K1705,K,17,05,YES,YES,K[16-18]:05,584-600,3
K1801,K,18,01,NO,NO,,,
K1802a,K,18,2a,YES,YES,K[16-18]:2a,84-100,3
K1802b,K,18,2b,YES,YES,K[16-18]:2b,149-165,3
K1803,K,18,03,YES,YES,K[16-18]:03,224-240,3
K1804,K,18,04,YES,YES,K[16-18]:04,419-435,3
K1805,K,18,05,YES,YES,K[16-18]:05,584-600,3
K1901,K,19,01,NO,NO,,,
K1903,K,19,03,YES,YES,K[19-21]:03,224-240,3
K1904,K,19,04,YES,YES,K[19-21]:04,419-435,3
K1905,K,19,05,YES,YES,K[19-21]:05,584-600,3
K2001,K,20,01,NO,NO,,,
K2003,K,20,03,YES,YES,K[19-21]:03,224-240,3
K2004,K,20,04,YES,YES,K[19-21]:04,419-435,3
K2005,K,20,05,YES,YES,K[19-21]:05,584-600,3
K2101,K,21,01,NO,NO,,,
K2103,K,21,03,YES,YES,K[19-21]:03,224-240,3
K2104,K,21,04,YES,YES,K[19-21]:04,419-435,3
K2105,K,21,05,YES,YES,K[19-21]:05,584-600,3
