Location,Location height,Item height,Delta,Scenario_1_Item_Height,Scenario_2_Item_Height,Scenario_3_Item_Height,Scenario_4_Item_Height,Scenario_5_Item_Height,Scenario_6_Item_Height
A0001,234.000,95.000,139.000,95.000,122.800,150.600,178.400,206.200,229.000
A0101,234.000,192.000,42.000,192.000,192.000,192.000,192.000,192.000,192.000
A0201,234.000,197.000,37.000,197.000,197.000,197.000,197.000,197.000,197.000
A0301,234.000,197.000,37.000,197.000,197.000,197.000,197.000,197.000,197.000
A0401,234.000,200.000,34.000,200.000,200.000,200.000,200.000,200.000,200.000
A0601,234.000,197.000,37.000,197.000,197.000,197.000,197.000,197.000,197.000
A0701,234.000,222.000,12.000,222.000,224.400,226.800,226.800,226.800,229.000
A0801,234.000,229.000,5.000,229.000,229.000,229.000,229.000,229.000,229.000
A0901,234.000,200.000,34.000,200.000,206.800,213.600,220.400,227.200,229.000
A1001,234.000,229.000,5.000,229.000,229.000,229.000,229.000,229.000,229.000
A1101,234.000,229.000,5.000,229.000,229.000,229.000,229.000,229.000,229.000
A1201,234.000,200.000,34.000,200.000,200.000,200.000,200.000,200.000,200.000
A1301,234.000,132.000,102.000,132.000,152.400,172.800,193.200,213.600,229.000
A1401,234.000,143.000,91.000,143.000,161.200,179.400,197.600,215.800,229.000
A1501,234.000,161.000,73.000,161.000,175.600,190.200,204.800,219.400,229.000
A0002,234.000,197.000,37.000,197.000,197.000,197.000,197.000,197.000,197.000
A0102,234.000,197.000,37.000,197.000,197.000,197.000,197.000,197.000,197.000
A0202,234.000,197.000,37.000,197.000,197.000,197.000,197.000,197.000,197.000
A0302,234.000,197.000,37.000,197.000,197.000,197.000,197.000,197.000,197.000
A0402,234.000,197.000,37.000,197.000,197.000,197.000,197.000,197.000,197.000
A0502,234.000,197.000,37.000,197.000,197.000,197.000,197.000,197.000,197.000
A0602,234.000,197.000,37.000,197.000,197.000,197.000,197.000,197.000,197.000
A0702,234.000,197.000,37.000,197.000,197.000,197.000,197.000,197.000,197.000
A0802,234.000,197.000,37.000,197.000,197.000,197.000,197.000,197.000,197.000
A0902,234.000,197.000,37.000,197.000,197.000,197.000,197.000,197.000,197.000
A1002,234.000,197.000,37.000,197.000,197.000,197.000,197.000,197.000,197.000
A1102,234.000,197.000,37.000,197.000,197.000,197.000,197.000,197.000,197.000
A1202,234.000,197.000,37.000,197.000,197.000,197.000,197.000,197.000,197.000
A1302,234.000,88.000,146.000,88.000,117.200,146.400,175.600,204.800,229.000
A1402,234.000,109.000,125.000,109.000,134.000,159.000,184.000,209.000,229.000
A0003,94.000,88.000,6.000,88.000,88.000,88.000,88.000,88.000,89.000
A0103,94.000,88.000,6.000,88.000,88.000,88.000,88.000,88.000,89.000
A0203,94.000,88.000,6.000,88.000,88.000,88.000,88.000,88.000,89.000
A0303,94.000,67.000,27.000,67.000,72.400,77.800,83.200,88.600,89.000
A0403,94.000,65.000,29.000,65.000,70.800,76.600,82.400,88.200,89.000
A0503,94.000,26.000,68.000,26.000,39.600,53.200,66.800,80.400,89.000
A0603,94.000,48.000,46.000,48.000,57.200,66.400,75.600,84.800,89.000
A0703,94.000,38.000,56.000,38.000,49.200,60.400,71.600,82.800,89.000
A0903,94.000,29.000,65.000,29.000,42.000,55.000,68.000,81.000,89.000
A1003,94.000,81.000,13.000,81.000,83.600,86.200,88.800,88.800,89.000
A1103,94.000,69.000,25.000,69.000,74.000,79.000,84.000,89.000,89.000
A1203,94.000,15.000,79.000,15.000,30.800,46.600,62.400,78.200,89.000
A1303,94.000,73.000,21.000,73.000,77.200,81.400,85.600,85.600,89.000
A1403,94.000,68.000,26.000,68.000,73.200,78.400,83.600,88.800,89.000
A0004,129.000,88.000,41.000,88.000,96.200,104.400,112.600,120.800,124.000
A0104,129.000,88.000,41.000,88.000,96.200,104.400,112.600,120.800,124.000
A0204,129.000,88.000,41.000,88.000,96.200,104.400,112.600,120.800,124.000
A0304,129.000,116.000,13.000,116.000,118.600,121.200,123.800,123.800,124.000
A0404,129.000,81.000,48.000,81.000,90.600,100.200,109.800,119.400,124.000
A0504,129.000,81.000,48.000,81.000,90.600,100.200,109.800,119.400,124.000
A0604,129.000,102.000,27.000,102.000,107.400,112.800,118.200,123.600,124.000
A0704,129.000,81.000,48.000,81.000,90.600,100.200,109.800,119.400,124.000
A0804,129.000,62.000,67.000,62.000,75.400,88.800,102.200,115.600,124.000
A0904,129.000,71.000,58.000,71.000,82.600,94.200,105.800,117.400,124.000
A1004,129.000,16.000,113.000,16.000,38.600,61.200,83.800,106.400,124.000
A1104,129.000,16.000,113.000,16.000,38.600,61.200,83.800,106.400,124.000
A1204,129.000,91.000,38.000,91.000,98.600,106.200,113.800,121.400,124.000
A1304,129.000,96.000,33.000,96.000,102.600,109.200,115.800,122.400,124.000
A1404,129.000,15.000,114.000,15.000,37.800,60.600,83.400,106.200,124.000
A1504,129.000,53.000,76.000,53.000,68.200,83.400,98.600,113.800,124.000
B0001,234.000,229.000,5.000,229.000,229.000,229.000,229.000,229.000,229.000
B0101,234.000,229.000,5.000,229.000,229.000,229.000,229.000,229.000,229.000
B0201,234.000,197.000,37.000,197.000,197.000,197.000,197.000,197.000,197.000
B0301,234.000,229.000,5.000,229.000,229.000,229.000,229.000,229.000,229.000
B0401,234.000,197.000,37.000,197.000,197.000,197.000,197.000,197.000,197.000
B0501,234.000,197.000,37.000,197.000,197.000,197.000,197.000,197.000,197.000
B0601,234.000,197.000,37.000,197.000,197.000,197.000,197.000,197.000,197.000
B0701,234.000,196.000,38.000,196.000,196.000,196.000,196.000,196.000,196.000
B0801,234.000,229.000,5.000,229.000,229.000,229.000,229.000,229.000,229.000
B0901,234.000,120.000,114.000,120.000,142.800,165.600,188.400,211.200,229.000
B1001,234.000,202.000,32.000,202.000,202.000,202.000,202.000,202.000,202.000
B1201,234.000,172.000,62.000,172.000,184.400,196.800,209.200,221.600,229.000
B1301,234.000,175.000,59.000,175.000,186.800,198.600,210.400,222.200,229.000
B1401,234.000,117.000,117.000,117.000,140.400,163.800,187.200,210.600,229.000
B1501,234.000,200.000,34.000,200.000,206.800,213.600,220.400,227.200,229.000
B1601,234.000,71.000,163.000,71.000,103.600,136.200,168.800,201.400,229.000
B1701,234.000,139.000,95.000,139.000,158.000,177.000,196.000,215.000,229.000
B1801,234.000,114.000,120.000,114.000,138.000,162.000,186.000,210.000,229.000
B0002,234.000,196.000,38.000,196.000,196.000,196.000,196.000,196.000,196.000
B0102,234.000,196.000,38.000,196.000,196.000,196.000,196.000,196.000,196.000
B0202,234.000,196.000,38.000,196.000,196.000,196.000,196.000,196.000,196.000
B0302,234.000,196.000,38.000,196.000,196.000,196.000,196.000,196.000,196.000
B0402,234.000,196.000,38.000,196.000,196.000,196.000,196.000,196.000,196.000
B0502,234.000,196.000,38.000,196.000,196.000,196.000,196.000,196.000,196.000
B0602,234.000,196.000,38.000,196.000,196.000,196.000,196.000,196.000,196.000
B0702,234.000,160.000,74.000,160.000,160.000,160.000,160.000,160.000,160.000
B0802,234.000,160.000,74.000,160.000,160.000,160.000,160.000,160.000,160.000
B0902,234.000,160.000,74.000,160.000,160.000,160.000,160.000,160.000,160.000
B1002,234.000,160.000,74.000,160.000,174.800,189.600,204.400,219.200,229.000
B1102,234.000,160.000,74.000,160.000,160.000,160.000,160.000,160.000,160.000
B1202,234.000,130.000,104.000,130.000,150.800,171.600,192.400,213.200,229.000
B1402,234.000,218.000,16.000,218.000,221.200,224.400,227.600,227.600,229.000
B1502,234.000,218.000,16.000,218.000,221.200,224.400,227.600,227.600,229.000
B1602,234.000,198.000,36.000,198.000,198.000,198.000,198.000,198.000,198.000
B1702,234.000,196.000,38.000,196.000,196.000,196.000,196.000,196.000,196.000
B1802,234.000,199.000,35.000,199.000,206.000,213.000,220.000,227.000,229.000
B1902,234.000,141.000,93.000,141.000,159.600,178.200,196.800,215.400,229.000
B2002,234.000,141.000,93.000,141.000,159.600,178.200,196.800,215.400,229.000
B0303,94.000,90.000,4.000,90.000,90.000,90.000,90.000,90.000,90.000
B0403,94.000,33.000,61.000,33.000,45.200,57.400,69.600,81.800,89.000
B0503,94.000,65.000,29.000,65.000,70.800,76.600,82.400,88.200,89.000
B0603,94.000,49.000,45.000,49.000,58.000,67.000,76.000,85.000,89.000
B0703,94.000,28.000,66.000,28.000,41.200,54.400,67.600,80.800,89.000
B0803,94.000,62.000,32.000,62.000,68.400,74.800,81.200,87.600,89.000
B0903,94.000,48.000,46.000,48.000,57.200,66.400,75.600,84.800,89.000
B1003,94.000,47.000,47.000,47.000,56.400,65.800,75.200,84.600,89.000
B1103,94.000,39.000,55.000,39.000,50.000,61.000,72.000,83.000,89.000
B1203,94.000,27.000,67.000,27.000,40.400,53.800,67.200,80.600,89.000
B1303,94.000,76.000,18.000,76.000,79.600,83.200,86.800,86.800,89.000
B1403,94.000,38.000,56.000,38.000,49.200,60.400,71.600,82.800,89.000
B1503,94.000,12.000,82.000,12.000,28.400,44.800,61.200,77.600,89.000
B0004,129.000,102.000,27.000,102.000,107.400,112.800,118.200,123.600,124.000
B0104,129.000,102.000,27.000,102.000,107.400,112.800,118.200,123.600,124.000
B0204,129.000,110.000,19.000,110.000,113.800,117.600,121.400,121.400,124.000
B0304,129.000,125.000,4.000,125.000,125.000,125.000,125.000,125.000,125.000
B0404,129.000,76.000,53.000,76.000,86.600,97.200,107.800,118.400,124.000
B0504,129.000,73.000,56.000,73.000,84.200,95.400,106.600,117.800,124.000
B0604,129.000,84.000,45.000,84.000,93.000,102.000,111.000,120.000,124.000
B0704,129.000,72.000,57.000,72.000,83.400,94.800,106.200,117.600,124.000
B0804,129.000,76.000,53.000,76.000,86.600,97.200,107.800,118.400,124.000
B0904,129.000,76.000,53.000,76.000,86.600,97.200,107.800,118.400,124.000
B1004,129.000,55.000,74.000,55.000,69.800,84.600,99.400,114.200,124.000
B1104,129.000,106.000,23.000,106.000,110.600,115.200,119.800,119.800,124.000
B1204,129.000,120.000,9.000,120.000,121.800,123.600,123.600,123.600,124.000
B1304,129.000,55.000,74.000,55.000,69.800,84.600,99.400,114.200,124.000
B1404,129.000,76.000,53.000,76.000,86.600,97.200,107.800,118.400,124.000
B1504,129.000,46.000,83.000,46.000,62.600,79.200,95.800,112.400,124.000
B1604,129.000,44.000,85.000,44.000,61.000,78.000,95.000,112.000,124.000
B1704,129.000,44.000,85.000,44.000,61.000,78.000,95.000,112.000,124.000
B1804,129.000,44.000,85.000,44.000,61.000,78.000,95.000,112.000,124.000
B1901a,94.000,55.000,39.000,55.000,62.800,70.600,78.400,86.200,89.000
B2001a,94.000,25.000,69.000,25.000,38.800,52.600,66.400,80.200,89.000
B1901b,39.000,10.000,29.000,10.000,15.800,21.600,27.400,33.200,34.000
B2001b,39.000,23.000,16.000,23.000,26.200,29.400,32.600,32.600,34.000
B1901c,69.000,65.000,4.000,65.000,65.000,65.000,65.000,65.000,65.000
B2001c,69.000,48.000,21.000,48.000,52.200,56.400,60.600,60.600,64.000
D0101,69.000,37.000,32.000,37.000,43.400,49.800,56.200,62.600,64.000
D0201,69.000,31.000,38.000,31.000,38.600,46.200,53.800,61.400,64.000
D0301,69.000,15.000,54.000,15.000,25.800,36.600,47.400,58.200,64.000
D0401,69.000,64.000,5.000,64.000,64.000,64.000,64.000,64.000,64.000
D0601,69.000,20.000,49.000,20.000,29.800,39.600,49.400,59.200,64.000
D0701,69.000,67.000,2.000,67.000,67.000,67.000,67.000,67.000,67.000
D0801,69.000,44.000,25.000,44.000,49.000,54.000,59.000,64.000,64.000
D0901,69.000,48.000,21.000,48.000,52.200,56.400,60.600,60.600,64.000
D1001,69.000,57.000,12.000,57.000,59.400,61.800,61.800,61.800,64.000
D1101,69.000,46.000,23.000,46.000,50.600,55.200,59.800,59.800,64.000
D1201,69.000,13.000,56.000,13.000,24.200,35.400,46.600,57.800,64.000
D1301,69.000,17.000,52.000,17.000,27.400,37.800,48.200,58.600,64.000
D1401,69.000,28.000,41.000,28.000,36.200,44.400,52.600,60.800,64.000
D1501,69.000,22.000,47.000,22.000,31.400,40.800,50.200,59.600,64.000
D1601,149.000,45.000,104.000,45.000,65.800,86.600,107.400,128.200,144.000
D1701,149.000,80.000,69.000,80.000,93.800,107.600,121.400,135.200,144.000
D1801,149.000,20.000,129.000,20.000,45.800,71.600,97.400,123.200,144.000
D1901,149.000,78.000,71.000,78.000,92.200,106.400,120.600,134.800,144.000
D2001,149.000,80.000,69.000,80.000,93.800,107.600,121.400,135.200,144.000
D0102,64.000,44.000,20.000,44.000,48.000,52.000,56.000,56.000,59.000
D0302,64.000,50.000,14.000,50.000,52.800,55.600,58.400,58.400,59.000
D0402,64.000,23.000,41.000,23.000,31.200,39.400,47.600,55.800,59.000
D0502,64.000,43.000,21.000,43.000,47.200,51.400,55.600,55.600,59.000
D0602,64.000,47.000,17.000,47.000,50.400,53.800,57.200,57.200,59.000
D0702,64.000,63.000,1.000,63.000,63.000,63.000,63.000,63.000,63.000
D0802,64.000,23.000,41.000,23.000,31.200,39.400,47.600,55.800,59.000
D0902,64.000,15.000,49.000,15.000,24.800,34.600,44.400,54.200,59.000
D1002,64.000,41.000,23.000,41.000,45.600,50.200,54.800,54.800,59.000
D1102,64.000,49.000,15.000,49.000,52.000,55.000,58.000,58.000,59.000
D1202,64.000,49.000,15.000,49.000,52.000,55.000,58.000,58.000,59.000
D1402,64.000,24.000,40.000,24.000,32.000,40.000,48.000,56.000,59.000
D1502,64.000,25.000,39.000,25.000,32.800,40.600,48.400,56.200,59.000
D0003,64.000,47.000,17.000,47.000,50.400,53.800,57.200,57.200,59.000
D0103,64.000,31.000,33.000,31.000,37.600,44.200,50.800,57.400,59.000
D0203,64.000,26.000,38.000,26.000,33.600,41.200,48.800,56.400,59.000
D0303,64.000,41.000,23.000,41.000,45.600,50.200,54.800,54.800,59.000
D0403,64.000,30.000,34.000,30.000,36.800,43.600,50.400,57.200,59.000
D0503,64.000,4.000,60.000,4.000,16.000,28.000,40.000,52.000,59.000
D0603,64.000,8.000,56.000,8.000,19.200,30.400,41.600,52.800,59.000
D0703,64.000,30.000,34.000,30.000,36.800,43.600,50.400,57.200,59.000
D0903,64.000,23.000,41.000,23.000,31.200,39.400,47.600,55.800,59.000
D1103,64.000,39.000,25.000,39.000,44.000,49.000,54.000,59.000,59.000
D1203,64.000,37.000,27.000,37.000,42.400,47.800,53.200,58.600,59.000
D1303,64.000,19.000,45.000,19.000,28.000,37.000,46.000,55.000,59.000
D1403,64.000,19.000,45.000,19.000,28.000,37.000,46.000,55.000,59.000
D1503,64.000,3.000,61.000,3.000,15.200,27.400,39.600,51.800,59.000
D1603,64.000,49.000,15.000,49.000,52.000,55.000,58.000,58.000,59.000
D1703,64.000,19.000,45.000,19.000,28.000,37.000,46.000,55.000,59.000
D1803,64.000,19.000,45.000,19.000,28.000,37.000,46.000,55.000,59.000
D1903,64.000,19.000,45.000,19.000,28.000,37.000,46.000,55.000,59.000
D2003,64.000,19.000,45.000,19.000,28.000,37.000,46.000,55.000,59.000
D0004,64.000,40.000,24.000,40.000,44.800,49.600,54.400,54.400,59.000
D0104,64.000,28.000,36.000,28.000,35.200,42.400,49.600,56.800,59.000
D0204,64.000,22.000,42.000,22.000,30.400,38.800,47.200,55.600,59.000
D0304,64.000,13.000,51.000,13.000,23.200,33.400,43.600,53.800,59.000
D0404,64.000,62.000,2.000,62.000,62.000,62.000,62.000,62.000,62.000
D0504,64.000,20.000,44.000,20.000,28.800,37.600,46.400,55.200,59.000
D0604,64.000,28.000,36.000,28.000,35.200,42.400,49.600,56.800,59.000
D0704,64.000,15.000,49.000,15.000,24.800,34.600,44.400,54.200,59.000
D0804,64.000,19.000,45.000,19.000,28.000,37.000,46.000,55.000,59.000
D0904,64.000,59.000,5.000,59.000,59.000,59.000,59.000,59.000,59.000
D1004,64.000,10.000,54.000,10.000,20.800,31.600,42.400,53.200,59.000
D1104,64.000,28.000,36.000,28.000,35.200,42.400,49.600,56.800,59.000
D1204,64.000,48.000,16.000,48.000,51.200,54.400,57.600,57.600,59.000
D1404,64.000,48.000,16.000,48.000,51.200,54.400,57.600,57.600,59.000
D1504,64.000,40.000,24.000,40.000,44.800,49.600,54.400,54.400,59.000
D1704,64.000,10.000,54.000,10.000,20.800,31.600,42.400,53.200,59.000
D1804,64.000,10.000,54.000,10.000,20.800,31.600,42.400,53.200,59.000
D2004,64.000,31.000,33.000,31.000,37.600,44.200,50.800,57.400,59.000
D0005,239.000,195.000,44.000,195.000,195.000,195.000,195.000,195.000,195.000
D0105,239.000,195.000,44.000,195.000,195.000,195.000,195.000,195.000,195.000
D0205,239.000,216.000,23.000,216.000,216.000,216.000,216.000,216.000,216.000
D0305,239.000,195.000,44.000,195.000,195.000,195.000,195.000,195.000,195.000
D0405,239.000,203.000,36.000,203.000,203.000,203.000,203.000,203.000,203.000
D0505,239.000,203.000,36.000,203.000,203.000,203.000,203.000,203.000,203.000
D0605,239.000,195.000,44.000,195.000,195.000,195.000,195.000,195.000,195.000
D0705,239.000,203.000,36.000,203.000,203.000,203.000,203.000,203.000,203.000
D0905,239.000,203.000,36.000,203.000,203.000,203.000,203.000,203.000,203.000
D1005,239.000,203.000,36.000,203.000,203.000,203.000,203.000,203.000,203.000
D1105,239.000,203.000,36.000,203.000,203.000,203.000,203.000,203.000,203.000
D1205,239.000,203.000,36.000,203.000,203.000,203.000,203.000,203.000,203.000
D1305,239.000,203.000,36.000,203.000,203.000,203.000,203.000,203.000,203.000
D1405,239.000,203.000,36.000,203.000,203.000,203.000,203.000,203.000,203.000
D1505,239.000,203.000,36.000,203.000,203.000,203.000,203.000,203.000,203.000
D1605,239.000,195.000,44.000,195.000,195.000,195.000,195.000,195.000,195.000
D1705,239.000,203.000,36.000,203.000,203.000,203.000,203.000,203.000,203.000
D1805,239.000,195.000,44.000,195.000,195.000,195.000,195.000,195.000,195.000
D1905,239.000,175.000,64.000,175.000,187.800,200.600,213.400,226.200,234.000
D2005,239.000,195.000,44.000,195.000,195.000,195.000,195.000,195.000,195.000
D2105,239.000,185.000,54.000,185.000,195.800,206.600,217.400,228.200,234.000
D0006,174.000,84.000,90.000,84.000,102.000,120.000,138.000,156.000,169.000
D0106,174.000,84.000,90.000,84.000,102.000,120.000,138.000,156.000,169.000
D0206,174.000,84.000,90.000,84.000,102.000,120.000,138.000,156.000,169.000
D0306,174.000,147.000,27.000,147.000,152.400,157.800,163.200,168.600,169.000
D0406,174.000,87.000,87.000,87.000,104.400,121.800,139.200,156.600,169.000
D0506,174.000,74.000,100.000,74.000,94.000,114.000,134.000,154.000,169.000
D0606,174.000,47.000,127.000,47.000,72.400,97.800,123.200,148.600,169.000
D0706,174.000,97.000,77.000,97.000,112.400,127.800,143.200,158.600,169.000
D0806,174.000,70.000,104.000,70.000,90.800,111.600,132.400,153.200,169.000
D0906,174.000,140.000,34.000,140.000,146.800,153.600,160.400,167.200,169.000
D1006,174.000,101.000,73.000,101.000,115.600,130.200,144.800,159.400,169.000
D1106,174.000,83.000,91.000,83.000,101.200,119.400,137.600,155.800,169.000
D1206,174.000,40.000,134.000,40.000,66.800,93.600,120.400,147.200,169.000
D1306,174.000,83.000,91.000,83.000,101.200,119.400,137.600,155.800,169.000
D1406,174.000,78.000,96.000,78.000,97.200,116.400,135.600,154.800,169.000
D1506,174.000,78.000,96.000,78.000,97.200,116.400,135.600,154.800,169.000
D1606,174.000,112.000,62.000,112.000,124.400,136.800,149.200,161.600,169.000
D1706,174.000,140.000,34.000,140.000,146.800,153.600,160.400,167.200,169.000
D1806,174.000,140.000,34.000,140.000,146.800,153.600,160.400,167.200,169.000
D1906,174.000,125.000,49.000,125.000,134.800,144.600,154.400,164.200,169.000
E0001,69.000,48.000,21.000,48.000,52.200,56.400,60.600,60.600,64.000
E0101,69.000,27.000,42.000,27.000,35.400,43.800,52.200,60.600,64.000
E0201,69.000,55.000,14.000,55.000,57.800,60.600,63.400,63.400,64.000
E0301,69.000,34.000,35.000,34.000,41.000,48.000,55.000,62.000,64.000
E0401,69.000,45.000,24.000,45.000,49.800,54.600,59.400,59.400,64.000
E0501,69.000,63.000,6.000,63.000,63.000,63.000,63.000,63.000,64.000
E0601,69.000,25.000,44.000,25.000,33.800,42.600,51.400,60.200,64.000
E0701,69.000,55.000,14.000,55.000,57.800,60.600,63.400,63.400,64.000
E0801,69.000,55.000,14.000,55.000,57.800,60.600,63.400,63.400,64.000
E0901,69.000,14.000,55.000,14.000,25.000,36.000,47.000,58.000,64.000
E1001,69.000,54.000,15.000,54.000,57.000,60.000,63.000,63.000,64.000
E1101,69.000,62.000,7.000,62.000,63.400,63.400,63.400,63.400,64.000
E1201,69.000,50.000,19.000,50.000,53.800,57.600,61.400,61.400,64.000
E1301,69.000,52.000,17.000,52.000,55.400,58.800,62.200,62.200,64.000
E1501,69.000,47.000,22.000,47.000,51.400,55.800,60.200,60.200,64.000
E1601,69.000,50.000,19.000,50.000,53.800,57.600,61.400,61.400,64.000
E1801,69.000,14.000,55.000,14.000,25.000,36.000,47.000,58.000,64.000
E1901,69.000,63.000,6.000,63.000,63.000,63.000,63.000,63.000,64.000
E2001,69.000,19.000,50.000,19.000,29.000,39.000,49.000,59.000,64.000
E0002,64.000,21.000,43.000,21.000,29.600,38.200,46.800,55.400,59.000
E0102,64.000,40.000,24.000,40.000,44.800,49.600,54.400,54.400,59.000
E0202,64.000,41.000,23.000,41.000,45.600,50.200,54.800,54.800,59.000
E0302,64.000,20.000,44.000,20.000,28.800,37.600,46.400,55.200,59.000
E0402,64.000,12.000,52.000,12.000,22.400,32.800,43.200,53.600,59.000
E0502,64.000,48.000,16.000,48.000,51.200,54.400,57.600,57.600,59.000
E0602,64.000,36.000,28.000,36.000,41.600,47.200,52.800,58.400,59.000
E0702,64.000,60.000,4.000,60.000,60.000,60.000,60.000,60.000,60.000
E0802,64.000,67.000,-3.000,67.000,67.000,67.000,67.000,67.000,67.000
E0902,64.000,60.000,4.000,60.000,60.000,60.000,60.000,60.000,60.000
E1002,64.000,34.000,30.000,34.000,40.000,46.000,52.000,58.000,59.000
E1102,64.000,53.000,11.000,53.000,55.200,57.400,57.400,57.400,59.000
E1202,64.000,50.000,14.000,50.000,52.800,55.600,58.400,58.400,59.000
E1302,64.000,43.000,21.000,43.000,47.200,51.400,55.600,55.600,59.000
E1402,64.000,65.000,-1.000,65.000,65.000,65.000,65.000,65.000,65.000
E1502,64.000,34.000,30.000,34.000,40.000,46.000,52.000,58.000,59.000
E1702,64.000,56.000,8.000,56.000,57.600,57.600,57.600,57.600,59.000
E1802,64.000,25.000,39.000,25.000,32.800,40.600,48.400,56.200,59.000
E1902,64.000,22.000,42.000,22.000,30.400,38.800,47.200,55.600,59.000
E2002,64.000,6.000,58.000,6.000,17.600,29.200,40.800,52.400,59.000
E0003,64.000,44.000,20.000,44.000,48.000,52.000,56.000,56.000,59.000
E0103,64.000,47.000,17.000,47.000,50.400,53.800,57.200,57.200,59.000
E0203,64.000,30.000,34.000,30.000,36.800,43.600,50.400,57.200,59.000
E0303,64.000,56.000,8.000,56.000,57.600,57.600,57.600,57.600,59.000
E0403,64.000,17.000,47.000,17.000,26.400,35.800,45.200,54.600,59.000
E0503,64.000,24.000,40.000,24.000,32.000,40.000,48.000,56.000,59.000
E0603,64.000,42.000,22.000,42.000,46.400,50.800,55.200,55.200,59.000
E0703,64.000,24.000,40.000,24.000,32.000,40.000,48.000,56.000,59.000
E0803,64.000,22.000,42.000,22.000,30.400,38.800,47.200,55.600,59.000
E0903,64.000,23.000,41.000,23.000,31.200,39.400,47.600,55.800,59.000
E1003,64.000,5.000,59.000,5.000,16.800,28.600,40.400,52.200,59.000
E1103,64.000,27.000,37.000,27.000,34.400,41.800,49.200,56.600,59.000
E1203,64.000,14.000,50.000,14.000,24.000,34.000,44.000,54.000,59.000
E1403,64.000,46.000,18.000,46.000,49.600,53.200,56.800,56.800,59.000
E1603,64.000,32.000,32.000,32.000,38.400,44.800,51.200,57.600,59.000
E1703,64.000,49.000,15.000,49.000,52.000,55.000,58.000,58.000,59.000
E1803,64.000,60.000,4.000,60.000,60.000,60.000,60.000,60.000,60.000
E1903,64.000,51.000,13.000,51.000,53.600,56.200,58.800,58.800,59.000
E2003,64.000,19.000,45.000,19.000,28.000,37.000,46.000,55.000,59.000
E0004,64.000,15.000,49.000,15.000,24.800,34.600,44.400,54.200,59.000
E0104,64.000,45.000,19.000,45.000,48.800,52.600,56.400,56.400,59.000
E0304,64.000,52.000,12.000,52.000,54.400,56.800,56.800,56.800,59.000
E0404,64.000,39.000,25.000,39.000,44.000,49.000,54.000,59.000,59.000
E0604,64.000,3.000,61.000,3.000,15.200,27.400,39.600,51.800,59.000
E0704,64.000,19.000,45.000,19.000,28.000,37.000,46.000,55.000,59.000
E0804,64.000,51.000,13.000,51.000,53.600,56.200,58.800,58.800,59.000
E0904,64.000,19.000,45.000,19.000,28.000,37.000,46.000,55.000,59.000
E1004,64.000,49.000,15.000,49.000,52.000,55.000,58.000,58.000,59.000
E1104,64.000,19.000,45.000,19.000,28.000,37.000,46.000,55.000,59.000
E1204,64.000,39.000,25.000,39.000,44.000,49.000,54.000,59.000,59.000
E1304,64.000,33.000,31.000,33.000,39.200,45.400,51.600,57.800,59.000
E1404,64.000,49.000,15.000,49.000,52.000,55.000,58.000,58.000,59.000
E1504,64.000,40.000,24.000,40.000,44.800,49.600,54.400,54.400,59.000
E1604,64.000,9.000,55.000,9.000,20.000,31.000,42.000,53.000,59.000
E1704,64.000,32.000,32.000,32.000,38.400,44.800,51.200,57.600,59.000
E1804,64.000,9.000,55.000,9.000,20.000,31.000,42.000,53.000,59.000
E1904,64.000,57.000,7.000,57.000,58.400,58.400,58.400,58.400,59.000
E2004,64.000,46.000,18.000,46.000,49.600,53.200,56.800,56.800,59.000
E2104,64.000,13.000,51.000,13.000,23.200,33.400,43.600,53.800,59.000
E0005,64.000,49.000,15.000,49.000,52.000,55.000,58.000,58.000,59.000
E0105,64.000,34.000,30.000,34.000,40.000,46.000,52.000,58.000,59.000
E0205,64.000,19.000,45.000,19.000,28.000,37.000,46.000,55.000,59.000
E0305,64.000,19.000,45.000,19.000,28.000,37.000,46.000,55.000,59.000
E0405,64.000,19.000,45.000,19.000,28.000,37.000,46.000,55.000,59.000
E0505,64.000,19.000,45.000,19.000,28.000,37.000,46.000,55.000,59.000
E0605,64.000,19.000,45.000,19.000,28.000,37.000,46.000,55.000,59.000
E0705,64.000,29.000,35.000,29.000,36.000,43.000,50.000,57.000,59.000
E0805,64.000,20.000,44.000,20.000,28.800,37.600,46.400,55.200,59.000
E0905,64.000,20.000,44.000,20.000,28.800,37.600,46.400,55.200,59.000
E1005,64.000,49.000,15.000,49.000,52.000,55.000,58.000,58.000,59.000
E1105,64.000,16.000,48.000,16.000,25.600,35.200,44.800,54.400,59.000
E1305,64.000,25.000,39.000,25.000,32.800,40.600,48.400,56.200,59.000
E1405,64.000,60.000,4.000,60.000,60.000,60.000,60.000,60.000,60.000
E1505,64.000,41.000,23.000,41.000,45.600,50.200,54.800,54.800,59.000
E1605,64.000,41.000,23.000,41.000,45.600,50.200,54.800,54.800,59.000
E1705,64.000,41.000,23.000,41.000,45.600,50.200,54.800,54.800,59.000
E1805,64.000,42.000,22.000,42.000,46.400,50.800,55.200,55.200,59.000
E2005,64.000,47.000,17.000,47.000,50.400,53.800,57.200,57.200,59.000
E0006,169.000,109.000,60.000,109.000,121.000,133.000,145.000,157.000,164.000
E0106,169.000,15.000,154.000,15.000,45.800,76.600,107.400,138.200,164.000
E0206,169.000,15.000,154.000,15.000,45.800,76.600,107.400,138.200,164.000
E0306,169.000,30.000,139.000,30.000,57.800,85.600,113.400,141.200,164.000
E0406,169.000,30.000,139.000,30.000,57.800,85.600,113.400,141.200,164.000
E0606,169.000,46.000,123.000,46.000,70.600,95.200,119.800,144.400,164.000
E0706,169.000,101.000,68.000,101.000,114.600,128.200,141.800,155.400,164.000
E0806,169.000,118.000,51.000,118.000,128.200,138.400,148.600,158.800,164.000
E0906,169.000,66.000,103.000,66.000,86.600,107.200,127.800,148.400,164.000
E1206,169.000,128.000,41.000,128.000,136.200,144.400,152.600,160.800,164.000
E1306,169.000,138.000,31.000,138.000,144.200,150.400,156.600,162.800,164.000
E1406,169.000,92.000,77.000,92.000,107.400,122.800,138.200,153.600,164.000
E1506,169.000,137.000,32.000,137.000,143.400,149.800,156.200,162.600,164.000
E1606,169.000,45.000,124.000,45.000,69.800,94.600,119.400,144.200,164.000
E1706,169.000,75.000,94.000,75.000,93.800,112.600,131.400,150.200,164.000
E1806,169.000,138.000,31.000,138.000,144.200,150.400,156.600,162.800,164.000
E1906,169.000,44.000,125.000,44.000,69.000,94.000,119.000,144.000,164.000
E2106,169.000,135.000,34.000,135.000,141.800,148.600,155.400,162.200,164.000
E0107,164.000,86.000,78.000,86.000,101.600,117.200,132.800,148.400,159.000
E0207,164.000,49.000,115.000,49.000,72.000,95.000,118.000,141.000,159.000
E0607,164.000,74.000,90.000,74.000,92.000,110.000,128.000,146.000,159.000
E0707,164.000,67.000,97.000,67.000,86.400,105.800,125.200,144.600,159.000
E0807,164.000,15.000,149.000,15.000,44.800,74.600,104.400,134.200,159.000
E0907,164.000,80.000,84.000,80.000,96.800,113.600,130.400,147.200,159.000
E1007,164.000,83.000,81.000,83.000,99.200,115.400,131.600,147.800,159.000
E1107,164.000,71.000,93.000,71.000,89.600,108.200,126.800,145.400,159.000
E1307,164.000,50.000,114.000,50.000,72.800,95.600,118.400,141.200,159.000
E1407,164.000,118.000,46.000,118.000,127.200,136.400,145.600,154.800,159.000
E1607,164.000,79.000,85.000,79.000,96.000,113.000,130.000,147.000,159.000
E1807,164.000,73.000,91.000,73.000,91.200,109.400,127.600,145.800,159.000
E1907,164.000,39.000,125.000,39.000,64.000,89.000,114.000,139.000,159.000
E2107,164.000,74.000,90.000,74.000,92.000,110.000,128.000,146.000,159.000
F0001,109.000,80.000,29.000,80.000,85.800,91.600,97.400,103.200,104.000
F0101,109.000,49.000,60.000,49.000,61.000,73.000,85.000,97.000,104.000
F0201,109.000,25.000,84.000,25.000,41.800,58.600,75.400,92.200,104.000
F0301,109.000,46.000,63.000,46.000,58.600,71.200,83.800,96.400,104.000
F0401,109.000,72.000,37.000,72.000,79.400,86.800,94.200,101.600,104.000
F0601,109.000,30.000,79.000,30.000,45.800,61.600,77.400,93.200,104.000
F0701,109.000,38.000,71.000,38.000,52.200,66.400,80.600,94.800,104.000
F0801,109.000,54.000,55.000,54.000,65.000,76.000,87.000,98.000,104.000
F1001,109.000,61.000,48.000,61.000,70.600,80.200,89.800,99.400,104.000
F1101,109.000,75.000,34.000,75.000,81.800,88.600,95.400,102.200,104.000
F1201,109.000,64.000,45.000,64.000,73.000,82.000,91.000,100.000,104.000
F1301,109.000,61.000,48.000,61.000,70.600,80.200,89.800,99.400,104.000
F1401,109.000,13.000,96.000,13.000,32.200,51.400,70.600,89.800,104.000
F1501,109.000,67.000,42.000,67.000,75.400,83.800,92.200,100.600,104.000
F1601,109.000,38.000,71.000,38.000,52.200,66.400,80.600,94.800,104.000
F1701,109.000,48.000,61.000,48.000,60.200,72.400,84.600,96.800,104.000
F1801,109.000,88.000,21.000,88.000,92.200,96.400,100.600,100.600,104.000
F0002,74.000,39.000,35.000,39.000,46.000,53.000,60.000,67.000,69.000
F0102,74.000,71.000,3.000,71.000,71.000,71.000,71.000,71.000,71.000
F0202,74.000,70.000,4.000,70.000,70.000,70.000,70.000,70.000,70.000
F0302,74.000,71.000,3.000,71.000,71.000,71.000,71.000,71.000,71.000
F0402,74.000,32.000,42.000,32.000,40.400,48.800,57.200,65.600,69.000
F0502,74.000,35.000,39.000,35.000,42.800,50.600,58.400,66.200,69.000
F0602,74.000,54.000,20.000,54.000,58.000,62.000,66.000,66.000,69.000
F0702,74.000,33.000,41.000,33.000,41.200,49.400,57.600,65.800,69.000
F0802,74.000,48.000,26.000,48.000,53.200,58.400,63.600,68.800,69.000
F0902,74.000,66.000,8.000,66.000,67.600,67.600,67.600,67.600,69.000
F1002,74.000,49.000,25.000,49.000,54.000,59.000,64.000,69.000,69.000
F1102,74.000,48.000,26.000,48.000,53.200,58.400,63.600,68.800,69.000
F1202,74.000,36.000,38.000,36.000,43.600,51.200,58.800,66.400,69.000
F1402,74.000,51.000,23.000,51.000,55.600,60.200,64.800,64.800,69.000
F1502,74.000,31.000,43.000,31.000,39.600,48.200,56.800,65.400,69.000
F1602,74.000,79.000,-5.000,79.000,79.000,79.000,79.000,79.000,79.000
F1702,74.000,61.000,13.000,61.000,63.600,66.200,68.800,68.800,69.000
F1802,74.000,69.000,5.000,69.000,69.000,69.000,69.000,69.000,69.000
F1902,104.000,23.000,81.000,23.000,39.200,55.400,71.600,87.800,99.000
F2002,104.000,34.000,70.000,34.000,48.000,62.000,76.000,90.000,99.000
F0003,74.000,39.000,35.000,39.000,46.000,53.000,60.000,67.000,69.000
F0103,74.000,28.000,46.000,28.000,37.200,46.400,55.600,64.800,69.000
F0203,74.000,27.000,47.000,27.000,36.400,45.800,55.200,64.600,69.000
F0303,74.000,27.000,47.000,27.000,36.400,45.800,55.200,64.600,69.000
F0403,74.000,64.000,10.000,64.000,66.000,68.000,68.000,68.000,69.000
F0503,74.000,40.000,34.000,40.000,46.800,53.600,60.400,67.200,69.000
F0603,74.000,48.000,26.000,48.000,53.200,58.400,63.600,68.800,69.000
F0703,74.000,40.000,34.000,40.000,46.800,53.600,60.400,67.200,69.000
F0803,74.000,49.000,25.000,49.000,54.000,59.000,64.000,69.000,69.000
F0903,74.000,20.000,54.000,20.000,30.800,41.600,52.400,63.200,69.000
F1103,74.000,43.000,31.000,43.000,49.200,55.400,61.600,67.800,69.000
F1203,74.000,19.000,55.000,19.000,30.000,41.000,52.000,63.000,69.000
F1303,74.000,40.000,34.000,40.000,46.800,53.600,60.400,67.200,69.000
F1603,74.000,57.000,17.000,57.000,60.400,63.800,67.200,67.200,69.000
F1703,74.000,49.000,25.000,49.000,54.000,59.000,64.000,69.000,69.000
F1803,74.000,38.000,36.000,38.000,45.200,52.400,59.600,66.800,69.000
F1903,44.000,14.000,30.000,14.000,20.000,26.000,32.000,38.000,39.000
F2003,44.000,7.000,37.000,7.000,14.400,21.800,29.200,36.600,39.000
F2103,44.000,30.000,14.000,30.000,32.800,35.600,38.400,38.400,39.000
F0004,144.000,43.000,101.000,43.000,63.200,83.400,103.600,123.800,139.000
F0104,144.000,18.000,126.000,18.000,43.200,68.400,93.600,118.800,139.000
F0204,144.000,63.000,81.000,63.000,79.200,95.400,111.600,127.800,139.000
F0304,144.000,63.000,81.000,63.000,79.200,95.400,111.600,127.800,139.000
F0404,64.000,15.000,49.000,15.000,24.800,34.600,44.400,54.200,59.000
F0504,64.000,14.000,50.000,14.000,24.000,34.000,44.000,54.000,59.000
F0604,64.000,52.000,12.000,52.000,54.400,56.800,56.800,56.800,59.000
F0704,64.000,49.000,15.000,49.000,52.000,55.000,58.000,58.000,59.000
F0804,64.000,49.000,15.000,49.000,52.000,55.000,58.000,58.000,59.000
F0904,64.000,13.000,51.000,13.000,23.200,33.400,43.600,53.800,59.000
F1104,64.000,49.000,15.000,49.000,52.000,55.000,58.000,58.000,59.000
F1204,64.000,43.000,21.000,43.000,47.200,51.400,55.600,55.600,59.000
F1304,64.000,34.000,30.000,34.000,40.000,46.000,52.000,58.000,59.000
F1404,64.000,30.000,34.000,30.000,36.800,43.600,50.400,57.200,59.000
F1504,64.000,30.000,34.000,30.000,36.800,43.600,50.400,57.200,59.000
F1604,64.000,19.000,45.000,19.000,28.000,37.000,46.000,55.000,59.000
F1704,64.000,19.000,45.000,19.000,28.000,37.000,46.000,55.000,59.000
F1904,64.000,38.000,26.000,38.000,43.200,48.400,53.600,58.800,59.000
F2004,64.000,49.000,15.000,49.000,52.000,55.000,58.000,58.000,59.000
F0405,214.000,15.000,199.000,15.000,54.800,94.600,134.400,174.200,209.000
F0505,214.000,15.000,199.000,15.000,54.800,94.600,134.400,174.200,209.000
F0705,64.000,49.000,15.000,49.000,52.000,55.000,58.000,58.000,59.000
F1105,64.000,40.000,24.000,40.000,44.800,49.600,54.400,54.400,59.000
F1205,64.000,33.000,31.000,33.000,39.200,45.400,51.600,57.800,59.000
F1405,64.000,8.000,56.000,8.000,19.200,30.400,41.600,52.800,59.000
F1505,64.000,35.000,29.000,35.000,40.800,46.600,52.400,58.200,59.000
F1605,64.000,38.000,26.000,38.000,43.200,48.400,53.600,58.800,59.000
F1705,64.000,26.000,38.000,26.000,33.600,41.200,48.800,56.400,59.000
F0006,134.000,130.000,4.000,130.000,130.000,130.000,130.000,130.000,130.000
F0106,134.000,133.000,1.000,133.000,133.000,133.000,133.000,133.000,133.000
F0706,134.000,51.000,83.000,51.000,67.600,84.200,100.800,117.400,129.000
F1106,134.000,60.000,74.000,60.000,74.800,89.600,104.400,119.200,129.000
F1906,134.000,128.000,6.000,128.000,128.000,128.000,128.000,128.000,129.000
F2006,134.000,128.000,6.000,128.000,128.000,128.000,128.000,128.000,129.000
F2106,134.000,97.000,37.000,97.000,104.400,111.800,119.200,126.600,129.000
F0407,139.000,89.000,50.000,89.000,99.000,109.000,119.000,129.000,134.000
F0507,139.000,89.000,50.000,89.000,99.000,109.000,119.000,129.000,134.000
F0607,139.000,89.000,50.000,89.000,99.000,109.000,119.000,129.000,134.000
F0707,139.000,89.000,50.000,89.000,99.000,109.000,119.000,129.000,134.000
F0807,139.000,89.000,50.000,89.000,99.000,109.000,119.000,129.000,134.000
F0907,139.000,89.000,50.000,89.000,99.000,109.000,119.000,129.000,134.000
F1007,139.000,111.000,28.000,111.000,116.600,122.200,127.800,133.400,134.000
F1107,139.000,86.000,53.000,86.000,96.600,107.200,117.800,128.400,134.000
F1307,139.000,97.000,42.000,97.000,105.400,113.800,122.200,130.600,134.000
F1407,139.000,104.000,35.000,104.000,111.000,118.000,125.000,132.000,134.000
F1507,139.000,51.000,88.000,51.000,68.600,86.200,103.800,121.400,134.000
F1607,139.000,97.000,42.000,97.000,105.400,113.800,122.200,130.600,134.000
F1807,139.000,69.000,70.000,69.000,83.000,97.000,111.000,125.000,134.000
F1907,139.000,84.000,55.000,84.000,95.000,106.000,117.000,128.000,134.000
G0001,109.000,67.000,42.000,67.000,75.400,83.800,92.200,100.600,104.000
G0101,109.000,35.000,74.000,35.000,49.800,64.600,79.400,94.200,104.000
G0201,109.000,34.000,75.000,34.000,49.000,64.000,79.000,94.000,104.000
G0301,109.000,45.000,64.000,45.000,57.800,70.600,83.400,96.200,104.000
G0401,109.000,46.000,63.000,46.000,58.600,71.200,83.800,96.400,104.000
G0501,109.000,22.000,87.000,22.000,39.400,56.800,74.200,91.600,104.000
G0601,109.000,54.000,55.000,54.000,65.000,76.000,87.000,98.000,104.000
G0701,109.000,77.000,32.000,77.000,83.400,89.800,96.200,102.600,104.000
G0801,109.000,90.000,19.000,90.000,93.800,97.600,101.400,101.400,104.000
G0901,109.000,17.000,92.000,17.000,35.400,53.800,72.200,90.600,104.000
G1101,109.000,63.000,46.000,63.000,72.200,81.400,90.600,99.800,104.000
G1201,109.000,49.000,60.000,49.000,61.000,73.000,85.000,97.000,104.000
G1301,109.000,34.000,75.000,34.000,49.000,64.000,79.000,94.000,104.000
G1401,109.000,38.000,71.000,38.000,52.200,66.400,80.600,94.800,104.000
G1501,109.000,54.000,55.000,54.000,65.000,76.000,87.000,98.000,104.000
G1601,109.000,70.000,39.000,70.000,77.800,85.600,93.400,101.200,104.000
G1801,109.000,70.000,39.000,70.000,77.800,85.600,93.400,101.200,104.000
G1901,109.000,24.000,85.000,24.000,41.000,58.000,75.000,92.000,104.000
G2001,109.000,24.000,85.000,24.000,41.000,58.000,75.000,92.000,104.000
G0002,74.000,48.000,26.000,48.000,53.200,58.400,63.600,68.800,69.000
G0102,74.000,27.000,47.000,27.000,36.400,45.800,55.200,64.600,69.000
G0202,74.000,59.000,15.000,59.000,62.000,65.000,68.000,68.000,69.000
G0302,74.000,59.000,15.000,59.000,62.000,65.000,68.000,68.000,69.000
G0402,74.000,14.000,60.000,14.000,26.000,38.000,50.000,62.000,69.000
G0502,74.000,26.000,48.000,26.000,35.600,45.200,54.800,64.400,69.000
G0602,74.000,69.000,5.000,69.000,69.000,69.000,69.000,69.000,69.000
G0702,74.000,20.000,54.000,20.000,30.800,41.600,52.400,63.200,69.000
G0802,74.000,58.000,16.000,58.000,61.200,64.400,67.600,67.600,69.000
G0902,74.000,66.000,8.000,66.000,67.600,67.600,67.600,67.600,69.000
G1002,74.000,40.000,34.000,40.000,46.800,53.600,60.400,67.200,69.000
G1102,74.000,48.000,26.000,48.000,53.200,58.400,63.600,68.800,69.000
G1202,74.000,38.000,36.000,38.000,45.200,52.400,59.600,66.800,69.000
G1302,74.000,67.000,7.000,67.000,68.400,68.400,68.400,68.400,69.000
G1502,74.000,63.000,11.000,63.000,65.200,67.400,67.400,67.400,69.000
G1602,74.000,20.000,54.000,20.000,30.800,41.600,52.400,63.200,69.000
G1702,74.000,35.000,39.000,35.000,42.800,50.600,58.400,66.200,69.000
G1802,74.000,35.000,39.000,35.000,42.800,50.600,58.400,66.200,69.000
G2002,104.000,39.000,65.000,39.000,52.000,65.000,78.000,91.000,99.000
G0003,74.000,39.000,35.000,39.000,46.000,53.000,60.000,67.000,69.000
G0103,74.000,33.000,41.000,33.000,41.200,49.400,57.600,65.800,69.000
G0203,74.000,19.000,55.000,19.000,30.000,41.000,52.000,63.000,69.000
G0303,74.000,18.000,56.000,18.000,29.200,40.400,51.600,62.800,69.000
G0403,74.000,49.000,25.000,49.000,54.000,59.000,64.000,69.000,69.000
G0503,74.000,72.000,2.000,72.000,72.000,72.000,72.000,72.000,72.000
G0603,74.000,36.000,38.000,36.000,43.600,51.200,58.800,66.400,69.000
G0703,74.000,19.000,55.000,19.000,30.000,41.000,52.000,63.000,69.000
G0803,74.000,38.000,36.000,38.000,45.200,52.400,59.600,66.800,69.000
G0903,74.000,65.000,9.000,65.000,66.800,68.600,68.600,68.600,69.000
G1003,74.000,74.000,0.000,74.000,74.000,74.000,74.000,74.000,74.000
G1103,74.000,74.000,0.000,74.000,74.000,74.000,74.000,74.000,74.000
G1203,74.000,74.000,0.000,74.000,74.000,74.000,74.000,74.000,74.000
G1303,74.000,31.000,43.000,31.000,39.600,48.200,56.800,65.400,69.000
G1503,74.000,76.000,-2.000,76.000,76.000,76.000,76.000,76.000,76.000
G1603,74.000,37.000,37.000,37.000,44.400,51.800,59.200,66.600,69.000
G1703,74.000,52.000,22.000,52.000,56.400,60.800,65.200,65.200,69.000
G1803,74.000,78.000,-4.000,78.000,78.000,78.000,78.000,78.000,78.000
G1903,44.000,7.000,37.000,7.000,14.400,21.800,29.200,36.600,39.000
G0204,124.000,15.000,109.000,15.000,36.800,58.600,80.400,102.200,119.000
G0304,124.000,40.000,84.000,40.000,56.800,73.600,90.400,107.200,119.000
G0404,124.000,33.000,91.000,33.000,51.200,69.400,87.600,105.800,119.000
G0504,124.000,54.000,70.000,54.000,68.000,82.000,96.000,110.000,119.000
G0604,124.000,38.000,86.000,38.000,55.200,72.400,89.600,106.800,119.000
G0704,124.000,15.000,109.000,15.000,36.800,58.600,80.400,102.200,119.000
G0904,124.000,15.000,109.000,15.000,36.800,58.600,80.400,102.200,119.000
G1004,124.000,85.000,39.000,85.000,92.800,100.600,108.400,116.200,119.000
G1104,124.000,63.000,61.000,63.000,75.200,87.400,99.600,111.800,119.000
G1204,124.000,24.000,100.000,24.000,44.000,64.000,84.000,104.000,119.000
G1304,124.000,15.000,109.000,15.000,36.800,58.600,80.400,102.200,119.000
G1404,124.000,55.000,69.000,55.000,68.800,82.600,96.400,110.200,119.000
G1504,124.000,15.000,109.000,15.000,36.800,58.600,80.400,102.200,119.000
G1604,124.000,81.000,43.000,81.000,89.600,98.200,106.800,115.400,119.000
G1704,124.000,99.000,25.000,99.000,104.000,109.000,114.000,119.000,119.000
G1804,124.000,101.000,23.000,101.000,105.600,110.200,114.800,114.800,119.000
G1904,124.000,15.000,109.000,15.000,36.800,58.600,80.400,102.200,119.000
G2004,124.000,108.000,16.000,108.000,111.200,114.400,117.600,117.600,119.000
G2104,124.000,70.000,54.000,70.000,80.800,91.600,102.400,113.200,119.000
G1605,144.000,118.000,26.000,118.000,123.200,128.400,133.600,138.800,139.000
G1805,144.000,118.000,26.000,118.000,123.200,128.400,133.600,138.800,139.000
G1905,144.000,118.000,26.000,118.000,123.200,128.400,133.600,138.800,139.000
G2005,144.000,118.000,26.000,118.000,123.200,128.400,133.600,138.800,139.000
G2105,144.000,118.000,26.000,118.000,123.200,128.400,133.600,138.800,139.000
G0406,149.000,92.000,57.000,92.000,103.400,114.800,126.200,137.600,144.000
G0506,149.000,76.000,73.000,76.000,90.600,105.200,119.800,134.400,144.000
G0606,149.000,76.000,73.000,76.000,90.600,105.200,119.800,134.400,144.000
G0906,149.000,50.000,99.000,50.000,69.800,89.600,109.400,129.200,144.000
G1006,149.000,89.000,60.000,89.000,101.000,113.000,125.000,137.000,144.000
G1106,149.000,129.000,20.000,129.000,133.000,137.000,141.000,141.000,144.000
G1206,149.000,129.000,20.000,129.000,133.000,137.000,141.000,141.000,144.000
G1306,149.000,90.000,59.000,90.000,101.800,113.600,125.400,137.200,144.000
G1406,149.000,90.000,59.000,90.000,101.800,113.600,125.400,137.200,144.000
G1506,149.000,90.000,59.000,90.000,101.800,113.600,125.400,137.200,144.000
G1606,149.000,116.000,33.000,116.000,122.600,129.200,135.800,142.400,144.000
G1706,149.000,97.000,52.000,97.000,107.400,117.800,128.200,138.600,144.000
G1906,149.000,78.000,71.000,78.000,92.200,106.400,120.600,134.800,144.000
G2106,149.000,82.000,67.000,82.000,95.400,108.800,122.200,135.600,144.000
H0001,104.000,62.000,42.000,62.000,70.400,78.800,87.200,95.600,99.000
H0101,104.000,73.000,31.000,73.000,79.200,85.400,91.600,97.800,99.000
H0201,104.000,47.000,57.000,47.000,58.400,69.800,81.200,92.600,99.000
H0301,104.000,69.000,35.000,69.000,76.000,83.000,90.000,97.000,99.000
H0401,104.000,55.000,49.000,55.000,64.800,74.600,84.400,94.200,99.000
H0501,104.000,80.000,24.000,80.000,84.800,89.600,94.400,94.400,99.000
H0601,104.000,52.000,52.000,52.000,62.400,72.800,83.200,93.600,99.000
H0701,104.000,42.000,62.000,42.000,54.400,66.800,79.200,91.600,99.000
H0801,104.000,47.000,57.000,47.000,58.400,69.800,81.200,92.600,99.000
H0901,104.000,71.000,33.000,71.000,77.600,84.200,90.800,97.400,99.000
H1001,104.000,69.000,35.000,69.000,76.000,83.000,90.000,97.000,99.000
H1201,104.000,44.000,60.000,44.000,56.000,68.000,80.000,92.000,99.000
H1301,104.000,36.000,68.000,36.000,49.600,63.200,76.800,90.400,99.000
H1401,104.000,55.000,49.000,55.000,64.800,74.600,84.400,94.200,99.000
H1601,104.000,59.000,45.000,59.000,68.000,77.000,86.000,95.000,99.000
H1701,104.000,49.000,55.000,49.000,60.000,71.000,82.000,93.000,99.000
H1801,104.000,37.000,67.000,37.000,50.400,63.800,77.200,90.600,99.000
H1901,104.000,59.000,45.000,59.000,68.000,77.000,86.000,95.000,99.000
H2001,104.000,53.000,51.000,53.000,63.200,73.400,83.600,93.800,99.000
H0002,109.000,82.000,27.000,82.000,87.400,92.800,98.200,103.600,104.000
H0102,109.000,83.000,26.000,83.000,88.200,93.400,98.600,103.800,104.000
H0202,109.000,45.000,64.000,45.000,57.800,70.600,83.400,96.200,104.000
H0302,109.000,82.000,27.000,82.000,87.400,92.800,98.200,103.600,104.000
H0402,109.000,53.000,56.000,53.000,64.200,75.400,86.600,97.800,104.000
H0502,109.000,19.000,90.000,19.000,37.000,55.000,73.000,91.000,104.000
H0602,109.000,48.000,61.000,48.000,60.200,72.400,84.600,96.800,104.000
H0702,109.000,2.000,107.000,2.000,23.400,44.800,66.200,87.600,104.000
H0802,109.000,66.000,43.000,66.000,74.600,83.200,91.800,100.400,104.000
H1002,109.000,47.000,62.000,47.000,59.400,71.800,84.200,96.600,104.000
H1102,109.000,63.000,46.000,63.000,72.200,81.400,90.600,99.800,104.000
H1202,109.000,42.000,67.000,42.000,55.400,68.800,82.200,95.600,104.000
H1302,109.000,42.000,67.000,42.000,55.400,68.800,82.200,95.600,104.000
H1402,109.000,49.000,60.000,49.000,61.000,73.000,85.000,97.000,104.000
H1502,109.000,16.000,93.000,16.000,34.600,53.200,71.800,90.400,104.000
H1602,109.000,76.000,33.000,76.000,82.600,89.200,95.800,102.400,104.000
H1702,109.000,75.000,34.000,75.000,81.800,88.600,95.400,102.200,104.000
H1802,109.000,67.000,42.000,67.000,75.400,83.800,92.200,100.600,104.000
H1902,109.000,35.000,74.000,35.000,49.800,64.600,79.400,94.200,104.000
H2002,109.000,34.000,75.000,34.000,49.000,64.000,79.000,94.000,104.000
H0003,179.000,114.000,65.000,114.000,127.000,140.000,153.000,166.000,174.000
H0103,179.000,114.000,65.000,114.000,127.000,140.000,153.000,166.000,174.000
H0203,179.000,164.000,15.000,164.000,164.000,164.000,164.000,164.000,164.000
H0403,179.000,153.000,26.000,153.000,158.200,163.400,168.600,173.800,174.000
H0603,179.000,30.000,149.000,30.000,59.800,89.600,119.400,149.200,174.000
H0803,179.000,151.000,28.000,151.000,156.600,162.200,167.800,173.400,174.000
H0903,179.000,76.000,103.000,76.000,96.600,117.200,137.800,158.400,174.000
H1003,179.000,76.000,103.000,76.000,96.600,117.200,137.800,158.400,174.000
H1103,179.000,116.000,63.000,116.000,128.600,141.200,153.800,166.400,174.000
H1403,179.000,130.000,49.000,130.000,139.800,149.600,159.400,169.200,174.000
H1603,179.000,126.000,53.000,126.000,136.600,147.200,157.800,168.400,174.000
H1703,179.000,61.000,118.000,61.000,84.600,108.200,131.800,155.400,174.000
H1803,179.000,61.000,118.000,61.000,84.600,108.200,131.800,155.400,174.000
H1903,179.000,86.000,93.000,86.000,104.600,123.200,141.800,160.400,174.000
H2103,179.000,112.000,67.000,112.000,125.400,138.800,152.200,165.600,174.000
H0304,149.000,117.000,32.000,117.000,123.400,129.800,136.200,142.600,144.000
H0404,149.000,108.000,41.000,108.000,116.200,124.400,132.600,140.800,144.000
H0504,149.000,64.000,85.000,64.000,81.000,98.000,115.000,132.000,144.000
H1004,149.000,128.000,21.000,128.000,132.200,136.400,140.600,140.600,144.000
H1104,149.000,128.000,21.000,128.000,132.200,136.400,140.600,140.600,144.000
H1604,149.000,97.000,52.000,97.000,107.400,117.800,128.200,138.600,144.000
H1704,149.000,15.000,134.000,15.000,41.800,68.600,95.400,122.200,144.000
H1804,149.000,82.000,67.000,82.000,95.400,108.800,122.200,135.600,144.000
H1904,149.000,55.000,94.000,55.000,73.800,92.600,111.400,130.200,144.000
H2004,149.000,137.000,12.000,137.000,139.400,141.800,141.800,141.800,144.000
H0005,149.000,118.000,31.000,118.000,124.200,130.400,136.600,142.800,144.000
H0105,149.000,118.000,31.000,118.000,124.200,130.400,136.600,142.800,144.000
H0205,149.000,69.000,80.000,69.000,85.000,101.000,117.000,133.000,144.000
H0405,149.000,57.000,92.000,57.000,75.400,93.800,112.200,130.600,144.000
H0505,149.000,38.000,111.000,38.000,60.200,82.400,104.600,126.800,144.000
H0605,149.000,55.000,94.000,55.000,73.800,92.600,111.400,130.200,144.000
H0705,149.000,84.000,65.000,84.000,97.000,110.000,123.000,136.000,144.000
H0905,149.000,117.000,32.000,117.000,123.400,129.800,136.200,142.600,144.000
H1005,149.000,84.000,65.000,84.000,97.000,110.000,123.000,136.000,144.000
H1105,149.000,76.000,73.000,76.000,90.600,105.200,119.800,134.400,144.000
H1205,149.000,81.000,68.000,81.000,94.600,108.200,121.800,135.400,144.000
H1405,149.000,105.000,44.000,105.000,113.800,122.600,131.400,140.200,144.000
H1505,149.000,77.000,72.000,77.000,91.400,105.800,120.200,134.600,144.000
H1605,149.000,39.000,110.000,39.000,61.000,83.000,105.000,127.000,144.000
H1705,149.000,88.000,61.000,88.000,100.200,112.400,124.600,136.800,144.000
H1805,149.000,98.000,51.000,98.000,108.200,118.400,128.600,138.800,144.000
H1905,149.000,77.000,72.000,77.000,91.400,105.800,120.200,134.600,144.000
H2105,149.000,90.000,59.000,90.000,101.800,113.600,125.400,137.200,144.000
I0401,104.000,85.000,19.000,85.000,88.800,92.600,96.400,96.400,99.000
I0501,104.000,95.000,9.000,95.000,96.800,98.600,98.600,98.600,99.000
I0601,104.000,78.000,26.000,78.000,83.200,88.400,93.600,98.800,99.000
I0701,104.000,95.000,9.000,95.000,96.800,98.600,98.600,98.600,99.000
I0801,104.000,59.000,45.000,59.000,68.000,77.000,86.000,95.000,99.000
I0901,104.000,69.000,35.000,69.000,76.000,83.000,90.000,97.000,99.000
I1001,104.000,56.000,48.000,56.000,65.600,75.200,84.800,94.400,99.000
I1101,104.000,23.000,81.000,23.000,39.200,55.400,71.600,87.800,99.000
I1201,104.000,69.000,35.000,69.000,76.000,83.000,90.000,97.000,99.000
I1301,104.000,75.000,29.000,75.000,80.800,86.600,92.400,98.200,99.000
I1401,104.000,69.000,35.000,69.000,76.000,83.000,90.000,97.000,99.000
I1501,104.000,22.000,82.000,22.000,38.400,54.800,71.200,87.600,99.000
I1601,104.000,75.000,29.000,75.000,80.800,86.600,92.400,98.200,99.000
I1701,104.000,61.000,43.000,61.000,69.600,78.200,86.800,95.400,99.000
I1801,104.000,81.000,23.000,81.000,85.600,90.200,94.800,94.800,99.000
I1901,104.000,71.000,33.000,71.000,77.600,84.200,90.800,97.400,99.000
I2001,104.000,43.000,61.000,43.000,55.200,67.400,79.600,91.800,99.000
I0102,109.000,50.000,59.000,50.000,61.800,73.600,85.400,97.200,104.000
I0202,109.000,81.000,28.000,81.000,86.600,92.200,97.800,103.400,104.000
I0302,109.000,83.000,26.000,83.000,88.200,93.400,98.600,103.800,104.000
I0402,109.000,62.000,47.000,62.000,71.400,80.800,90.200,99.600,104.000
I0502,109.000,76.000,33.000,76.000,82.600,89.200,95.800,102.400,104.000
I0602,109.000,29.000,80.000,29.000,45.000,61.000,77.000,93.000,104.000
I0702,109.000,52.000,57.000,52.000,63.400,74.800,86.200,97.600,104.000
I0802,109.000,47.000,62.000,47.000,59.400,71.800,84.200,96.600,104.000
I0902,109.000,74.000,35.000,74.000,81.000,88.000,95.000,102.000,104.000
I1002,109.000,47.000,62.000,47.000,59.400,71.800,84.200,96.600,104.000
I1102,109.000,42.000,67.000,42.000,55.400,68.800,82.200,95.600,104.000
I1202,109.000,8.000,101.000,8.000,28.200,48.400,68.600,88.800,104.000
I1302,109.000,83.000,26.000,83.000,88.200,93.400,98.600,103.800,104.000
I1402,109.000,19.000,90.000,19.000,37.000,55.000,73.000,91.000,104.000
I1502,109.000,99.000,10.000,99.000,101.000,103.000,103.000,103.000,104.000
I1602,109.000,39.000,70.000,39.000,53.000,67.000,81.000,95.000,104.000
I1702,109.000,22.000,87.000,22.000,39.400,56.800,74.200,91.600,104.000
I1902,109.000,42.000,67.000,42.000,55.400,68.800,82.200,95.600,104.000
I2002,109.000,28.000,81.000,28.000,44.200,60.400,76.600,92.800,104.000
I0003,179.000,110.000,69.000,110.000,123.800,137.600,151.400,165.200,174.000
I0103,179.000,60.000,119.000,60.000,83.800,107.600,131.400,155.200,174.000
I0203,179.000,109.000,70.000,109.000,123.000,137.000,151.000,165.000,174.000
I0303,179.000,135.000,44.000,135.000,143.800,152.600,161.400,170.200,174.000
I0703,179.000,177.000,2.000,177.000,177.000,177.000,177.000,177.000,177.000
I0803,179.000,190.000,-11.000,190.000,190.000,190.000,190.000,190.000,190.000
I1003,179.000,167.000,12.000,167.000,169.400,171.800,171.800,171.800,174.000
I1203,179.000,152.000,27.000,152.000,157.400,162.800,168.200,173.600,174.000
I1303,179.000,55.000,124.000,55.000,79.800,104.600,129.400,154.200,174.000
I1403,179.000,119.000,60.000,119.000,131.000,143.000,155.000,167.000,174.000
I1503,179.000,60.000,119.000,60.000,83.800,107.600,131.400,155.200,174.000
I1903,179.000,140.000,39.000,140.000,147.800,155.600,163.400,171.200,174.000
I0704,149.000,69.000,80.000,69.000,85.000,101.000,117.000,133.000,144.000
I1004,149.000,112.000,37.000,112.000,119.400,126.800,134.200,141.600,144.000
I1304,149.000,82.000,67.000,82.000,95.400,108.800,122.200,135.600,144.000
I1504,149.000,104.000,45.000,104.000,113.000,122.000,131.000,140.000,144.000
I1604,149.000,47.000,102.000,47.000,67.400,87.800,108.200,128.600,144.000
I1704,149.000,103.000,46.000,103.000,112.200,121.400,130.600,139.800,144.000
I1804,149.000,60.000,89.000,60.000,77.800,95.600,113.400,131.200,144.000
I1904,149.000,88.000,61.000,88.000,100.200,112.400,124.600,136.800,144.000
I0205,149.000,134.000,15.000,134.000,137.000,140.000,143.000,143.000,144.000
I0305,149.000,134.000,15.000,134.000,137.000,140.000,143.000,143.000,144.000
I0405,149.000,76.000,73.000,76.000,90.600,105.200,119.800,134.400,144.000
I0505,149.000,100.000,49.000,100.000,109.800,119.600,129.400,139.200,144.000
I0605,149.000,100.000,49.000,100.000,109.800,119.600,129.400,139.200,144.000
I0705,149.000,95.000,54.000,95.000,105.800,116.600,127.400,138.200,144.000
I1005,149.000,56.000,93.000,56.000,74.600,93.200,111.800,130.400,144.000
I1105,149.000,100.000,49.000,100.000,109.800,119.600,129.400,139.200,144.000
I1205,149.000,75.000,74.000,75.000,89.800,104.600,119.400,134.200,144.000
I1305,149.000,74.000,75.000,74.000,89.000,104.000,119.000,134.000,144.000
I1405,149.000,52.000,97.000,52.000,71.400,90.800,110.200,129.600,144.000
I1505,149.000,95.000,54.000,95.000,105.800,116.600,127.400,138.200,144.000
I1605,149.000,95.000,54.000,95.000,105.800,116.600,127.400,138.200,144.000
I1705,149.000,95.000,54.000,95.000,105.800,116.600,127.400,138.200,144.000
I1805,149.000,60.000,89.000,60.000,77.800,95.600,113.400,131.200,144.000
I1905,149.000,89.000,60.000,89.000,101.000,113.000,125.000,137.000,144.000
I2005,149.000,89.000,60.000,89.000,101.000,113.000,125.000,137.000,144.000
I2105,149.000,107.000,42.000,107.000,115.400,123.800,132.200,140.600,144.000
J0401,149.000,139.000,10.000,139.000,141.000,143.000,143.000,143.000,144.000
J0501,149.000,86.000,63.000,86.000,98.600,111.200,123.800,136.400,144.000
J0601,149.000,42.000,107.000,42.000,63.400,84.800,106.200,127.600,144.000
J0701,149.000,78.000,71.000,78.000,92.200,106.400,120.600,134.800,144.000
J0801,149.000,19.000,130.000,19.000,45.000,71.000,97.000,123.000,144.000
J0901,149.000,150.000,-1.000,150.000,150.000,150.000,150.000,150.000,150.000
J1001,104.000,39.000,65.000,39.000,52.000,65.000,78.000,91.000,99.000
J1101,104.000,95.000,9.000,95.000,96.800,98.600,98.600,98.600,99.000
J1201,104.000,71.000,33.000,71.000,77.600,84.200,90.800,97.400,99.000
J1301,104.000,62.000,42.000,62.000,70.400,78.800,87.200,95.600,99.000
J1401,104.000,56.000,48.000,56.000,65.600,75.200,84.800,94.400,99.000
J1501,104.000,67.000,37.000,67.000,74.400,81.800,89.200,96.600,99.000
J1601,104.000,15.000,89.000,15.000,32.800,50.600,68.400,86.200,99.000
J1701,104.000,15.000,89.000,15.000,32.800,50.600,68.400,86.200,99.000
J1801,104.000,31.000,73.000,31.000,45.600,60.200,74.800,89.400,99.000
J1901,104.000,55.000,49.000,55.000,64.800,74.600,84.400,94.200,99.000
J2001,104.000,15.000,89.000,15.000,32.800,50.600,68.400,86.200,99.000
J0002,59.000,31.000,28.000,31.000,36.600,42.200,47.800,53.400,54.000
J0102,59.000,37.000,22.000,37.000,41.400,45.800,50.200,50.200,54.000
J0202,59.000,37.000,22.000,37.000,41.400,45.800,50.200,50.200,54.000
J0302,59.000,57.000,2.000,57.000,57.000,57.000,57.000,57.000,57.000
J0402,59.000,54.000,5.000,54.000,54.000,54.000,54.000,54.000,54.000
J0502,59.000,54.000,5.000,54.000,54.000,54.000,54.000,54.000,54.000
J0602,59.000,13.000,46.000,13.000,22.200,31.400,40.600,49.800,54.000
J0702,59.000,54.000,5.000,54.000,54.000,54.000,54.000,54.000,54.000
J0802,59.000,32.000,27.000,32.000,37.400,42.800,48.200,53.600,54.000
J0902,59.000,40.000,19.000,40.000,43.800,47.600,51.400,51.400,54.000
J1002,104.000,48.000,56.000,48.000,59.200,70.400,81.600,92.800,99.000
J1102,104.000,56.000,48.000,56.000,65.600,75.200,84.800,94.400,99.000
J1202,104.000,99.000,5.000,99.000,99.000,99.000,99.000,99.000,99.000
J1302,104.000,71.000,33.000,71.000,77.600,84.200,90.800,97.400,99.000
J1402,104.000,31.000,73.000,31.000,45.600,60.200,74.800,89.400,99.000
J1502,104.000,66.000,38.000,66.000,73.600,81.200,88.800,96.400,99.000
J1602,104.000,102.000,2.000,102.000,102.000,102.000,102.000,102.000,102.000
J1702,104.000,42.000,62.000,42.000,54.400,66.800,79.200,91.600,99.000
J1802,104.000,93.000,11.000,93.000,95.200,97.400,97.400,97.400,99.000
J1902,104.000,63.000,41.000,63.000,71.200,79.400,87.600,95.800,99.000
J2002,104.000,39.000,65.000,39.000,52.000,65.000,78.000,91.000,99.000
J0003,179.000,147.000,32.000,147.000,153.400,159.800,166.200,172.600,174.000
J0103,179.000,147.000,32.000,147.000,153.400,159.800,166.200,172.600,174.000
J0203,179.000,67.000,112.000,67.000,89.400,111.800,134.200,156.600,174.000
J0303,179.000,34.000,145.000,34.000,63.000,92.000,121.000,150.000,174.000
J0403,179.000,69.000,110.000,69.000,91.000,113.000,135.000,157.000,174.000
J0503,179.000,139.000,40.000,139.000,147.000,155.000,163.000,171.000,174.000
J0603,179.000,15.000,164.000,15.000,47.800,80.600,113.400,146.200,174.000
J0703,179.000,38.000,141.000,38.000,66.200,94.400,122.600,150.800,174.000
J0803,179.000,108.000,71.000,108.000,122.200,136.400,150.600,164.800,174.000
J0903,179.000,14.000,165.000,14.000,47.000,80.000,113.000,146.000,174.000
J1003,179.000,116.000,63.000,116.000,128.600,141.200,153.800,166.400,174.000
J1103,179.000,78.000,101.000,78.000,98.200,118.400,138.600,158.800,174.000
J1203,179.000,73.000,106.000,73.000,94.200,115.400,136.600,157.800,174.000
J1303,179.000,155.000,24.000,155.000,159.800,164.600,169.400,169.400,174.000
J1403,179.000,155.000,24.000,155.000,159.800,164.600,169.400,169.400,174.000
J1503,179.000,160.000,19.000,160.000,163.800,167.600,171.400,171.400,174.000
J1703,179.000,100.000,79.000,100.000,115.800,131.600,147.400,163.200,174.000
J1803,179.000,139.000,40.000,139.000,147.000,155.000,163.000,171.000,174.000
J1903,179.000,134.000,45.000,134.000,143.000,152.000,161.000,170.000,174.000
J2003,179.000,134.000,45.000,134.000,143.000,152.000,161.000,170.000,174.000
J2103,179.000,162.000,17.000,162.000,165.400,168.800,172.200,172.200,174.000
J0004,149.000,49.000,100.000,49.000,69.000,89.000,109.000,129.000,144.000
J0404,149.000,40.000,109.000,40.000,61.800,83.600,105.400,127.200,144.000
J0504,149.000,122.000,27.000,122.000,127.400,132.800,138.200,143.600,144.000
J0604,149.000,72.000,77.000,72.000,87.400,102.800,118.200,133.600,144.000
J0704,149.000,40.000,109.000,40.000,61.800,83.600,105.400,127.200,144.000
J0804,149.000,15.000,134.000,15.000,41.800,68.600,95.400,122.200,144.000
J0904,149.000,28.000,121.000,28.000,52.200,76.400,100.600,124.800,144.000
J1004,149.000,123.000,26.000,123.000,128.200,133.400,138.600,143.800,144.000
J1104,149.000,15.000,134.000,15.000,41.800,68.600,95.400,122.200,144.000
J1204,149.000,70.000,79.000,70.000,85.800,101.600,117.400,133.200,144.000
J1304,149.000,139.000,10.000,139.000,141.000,143.000,143.000,143.000,144.000
J1404,149.000,139.000,10.000,139.000,141.000,143.000,143.000,143.000,144.000
J1504,149.000,54.000,95.000,54.000,73.000,92.000,111.000,130.000,144.000
J1604,149.000,44.000,105.000,44.000,65.000,86.000,107.000,128.000,144.000
J1704,149.000,110.000,39.000,110.000,117.800,125.600,133.400,141.200,144.000
J1804,149.000,136.000,13.000,136.000,138.600,141.200,143.800,143.800,144.000
J1904,149.000,140.000,9.000,140.000,141.800,143.600,143.600,143.600,144.000
J2004,149.000,140.000,9.000,140.000,141.800,143.600,143.600,143.600,144.000
J2104,149.000,34.000,115.000,34.000,57.000,80.000,103.000,126.000,144.000
J0005,154.000,112.000,42.000,112.000,120.400,128.800,137.200,145.600,149.000
J0105,154.000,112.000,42.000,112.000,120.400,128.800,137.200,145.600,149.000
J0205,154.000,80.000,74.000,80.000,94.800,109.600,124.400,139.200,149.000
J0305,154.000,80.000,74.000,80.000,94.800,109.600,124.400,139.200,149.000
J0405,154.000,98.000,56.000,98.000,109.200,120.400,131.600,142.800,149.000
J0505,154.000,98.000,56.000,98.000,109.200,120.400,131.600,142.800,149.000
J0605,154.000,54.000,100.000,54.000,74.000,94.000,114.000,134.000,149.000
J0705,154.000,106.000,48.000,106.000,115.600,125.200,134.800,144.400,149.000
J0805,154.000,56.000,98.000,56.000,75.600,95.200,114.800,134.400,149.000
J0905,154.000,78.000,76.000,78.000,93.200,108.400,123.600,138.800,149.000
J1005,154.000,65.000,89.000,65.000,82.800,100.600,118.400,136.200,149.000
J1105,154.000,107.000,47.000,107.000,116.400,125.800,135.200,144.600,149.000
J1205,154.000,82.000,72.000,82.000,96.400,110.800,125.200,139.600,149.000
J1305,154.000,105.000,49.000,105.000,114.800,124.600,134.400,144.200,149.000
J1405,154.000,98.000,56.000,98.000,109.200,120.400,131.600,142.800,149.000
J1505,154.000,109.000,45.000,109.000,118.000,127.000,136.000,145.000,149.000
J1605,154.000,73.000,81.000,73.000,89.200,105.400,121.600,137.800,149.000
J1705,154.000,97.000,57.000,97.000,108.400,119.800,131.200,142.600,149.000
J1805,154.000,79.000,75.000,79.000,94.000,109.000,124.000,139.000,149.000
J1905,154.000,122.000,32.000,122.000,128.400,134.800,141.200,147.600,149.000
J2005,154.000,105.000,49.000,105.000,114.800,124.600,134.400,144.200,149.000
J2105,154.000,105.000,49.000,105.000,114.800,124.600,134.400,144.200,149.000
J0001a,94.000,83.000,11.000,83.000,85.200,87.400,87.400,87.400,89.000
J0101a,94.000,95.000,-1.000,95.000,95.000,95.000,95.000,95.000,95.000
J0201a,94.000,93.000,1.000,93.000,93.000,93.000,93.000,93.000,93.000
J0301a,94.000,65.000,29.000,65.000,70.800,76.600,82.400,88.200,89.000
J0001b,39.000,36.000,3.000,36.000,36.000,36.000,36.000,36.000,36.000
J0301b,39.000,35.000,4.000,35.000,35.000,35.000,35.000,35.000,35.000
K0001,64.000,54.000,10.000,54.000,56.000,58.000,58.000,58.000,59.000
K0101,64.000,34.000,30.000,34.000,40.000,46.000,52.000,58.000,59.000
K0201,64.000,34.000,30.000,34.000,40.000,46.000,52.000,58.000,59.000
K0301,64.000,34.000,30.000,34.000,40.000,46.000,52.000,58.000,59.000
K0401,104.000,74.000,30.000,74.000,80.000,86.000,92.000,98.000,99.000
K0501,104.000,92.000,12.000,92.000,94.400,96.800,96.800,96.800,99.000
K0601,104.000,67.000,37.000,67.000,74.400,81.800,89.200,96.600,99.000
K0701,64.000,60.000,4.000,60.000,60.000,60.000,60.000,60.000,60.000
K0801,64.000,37.000,27.000,37.000,42.400,47.800,53.200,58.600,59.000
K0901,64.000,46.000,18.000,46.000,49.600,53.200,56.800,56.800,59.000
K1001,64.000,64.000,0.000,64.000,64.000,64.000,64.000,64.000,64.000
K1101,64.000,41.000,23.000,41.000,45.600,50.200,54.800,54.800,59.000
K1201,64.000,41.000,23.000,41.000,45.600,50.200,54.800,54.800,59.000
K1301,84.000,80.000,4.000,80.000,80.000,80.000,80.000,80.000,80.000
K1401,84.000,77.000,7.000,77.000,78.400,78.400,78.400,78.400,79.000
K1501,84.000,78.000,6.000,78.000,78.000,78.000,78.000,78.000,79.000
K1601,84.000,76.000,8.000,76.000,77.600,77.600,77.600,77.600,79.000
K1701,84.000,79.000,5.000,79.000,79.000,79.000,79.000,79.000,79.000
K1801,84.000,79.000,5.000,79.000,79.000,79.000,79.000,79.000,79.000
K0402,104.000,68.000,36.000,68.000,75.200,82.400,89.600,96.800,99.000
K0502,104.000,95.000,9.000,95.000,96.800,98.600,98.600,98.600,99.000
K0602,104.000,83.000,21.000,83.000,87.200,91.400,95.600,95.600,99.000
K0702,144.000,77.000,67.000,77.000,90.400,103.800,117.200,130.600,139.000
K0003,179.000,104.000,75.000,104.000,119.000,134.000,149.000,164.000,174.000
K0103,179.000,104.000,75.000,104.000,119.000,134.000,149.000,164.000,174.000
K0203,179.000,80.000,99.000,80.000,99.800,119.600,139.400,159.200,174.000
K0403,179.000,97.000,82.000,97.000,113.400,129.800,146.200,162.600,174.000
K0503,179.000,150.000,29.000,150.000,155.800,161.600,167.400,173.200,174.000
K0603,179.000,75.000,104.000,75.000,95.800,116.600,137.400,158.200,174.000
K0803,179.000,152.000,27.000,152.000,157.400,162.800,168.200,173.600,174.000
K0903,179.000,97.000,82.000,97.000,113.400,129.800,146.200,162.600,174.000
K1103,179.000,72.000,107.000,72.000,93.400,114.800,136.200,157.600,174.000
K1203,179.000,134.000,45.000,134.000,143.000,152.000,161.000,170.000,174.000
K1303,179.000,96.000,83.000,96.000,112.600,129.200,145.800,162.400,174.000
K1403,179.000,52.000,127.000,52.000,77.400,102.800,128.200,153.600,174.000
K1503,179.000,40.000,139.000,40.000,67.800,95.600,123.400,151.200,174.000
K1603,179.000,60.000,119.000,60.000,83.800,107.600,131.400,155.200,174.000
K1803,179.000,148.000,31.000,148.000,154.200,160.400,166.600,172.800,174.000
K1903,179.000,82.000,97.000,82.000,101.400,120.800,140.200,159.600,174.000
K2003,179.000,129.000,50.000,129.000,139.000,149.000,159.000,169.000,174.000
K2103,179.000,82.000,97.000,82.000,101.400,120.800,140.200,159.600,174.000
K0304,149.000,132.000,17.000,132.000,135.400,138.800,142.200,142.200,144.000
K0704,149.000,114.000,35.000,114.000,121.000,128.000,135.000,142.000,144.000
K0804,149.000,128.000,21.000,128.000,132.200,136.400,140.600,140.600,144.000
K0904,149.000,128.000,21.000,128.000,132.200,136.400,140.600,140.600,144.000
K1004,149.000,105.000,44.000,105.000,113.800,122.600,131.400,140.200,144.000
K1104,149.000,86.000,63.000,86.000,98.600,111.200,123.800,136.400,144.000
K1204,149.000,86.000,63.000,86.000,98.600,111.200,123.800,136.400,144.000
K1504,149.000,149.000,0.000,149.000,149.000,149.000,149.000,149.000,149.000
K1604,149.000,149.000,0.000,149.000,149.000,149.000,149.000,149.000,149.000
K1804,149.000,142.000,7.000,142.000,143.400,143.400,143.400,143.400,144.000
K1904,149.000,92.000,57.000,92.000,103.400,114.800,126.200,137.600,144.000
K2004,149.000,92.000,57.000,92.000,103.400,114.800,126.200,137.600,144.000
K0005,154.000,53.000,101.000,53.000,73.200,93.400,113.600,133.800,149.000
K0105,154.000,53.000,101.000,53.000,73.200,93.400,113.600,133.800,149.000
K0305,154.000,117.000,37.000,117.000,124.400,131.800,139.200,146.600,149.000
K0405,154.000,88.000,66.000,88.000,101.200,114.400,127.600,140.800,149.000
K0505,154.000,95.000,59.000,95.000,106.800,118.600,130.400,142.200,149.000
K0605,154.000,95.000,59.000,95.000,106.800,118.600,130.400,142.200,149.000
K0705,154.000,95.000,59.000,95.000,106.800,118.600,130.400,142.200,149.000
K0805,154.000,95.000,59.000,95.000,106.800,118.600,130.400,142.200,149.000
K0905,154.000,99.000,55.000,99.000,110.000,121.000,132.000,143.000,149.000
K1005,154.000,136.000,18.000,136.000,139.600,143.200,146.800,146.800,149.000
K1105,154.000,136.000,18.000,136.000,139.600,143.200,146.800,146.800,149.000
K1205,154.000,150.000,4.000,150.000,150.000,150.000,150.000,150.000,150.000
K1305,154.000,81.000,73.000,81.000,95.600,110.200,124.800,139.400,149.000
K1405,154.000,61.000,93.000,61.000,79.600,98.200,116.800,135.400,149.000
K1505,154.000,83.000,71.000,83.000,97.200,111.400,125.600,139.800,149.000
K1605,154.000,83.000,71.000,83.000,97.200,111.400,125.600,139.800,149.000
K1705,154.000,83.000,71.000,83.000,97.200,111.400,125.600,139.800,149.000
K1805,154.000,96.000,58.000,96.000,107.600,119.200,130.800,142.400,149.000
K1905,154.000,77.000,77.000,77.000,92.400,107.800,123.200,138.600,149.000
K2005,154.000,77.000,77.000,77.000,92.400,107.800,123.200,138.600,149.000
K0002a,69.000,72.000,-3.000,72.000,72.000,72.000,72.000,72.000,72.000
K0102a,69.000,72.000,-3.000,72.000,72.000,72.000,72.000,72.000,72.000
K0202a,69.000,72.000,-3.000,72.000,72.000,72.000,72.000,72.000,72.000
K0302a,69.000,67.000,2.000,67.000,67.000,67.000,67.000,67.000,67.000
K0802a,69.000,39.000,30.000,39.000,45.000,51.000,57.000,63.000,64.000
K1002a,69.000,69.000,0.000,69.000,69.000,69.000,69.000,69.000,69.000
K1102a,69.000,43.000,26.000,43.000,48.200,53.400,58.600,63.800,64.000
K1202a,69.000,60.000,9.000,60.000,61.800,63.600,63.600,63.600,64.000
K1302a,49.000,42.000,7.000,42.000,43.400,43.400,43.400,43.400,44.000
K1402a,49.000,31.000,18.000,31.000,34.600,38.200,41.800,41.800,44.000
K1502a,49.000,24.000,25.000,24.000,29.000,34.000,39.000,44.000,44.000
K1602a,49.000,29.000,20.000,29.000,33.000,37.000,41.000,41.000,44.000
K1702a,49.000,24.000,25.000,24.000,29.000,34.000,39.000,44.000,44.000
K1802a,49.000,20.000,29.000,20.000,25.800,31.600,37.400,43.200,44.000
K0002b,59.000,47.000,12.000,47.000,49.400,51.800,51.800,51.800,54.000
K0102b,59.000,43.000,16.000,43.000,46.200,49.400,52.600,52.600,54.000
K0202b,59.000,13.000,46.000,13.000,22.200,31.400,40.600,49.800,54.000
K0302b,59.000,41.000,18.000,41.000,44.600,48.200,51.800,51.800,54.000
K0802b,59.000,32.000,27.000,32.000,37.400,42.800,48.200,53.600,54.000
K0902b,59.000,27.000,32.000,27.000,33.400,39.800,46.200,52.600,54.000
K1002b,59.000,62.000,-3.000,62.000,62.000,62.000,62.000,62.000,62.000
K1102b,59.000,22.000,37.000,22.000,29.400,36.800,44.200,51.600,54.000
K1202b,59.000,66.000,-7.000,66.000,66.000,66.000,66.000,66.000,66.000
K1302b,59.000,27.000,32.000,27.000,33.400,39.800,46.200,52.600,54.000
K1402b,59.000,9.000,50.000,9.000,19.000,29.000,39.000,49.000,54.000
K1502b,59.000,47.000,12.000,47.000,49.400,51.800,51.800,51.800,54.000
K1602b,59.000,21.000,38.000,21.000,28.600,36.200,43.800,51.400,54.000
K1702b,59.000,45.000,14.000,45.000,47.800,50.600,53.400,53.400,54.000
K1802b,59.000,54.000,5.000,54.000,54.000,54.000,54.000,54.000,54.000
