Config_ID,Layout_Feasible,Allocation_Feasible_Initial,Required_Locations_Total,Total_Locations,Capacity_Margin,Assigned_Used_Height_Total,Total_Allowed_Height,Space_Left,Beam_Relocations_Total,Beam_Relocations_Before_Local_Search,Beam_Relocations_After_Local_Search,Local_Search_Accepted_Moves,Initial_Beams_Total,Required_Beams_Total,Additional_Beams_Required,Initial_Grids_Total,Required_Grids_Total,Additional_Grids_Required,Percentage_Rack_Height_Used,Minimum_Required_Counts,Additional_Fill_Counts,Layout_Slot_Size_Distribution,Layout_Slot_Size_Cumulative_Coverage,Source_Slot_Sizes,Doorgang_Usable_Alignment_Conversions,Feasible_Columns_Considered_Total,Feasible_Columns_Min,Feasible_Columns_Max,Feasible_Columns_Average
CFG_001,YES,NO,890,901,11,160216.000,161356.000,1140.000,176,176,176,0,305,223,0,949,698,0,99.29,64:482|119:306|234:102,119:88|224:8|229:20|234:277,64:111|119:394|224:5|229:15|234:376,64:901|119:790|224:396|229:391|234:376,"=""64,119,234""",0,214,1,214,1.000
CFG_002,YES,NO,890,1202,312,160506.000,161356.000,850.000,247,247,247,0,305,318,13,949,999,50,99.47,64:482|119:306|184:83|234:19,64:229|184:76|224:6|229:18|234:210,64:711|119:90|184:159|224:3|229:12|234:227,64:1202|119:491|184:401|224:242|229:239|234:227,"=""64,119,184,234""",0,214,1,214,1.000
CFG_003,NO,NO,890,1548,658,162086.000,161356.000,250.000,263,263,260,3,305,428,123,949,1345,396,100.45,29:158|64:324|119:306|184:83|234:19,29:533|224:6|229:21|234:239,29:691|64:302|119:262|184:19|224:2|229:15|234:257,29:1548|64:857|119:555|184:293|224:274|229:272|234:257,"=""29,64,119,184,234""",0,214,1,214,1.000
CFG_004,NO,NO,890,1676,786,161851.000,161356.000,240.000,269,263,261,2,305,469,164,949,1473,524,100.31,29:158|64:324|94:209|119:97|184:83|234:19,29:672|64:2|119:138|224:6|229:20|234:218,29:830|64:326|94:23|119:235|184:10|224:2|229:14|234:236,29:1676|64:846|94:520|119:497|184:262|224:252|229:250|234:236,"=""29,64,94,119,184,234""",0,214,1,214,1.000
CFG_005,NO,YES,890,1678,788,161806.000,161356.000,285.000,274,274,270,4,305,469,164,949,1475,526,100.28,29:158|64:324|94:209|119:97|149:60|184:23|234:19,29:767|149:5|184:18|224:9|229:18|234:215,29:925|64:207|94:104|119:86|149:65|184:41|224:5|229:12|234:233,29:1678|64:753|94:546|119:442|149:356|184:291|224:250|229:245|234:233,"=""29,64,94,119,149,184,234""",0,214,1,214,1.000
CFG_006,YES,NO,890,899,9,160776.000,161356.000,580.000,180,180,180,0,305,223,0,949,696,0,99.64,69:451|119:305|234:134,119:89|224:6|229:22|234:246,69:108|119:394|224:3|229:18|234:376,69:899|119:791|224:397|229:394|234:376,"=""69,119,234""",0,214,1,214,1.000
CFG_007,YES,NO,890,1269,379,160466.000,161356.000,890.000,270,270,270,0,305,341,36,949,1066,117,99.45,69:451|119:305|179:112|234:22,69:27|119:274|179:79|224:6|229:18,69:478|119:579|179:191|224:3|229:12|234:6,69:1269|119:791|179:212|224:21|229:18|234:6,"=""69,119,179,234""",0,214,1,214,1.000
CFG_008,NO,NO,890,1216,326,161911.000,161356.000,665.000,264,263,263,0,305,324,19,949,1013,64,100.34,69:451|89:135|119:170|179:112|234:22,89:30|119:141|179:135|224:8|229:16|234:46,69:412|89:165|119:311|179:247|224:4|229:10|234:67,69:1216|89:804|119:639|179:328|224:81|229:77|234:67,"=""69,89,119,179,234""",0,214,1,214,1.000
CFG_009,NO,NO,890,1522,632,161876.000,161356.000,215.000,272,272,268,4,305,420,115,949,1319,370,100.32,39:147|69:304|89:135|119:170|179:112|234:22,39:620|89:53|179:173|224:6|229:18|234:67,39:767|69:92|89:188|119:88|179:285|224:2|229:13|234:87,39:1522|69:755|89:663|119:475|179:387|224:102|229:100|234:87,"=""39,69,89,119,179,234""",0,214,1,214,1.000
CFG_010,NO,YES,890,1633,743,162436.000,161356.000,145.000,267,262,259,3,305,454,149,949,1430,481,100.67,39:147|69:304|89:135|119:170|144:72|179:40|234:22,39:799|144:48|179:36|224:6|229:18|234:160,39:946|69:179|89:85|119:32|144:120|179:76|224:2|229:13|234:180,39:1633|69:687|89:508|119:423|144:391|179:271|224:195|229:193|234:180,"=""39,69,89,119,144,179,234""",0,214,1,214,1.000
CFG_011,YES,NO,890,1158,268,154586.000,161356.000,6770.000,275,273,273,0,305,329,24,949,955,6,95.80,109:642|189:224|234:24,109:409|184:3|224:6|229:18|234:10,109:1051|184:3|189:57|224:2|229:12|234:33,109:1158|184:107|189:104|224:47|229:45|234:33,"=""109,189,234""",0,11,1,11,0.051
CFG_012,NO,NO,890,1205,315,162121.000,161356.000,460.000,268,263,262,1,305,323,18,949,1002,53,100.47,79:448|109:194|189:224|234:24,109:285|224:4|229:14|234:39,79:445|109:479|189:211|229:8|234:62,79:1205|109:760|189:281|229:70|234:62,"=""79,109,189,234""",0,214,1,214,1.000
CFG_013,NO,NO,890,1178,288,162806.000,161356.000,510.000,259,252,252,0,305,315,10,949,975,26,100.90,79:448|109:194|139:152|189:72|234:24,79:34|109:109|189:160|224:6|229:10|234:49,79:482|109:303|139:83|189:232|224:2|229:4|234:72,79:1178|109:696|139:393|189:310|224:78|229:76|234:72,"=""79,109,139,189,234""",0,214,1,214,1.000
CFG_014,NO,YES,890,1346,456,162606.000,161356.000,220.000,244,242,242,0,305,364,59,949,1143,194,100.77,54:222|79:226|109:194|139:152|189:72|234:24,54:140|79:279|189:32|224:8|229:14|234:113,54:362|79:505|109:113|139:114|189:104|224:4|229:8|234:136,54:1346|79:984|109:479|139:366|189:252|224:148|229:144|234:136,"=""54,79,109,139,189,234""",0,214,1,214,1.000
CFG_015,NO,YES,890,1359,469,163701.000,161356.000,100.000,262,260,257,3,305,367,62,949,1156,207,101.45,54:222|79:226|89:69|109:125|139:152|189:72|234:24,54:194|79:179|189:58|224:6|229:14|234:103,54:416|79:405|89:64|109:90|139:118|189:130|224:3|229:10|234:123,54:1359|79:943|89:538|109:474|139:384|189:266|224:136|229:133|234:123,"=""54,79,89,109,139,189,234""",0,214,1,214,1.000
CFG_016,YES,NO,890,1011,121,156086.000,161356.000,5270.000,225,183,183,0,305,257,0,949,808,0,96.73,114:580|184:277|234:33,114:212|224:6|229:18|234:157,114:792|184:16|224:2|229:12|234:189,114:1011|184:219|224:203|229:201|234:189,"=""114,184,234""",0,214,1,214,1.000
CFG_017,YES,NO,890,1078,188,160071.000,161356.000,1285.000,237,237,237,0,305,279,0,949,875,0,99.20,69:311|114:269|184:277|234:33,69:36|114:1|184:102|224:6|229:18|234:36,69:347|114:270|184:379|224:3|229:12|234:67,69:1078|114:731|184:461|224:82|229:79|234:67,"=""69,114,184,234""",0,214,1,214,1.000
CFG_018,NO,NO,890,1209,319,163626.000,161356.000,425.000,263,262,262,0,305,321,16,949,1006,57,101.41,69:311|114:269|149:222|184:55|234:33,114:343|119:32|144:4|179:4|184:35|224:8|229:16|234:7,69:255|114:612|119:32|144:4|149:159|179:4|184:90|224:5|229:10|234:38,69:1209|114:954|119:342|144:310|149:306|179:147|184:143|224:53|229:48|234:38,"=""69,114,149,184,234""",0,214,1,214,1.000
CFG_019,NO,YES,890,1283,393,163146.000,161356.000,405.000,269,266,265,1,305,345,40,949,1080,131,101.11,69:311|89:132|114:137|149:222|184:55|234:33,69:182|89:75|114:4|149:35|184:78|224:6|229:19|234:5,69:493|89:207|114:141|149:257|184:133|224:2|229:13|234:37,69:1283|89:790|114:583|149:442|184:185|224:52|229:50|234:37,"=""69,89,114,149,184,234""",0,214,1,214,1.000
CFG_020,NO,YES,890,1247,357,162451.000,161356.000,380.000,268,263,261,2,305,337,32,949,1044,95,100.68,69:311|89:132|114:137|134:147|149:75|184:55|234:33,69:140|89:66|134:70|149:47|184:96|224:6|229:12|234:20,69:451|89:198|114:48|134:217|149:122|184:151|224:3|229:6|234:51,69:1247|89:796|114:598|134:550|149:333|184:211|224:60|229:57|234:51,"=""69,89,114,134,149,184,234""",0,214,1,214,1.000
CFG_021,YES,NO,890,1011,121,156086.000,161356.000,5270.000,225,168,168,0,305,257,0,949,808,0,96.73,114:515|184:338|234:37,114:277|224:6|229:18|234:153,114:792|184:16|224:2|229:12|234:189,114:1011|184:219|224:203|229:201|234:189,"=""114,184,234""",0,214,1,214,1.000
CFG_022,YES,NO,890,1015,125,160576.000,161356.000,780.000,223,114,114,0,305,259,0,949,812,0,99.52,84:329|114:186|184:338|234:37,109:54|114:353|179:54|224:6|229:18|234:153,84:97|109:54|114:539|179:54|184:68|224:2|229:12|234:189,84:1015|109:918|114:864|179:325|184:271|224:203|229:201|234:189,"=""84,114,184,234""",0,214,1,214,1.000
CFG_023,YES,NO,890,1016,126,160221.000,161356.000,1135.000,229,111,111,0,305,259,0,949,813,0,99.30,84:329|114:186|159:276|184:62|234:37,114:357|224:6|229:72|234:153,84:152|114:543|159:61|184:3|224:2|229:66|234:189,84:1016|114:864|159:321|184:260|224:257|229:255|234:189,"=""84,114,159,184,234""",0,214,1,214,1.000
CFG_024,NO,NO,890,1110,220,161846.000,161356.000,995.000,252,140,140,0,305,289,0,949,907,0,100.30,84:329|114:186|134:92|159:184|184:62|234:37,114:389|134:3|224:6|229:69|234:67,84:210|114:575|134:95|159:59|184:3|224:2|229:64|234:102,84:1110|114:900|134:325|159:230|184:171|224:168|229:166|234:102,"=""84,114,134,159,184,234""",0,214,1,214,1.000
CFG_025,NO,NO,890,1088,198,161901.000,161356.000,940.000,247,199,199,0,305,282,0,949,885,0,100.34,84:329|114:186|134:92|159:184|184:62|214:37,114:200|129:73|134:104|184:14|214:65|224:6|229:18|234:3,84:159|114:386|129:73|134:196|159:80|184:76|214:102|224:2|229:12|234:2,84:1088|114:929|129:543|134:470|159:274|184:194|214:118|224:16|229:14|234:2,"=""84,114,134,159,184,214,234""",0,214,1,214,1.000
CFG_026,YES,NO,890,1123,233,153216.000,161356.000,8140.000,275,273,273,0,305,328,23,949,920,0,94.96,109:493|184:358|234:39,109:488|189:3|224:6|229:18|234:8,109:981|184:79|189:3|224:2|229:12|234:46,109:1123|184:142|189:63|224:60|229:58|234:46,"=""109,184,234""",0,11,1,11,0.051
CFG_027,YES,NO,890,1282,392,153261.000,161356.000,8095.000,284,284,284,0,305,383,78,949,1079,130,94.98,89:348|109:145|184:358|234:39,89:654|224:6|229:18,89:1002|109:119|184:125|224:2|229:12|234:22,89:1282|109:280|184:161|224:36|229:34|234:22,"=""89,109,184,234""",0,11,1,11,0.051
CFG_028,YES,NO,890,1109,219,160381.000,161356.000,975.000,247,186,186,0,305,289,0,949,906,0,99.40,89:348|109:145|159:251|184:107|234:39,89:78|94:114|104:9|154:39|159:142|224:6|229:18|234:3,89:426|94:114|104:9|109:12|154:39|159:393|184:61|224:2|229:12|234:41,89:1109|94:683|104:569|109:560|154:548|159:509|184:116|224:55|229:53|234:41,"=""89,109,159,184,234""",0,214,1,214,1.000
CFG_029,YES,NO,890,1088,198,160271.000,161356.000,1085.000,245,229,229,0,305,282,0,949,885,0,99.33,89:348|109:145|139:85|159:166|184:107|234:39,89:107|139:245|224:6|229:34|234:83,89:455|109:51|139:330|159:83|184:18|224:2|229:28|234:121,89:1088|109:633|139:582|159:252|184:169|224:151|229:149|234:121,"=""89,109,139,159,184,234""",0,214,1,214,1.000
CFG_030,NO,NO,890,1105,215,162336.000,161356.000,735.000,249,248,246,2,305,288,0,949,902,0,100.61,89:348|109:145|139:85|159:166|184:107|224:39,89:23|109:112|139:6|159:41|224:98|229:16|234:3,89:371|109:257|139:91|159:207|184:34|224:133|229:10|234:2,89:1105|109:734|139:477|159:386|184:179|224:145|229:12|234:2,"=""89,109,139,159,184,224,234""",0,214,1,214,1.000
CFG_031,YES,NO,890,1453,563,151896.000,161356.000,9460.000,287,286,284,2,305,426,121,949,1250,301,94.14,64:482|134:335|234:73,64:611|69:12|224:8|229:22|234:29,64:1093|69:12|134:227|224:6|229:18|234:97,64:1453|69:360|134:348|224:121|229:115|234:97,"=""64,134,234""",0,11,1,11,0.051
CFG_032,NO,NO,890,1229,339,161556.000,161356.000,530.000,267,263,262,1,305,328,23,949,1026,77,100.12,59:440|99:285|164:141|234:24,59:58|164:169|224:4|229:17|234:120,59:498|99:267|164:310|229:11|234:143,59:1229|99:731|164:464|229:154|234:143,"=""59,99,164,234""",0,214,1,214,1.000
CFG_033,NO,YES,890,1474,584,163426.000,161356.000,130.000,277,277,273,4,305,405,100,949,1271,322,101.28,44:299|74:261|114:210|169:97|234:23,44:336|74:112|224:6|229:18|234:216,44:635|74:373|114:182|169:32|224:2|229:14|234:236,44:1474|74:839|114:466|169:284|224:252|229:250|234:236,"=""44,74,114,169,234""",0,214,1,214,1.000
CFG_034,NO,NO,890,1670,780,162116.000,161356.000,215.000,268,263,261,2,305,466,161,949,1467,518,100.47,39:248|64:234|94:209|129:115|174:62|234:22,39:840|174:97|224:6|229:21|234:159,39:1088|64:46|94:175|129:5|174:159|224:2|229:15|234:180,39:1670|64:582|94:536|129:361|174:356|224:197|229:195|234:180,"=""39,64,94,129,174,234""",0,214,1,214,1.000
CFG_035,NO,NO,890,1715,825,162081.000,161356.000,250.000,279,279,277,2,305,481,176,949,1512,563,100.45,34:202|49:167|74:191|99:165|129:81|174:62|234:22,34:641|49:122|174:97|224:6|229:20|234:140,34:843|49:289|74:69|99:150|129:28|174:159|224:2|229:14|234:161,34:1715|49:872|74:583|99:514|129:364|174:336|224:177|229:175|234:161,"=""34,49,74,99,129,174,234""",0,214,1,214,1.000
CFG_036,YES,NO,890,1073,183,159666.000,161356.000,1690.000,235,235,235,0,305,277,0,949,870,0,98.95,79:529|149:309|234:52,149:78|224:6|229:18|234:138,79:483|149:387|224:2|229:12|234:189,79:1073|149:590|224:203|229:201|234:189,"=""79,149,234""",0,214,1,214,1.000
CFG_037,YES,NO,890,1079,189,160286.000,161356.000,1070.000,239,241,239,2,305,279,0,949,876,0,99.34,74:493|114:246|174:126|234:25,114:10|224:6|229:18|234:238,74:451|114:256|174:96|224:3|229:12|234:261,74:1079|114:628|174:372|224:276|229:273|234:261,"=""74,114,174,234""",0,214,1,214,1.000
CFG_038,NO,YES,890,1372,482,161636.000,161356.000,450.000,282,283,280,3,305,373,68,949,1169,220,100.17,59:361|89:225|124:188|174:91|234:25,59:303|124:116|174:100|224:6|229:20|234:39,59:664|89:134|124:304|174:191|224:2|229:15|234:62,59:1372|89:708|124:574|174:270|224:79|229:77|234:62,"=""59,89,124,174,234""",0,214,1,214,1.000
CFG_039,NO,NO,890,1495,605,162616.000,161356.000,210.000,282,280,278,2,305,411,106,949,1292,343,100.78,49:252|69:199|94:173|129:167|179:77|234:22,49:618|179:109|224:6|229:14|234:143,49:870|69:145|94:75|129:45|179:186|224:2|229:8|234:164,49:1495|69:625|94:480|129:405|179:360|224:174|229:172|234:164,"=""49,69,94,129,179,234""",0,214,1,214,1.000
CFG_040,NO,NO,890,1523,633,163216.000,161356.000,90.000,280,280,276,3,305,419,114,949,1320,371,101.15,44:197|59:164|74:132|99:176|129:122|179:77|234:22,44:532|59:5|129:6|224:4|229:18|234:192,44:729|59:169|74:109|99:110|129:128|179:53|229:13|234:212,44:1523|59:794|74:625|99:516|129:406|179:278|229:225|234:212,"=""44,59,74,99,129,179,234""",0,214,1,214,1.000
CFG_041,YES,NO,890,1226,336,153236.000,161356.000,8120.000,266,257,257,0,305,354,49,949,1023,74,94.97,89:517|154:316|234:57,89:441|224:6|229:52,89:958|154:167|224:2|229:46|234:53,89:1226|154:268|224:101|229:99|234:53,"=""89,154,234""",0,11,1,11,0.051
CFG_042,NO,NO,890,1162,272,162356.000,161356.000,715.000,247,240,239,1,305,305,0,949,959,10,100.62,74:409|109:233|164:211|234:37,74:160|109:32|224:6|229:19|234:232,74:569|109:265|164:45|224:2|229:13|234:268,74:1162|109:593|164:328|224:283|229:281|234:268,"=""74,109,164,234""",0,214,1,214,1.000
CFG_043,NO,NO,890,1211,321,162461.000,161356.000,370.000,267,262,260,2,305,321,16,949,1008,59,100.68,69:374|99:210|134:194|179:87|234:25,99:195|134:48|179:82|224:9|229:8|234:53,69:311|99:405|134:242|179:169|224:5|229:2|234:77,69:1211|99:900|134:495|179:253|224:84|229:79|234:77,"=""69,99,134,179,234""",0,214,1,214,1.000
CFG_044,NO,YES,890,1380,490,162586.000,161356.000,240.000,270,268,266,2,305,377,72,949,1177,228,100.76,59:289|79:159|109:194|139:152|179:71|234:25,59:361|79:7|139:5|179:19|224:6|229:17|234:102,59:650|79:166|109:178|139:157|179:90|224:2|229:12|234:125,59:1380|79:730|109:564|139:386|179:229|224:139|229:137|234:125,"=""59,79,109,139,179,234""",0,214,1,214,1.000
CFG_045,NO,YES,890,1463,573,162751.000,161356.000,305.000,274,273,271,2,305,400,95,949,1260,311,100.86,54:222|69:152|89:143|109:125|139:152|179:71|234:25,54:562|69:42|139:59|224:6|229:19|234:146,54:784|69:194|89:23|109:29|139:211|179:37|224:2|229:13|234:170,54:1463|69:679|89:485|109:462|139:433|179:222|224:185|229:183|234:170,"=""54,69,89,109,139,179,234""",0,214,1,214,1.000
CFG_046,YES,NO,890,1059,169,160496.000,161356.000,860.000,246,246,246,0,305,272,0,949,856,0,99.47,99:515|164:324|234:51,164:251|224:6|229:18,99:468|164:575|224:2|229:12|234:2,99:1059|164:591|224:16|229:14|234:2,"=""99,164,234""",0,214,1,214,1.000
CFG_047,YES,NO,890,1231,341,160501.000,161356.000,855.000,268,147,147,0,305,328,23,949,1028,79,99.47,79:365|119:242|169:241|234:42,84:16|114:116|119:387|174:16|224:6|229:18,79:338|84:16|114:116|119:629|169:68|174:16|224:2|229:12|234:34,79:1231|84:893|114:877|119:761|169:132|174:64|224:48|229:46|234:34,"=""79,119,169,234""",0,214,1,214,1.000
CFG_048,NO,YES,890,1167,277,163811.000,161356.000,485.000,255,252,251,1,305,309,4,949,964,15,101.52,79:365|109:186|144:237|184:69|234:33,79:18|109:62|144:57|184:137|224:6|229:16,79:383|109:248|144:294|184:206|224:2|229:11|234:23,79:1167|109:784|144:536|184:242|224:36|229:34|234:23,"=""79,109,144,184,234""",0,214,1,214,1.000
CFG_049,NO,YES,890,1273,383,164246.000,161356.000,290.000,268,265,264,1,305,340,35,949,1070,121,101.79,64:278|84:129|114:173|144:208|184:69|234:33,64:370|184:71|224:6|229:16|234:114,64:648|84:46|114:128|144:153|184:140|224:2|229:12|234:144,64:1273|84:625|114:579|144:451|184:298|224:158|229:156|234:144,"=""64,84,114,144,184,234""",0,214,1,214,1.000
CFG_050,NO,YES,890,1300,410,161811.000,161356.000,520.000,268,266,264,2,305,349,44,949,1097,148,100.28,59:227|79:138|99:150|124:133|149:154|184:55|234:33,59:145|79:4|99:219|184:78|224:6|229:17|234:37,59:372|79:142|99:369|124:65|149:137|184:133|224:2|229:11|234:69,59:1300|79:928|99:786|124:417|149:352|184:215|224:82|229:80|234:69,"=""59,79,99,124,149,184,234""",0,214,1,214,1.000
CFG_051,YES,NO,890,1059,169,160426.000,161356.000,930.000,235,235,235,0,305,272,0,949,856,0,99.42,99:463|159:328|234:99,99:192|224:6|229:18|234:91,99:655|159:201|224:2|229:12|234:189,99:1059|159:404|224:203|229:201|234:189,"=""99,159,234""",0,214,1,214,1.000
CFG_052,YES,NO,890,1324,434,155076.000,161356.000,6280.000,284,284,284,0,305,387,82,949,1121,172,96.11,84:329|129:253|184:271|234:37,84:679|224:6|229:18,84:1008|129:180|184:100|224:2|229:12|234:22,84:1324|129:316|184:136|224:36|229:34|234:22,"=""84,129,184,234""",0,11,1,11,0.051
CFG_053,NO,NO,890,1187,297,161546.000,161356.000,1040.000,261,259,259,0,305,314,9,949,984,35,100.12,69:299|89:57|129:226|184:271|234:37,89:58|129:377|224:6|229:18|234:12,69:296|89:115|129:603|184:111|224:3|229:12|234:47,69:1187|89:891|129:776|184:173|224:62|229:59|234:47,"=""69,89,129,184,234""",0,214,1,214,1.000
CFG_054,NO,NO,890,1229,339,163586.000,161356.000,450.000,265,266,264,2,305,326,21,949,1026,77,101.38,69:299|89:57|124:200|154:208|184:89|234:37,69:30|89:304|124:71|224:4|229:18|234:115,69:329|89:361|124:271|154:39|184:66|229:12|234:151,69:1229|89:900|124:539|154:268|184:229|229:163|234:151,"=""69,89,124,154,184,234""",0,214,1,214,1.000
CFG_055,NO,NO,890,1261,371,162146.000,161356.000,665.000,268,239,239,0,305,336,31,949,1058,109,100.49,69:299|89:57|114:159|139:149|159:127|184:62|234:37,89:486|159:179|184:4|224:8|229:18,69:229|89:543|114:30|139:62|159:306|184:66|224:5|229:12|234:8,69:1261|89:1032|114:489|139:459|159:397|184:91|224:25|229:20|234:8,"=""69,89,114,139,159,184,234""",0,214,1,214,1.000
CFG_056,YES,NO,890,1070,180,160311.000,161356.000,1045.000,235,235,235,0,305,276,0,949,867,0,99.35,89:348|139:230|234:312,89:132|139:157|224:6|229:18,89:480|139:387|224:2|229:12|234:189,89:1070|139:590|224:203|229:201|234:189,"=""89,139,234""",0,214,1,214,1.000
CFG_057,YES,NO,890,1253,363,160331.000,161356.000,1025.000,276,276,276,0,305,334,29,949,1050,101,99.36,89:348|124:198|169:241|234:103,89:124|124:556|224:6|229:18,89:472|124:754|169:11|224:2|229:12|234:2,89:1253|124:781|169:27|224:16|229:14|234:2,"=""89,124,169,234""",0,214,1,214,1.000
CFG_058,YES,NO,890,1264,374,160381.000,161356.000,975.000,270,270,270,0,305,337,32,949,1061,112,99.40,69:299|89:49|134:220|174:282|234:40,69:171|134:542|224:6|229:20,69:470|89:3|134:762|174:10|224:2|229:15|234:2,69:1264|89:794|134:791|174:29|224:19|229:17|234:2,"=""69,89,134,174,234""",0,214,1,214,1.000
CFG_059,NO,NO,890,1214,324,161716.000,161356.000,880.000,257,257,255,2,305,323,18,949,1011,62,100.22,69:299|89:49|109:145|139:85|174:272|234:40,69:39|109:217|139:289|224:6|229:19|234:48,69:338|89:25|109:362|139:374|174:13|224:2|229:13|234:87,69:1214|89:876|109:851|139:489|174:115|224:102|229:100|234:87,"=""69,89,109,139,174,234""",0,214,1,214,1.000
CFG_060,NO,YES,890,1193,303,162801.000,161356.000,515.000,243,243,242,1,305,316,11,949,990,41,100.90,69:299|84:19|104:175|134:75|159:176|184:107|234:39,69:82|84:199|134:114|224:6|229:18|234:149,69:381|84:218|104:107|134:189|159:56|184:41|224:2|229:12|234:187,69:1193|84:812|104:594|134:487|159:298|184:242|224:201|229:199|234:187,"=""69,84,104,134,159,184,234""",0,214,1,214,1.000
CFG_061,YES,NO,890,1612,722,154521.000,161356.000,6835.000,280,280,280,0,305,529,224,949,1409,460,95.76,54:408|89:269|234:213,54:606|89:180|224:6|229:24,54:1014|89:449|224:3|229:21|234:125,54:1612|89:598|224:149|229:146|234:125,"=""54,89,234""",0,11,1,11,0.051
CFG_062,NO,NO,890,1781,891,159336.000,161356.000,2515.000,280,283,279,4,305,530,225,949,1578,629,98.75,44:299|69:223|104:219|234:149,44:772|69:131|224:8|229:24|234:8,44:1071|69:354|104:178|224:6|229:21|234:151,44:1781|69:710|104:356|224:178|229:172|234:151,"=""44,69,104,234""",0,11,1,11,0.051
CFG_063,NO,NO,890,1651,761,162386.000,161356.000,190.000,275,270,267,3,305,460,155,949,1448,499,100.64,39:248|59:192|79:164|114:166|234:120,39:597|114:167|224:6|229:24|234:61,39:845|59:123|79:150|114:333|224:4|229:19|234:177,39:1651|59:806|79:683|114:533|224:200|229:196|234:177,"=""39,59,79,114,234""",0,214,1,214,1.000
CFG_064,NO,NO,890,1717,827,161781.000,161356.000,310.000,279,280,275,4,305,481,176,949,1514,565,100.26,34:202|54:206|69:114|89:155|124:116|234:97,34:588|54:279|124:30|224:6|229:25|234:145,34:790|54:485|69:16|89:18|124:146|224:3|229:19|234:240,34:1717|54:927|69:442|89:426|124:408|224:262|229:259|234:240,"=""34,54,69,89,124,234""",0,214,1,214,1.000
CFG_065,NO,NO,890,1620,730,162221.000,161356.000,110.000,271,271,270,1,305,450,145,949,1417,468,100.54,34:202|49:167|59:71|79:164|94:87|134:126|234:73,34:579|59:26|94:125|134:2|224:6|229:22|234:156,34:781|49:70|59:97|79:86|94:212|134:128|224:3|229:16|234:227,34:1620|49:839|59:769|79:672|94:586|134:374|224:246|229:243|234:227,"=""34,49,59,79,94,134,234""",0,214,1,214,1.000
CFG_066,YES,NO,890,1087,197,160221.000,161356.000,1135.000,229,229,229,0,305,282,0,949,884,0,99.30,59:361|104:336|234:193,59:122|224:8|229:24|234:189,59:483|104:201|224:6|229:21|234:376,59:1087|104:604|224:403|229:397|234:376,"=""59,104,234""",0,214,1,214,1.000
CFG_067,NO,NO,890,1408,518,162251.000,161356.000,330.000,253,248,247,1,305,383,78,949,1205,256,100.55,54:319|79:210|114:210|234:151,54:276|79:227|224:8|229:24|234:87,54:595|79:437|114:117|224:5|229:18|234:236,54:1408|79:813|114:376|224:259|229:254|234:236,"=""54,79,114,234""",0,214,1,214,1.000
CFG_068,NO,NO,890,1398,508,162606.000,161356.000,220.000,269,268,268,0,305,381,76,949,1195,246,100.77,49:252|69:199|94:173|124:150|234:116,49:269|94:97|124:47|224:8|229:18|234:96,49:521|69:183|94:270|124:197|224:6|229:12|234:209,49:1398|69:877|94:694|124:424|224:227|229:221|234:209,"=""49,69,94,124,234""",0,214,1,214,1.000
CFG_069,NO,NO,890,1390,500,162576.000,161356.000,490.000,276,275,271,3,305,378,73,949,1187,238,100.76,49:252|59:109|79:168|104:168|134:104|234:89,49:164|59:138|104:51|134:119|224:4|229:16|234:102,49:416|59:247|79:85|104:219|134:223|224:1|229:11|234:188,49:1390|59:974|79:727|104:642|134:423|224:200|229:199|234:188,"=""49,59,79,104,134,234""",0,214,1,214,1.000
CFG_070,NO,NO,890,1466,576,163176.000,161356.000,125.000,272,271,268,3,305,401,96,949,1263,314,101.13,44:197|59:164|69:90|89:135|109:134|144:108|234:62,44:465|59:38|144:43|224:6|229:18|234:188,44:662|59:202|69:49|89:116|109:23|144:151|224:3|229:13|234:247,44:1466|59:804|69:602|89:553|109:437|144:414|224:263|229:260|234:247,"=""44,59,69,89,109,144,234""",0,214,1,214,1.000
CFG_071,YES,NO,890,1061,171,160601.000,161356.000,755.000,235,230,230,0,305,274,0,949,858,0,99.53,69:374|114:307|234:209,114:391|119:32|224:8|229:24|234:2,69:99|114:698|119:32|224:6|229:21|234:205,69:1061|114:962|119:264|224:232|229:226|234:205,"=""69,114,234""",0,214,1,214,1.000
CFG_072,YES,NO,890,1308,418,160521.000,161356.000,835.000,278,262,259,3,305,352,47,949,1105,156,99.48,64:330|89:187|124:221|234:152,69:8|89:226|124:297|224:8|229:22,64:279|69:8|89:413|124:518|224:6|229:18|234:66,64:1308|69:1029|89:1021|124:608|224:90|229:84|234:66,"=""64,89,124,234""",0,214,1,214,1.000
CFG_073,NO,NO,890,1391,501,163336.000,161356.000,220.000,269,266,263,2,305,379,74,949,1188,239,101.23,59:289|79:159|104:151|134:179|234:112,59:321|134:274|224:6|229:18,59:610|79:154|104:59|134:453|224:3|229:14|234:98,59:1391|79:781|104:627|134:568|224:115|229:112|234:98,"=""59,79,104,134,234""",0,214,1,214,1.000
CFG_074,NO,NO,890,1367,477,162171.000,161356.000,165.000,255,255,255,0,305,371,66,949,1164,215,100.51,54:222|69:152|89:143|114:164|144:130|234:79,54:135|69:200|89:130|224:8|229:20|234:137,54:357|69:352|89:273|114:104|144:48|224:5|229:15|234:213,54:1367|69:1010|89:658|114:385|144:281|224:233|229:228|234:213,"=""54,69,89,114,144,234""",0,214,1,214,1.000
CFG_075,NO,NO,890,1447,557,162446.000,161356.000,135.000,271,267,265,1,305,396,91,949,1244,295,100.68,54:222|64:108|79:118|99:136|119:126|149:109|234:71,54:361|64:100|79:10|149:73|224:4|229:17|234:80,54:583|64:208|79:128|99:81|119:104|149:182|224:1|229:11|234:149,54:1447|64:864|79:656|99:528|119:447|149:343|224:161|229:160|234:149,"=""54,64,79,99,119,149,234""",0,214,1,214,1.000
CFG_076,YES,NO,890,1264,374,160801.000,161356.000,555.000,269,268,268,0,305,337,32,949,1061,112,99.66,79:365|129:322|234:203,79:108|129:450|224:6|229:18,79:473|129:772|224:5|229:12|234:2,79:1264|129:791|224:19|229:14|234:2,"=""79,129,234""",0,214,1,214,1.000
CFG_077,YES,NO,890,1182,292,160656.000,161356.000,700.000,255,232,232,0,305,313,8,949,979,30,99.57,69:311|99:204|139:247|234:128,74:16|99:388|104:16|139:103|224:8|229:22,69:98|74:16|99:592|104:16|139:350|224:6|229:18|234:86,69:1182|74:1084|99:1068|104:476|139:460|224:110|229:104|234:86,"=""69,99,139,234""",0,214,1,214,1.000
CFG_078,NO,NO,890,1274,384,161131.000,161356.000,720.000,265,265,265,0,305,341,36,949,1071,122,99.86,64:278|89:165|119:164|144:181|234:102,64:23|89:220|144:267|224:8|229:20,64:301|89:385|119:80|144:448|224:5|229:15|234:40,64:1274|89:973|119:588|144:508|224:60|229:55|234:40,"=""64,89,119,144,234""",0,214,1,214,1.000
CFG_079,NO,YES,890,1318,428,162781.000,161356.000,305.000,267,266,263,3,305,355,50,949,1115,166,100.88,64:278|79:87|99:150|129:172|149:115|234:88,64:148|79:217|99:10|149:7|224:6|229:18|234:68,64:426|79:304|99:160|129:137|149:122|224:2|229:12|234:155,64:1318|79:892|99:588|129:428|149:291|224:169|229:167|234:155,"=""64,79,99,129,149,234""",0,214,1,214,1.000
CFG_080,NO,NO,890,1385,495,162746.000,161356.000,335.000,265,263,261,2,305,376,71,949,1182,233,100.86,59:227|69:84|89:132|114:137|134:147|159:95|234:68,59:210|69:86|89:96|114:114|159:21|224:4|229:17|234:42,59:437|69:170|89:228|114:251|134:63|159:116|224:1|229:11|234:108,59:1385|69:948|89:778|114:550|134:299|159:236|224:120|229:119|234:108,"=""59,69,89,114,134,159,234""",0,214,1,214,1.000
CFG_081,YES,YES,890,1072,182,160106.000,161356.000,1250.000,235,235,235,0,305,277,0,949,869,0,99.23,84:329|144:394|234:167,84:152|224:6|229:18|234:23,84:481|144:388|224:2|229:12|234:189,84:1072|144:591|224:203|229:201|234:189,"=""84,144,234""",0,214,1,214,1.000
CFG_082,YES,NO,890,1442,552,156086.000,161356.000,5270.000,288,288,288,0,305,424,119,949,1239,290,96.73,69:299|109:207|149:247|234:137,69:732|224:8|229:20,69:1031|109:137|149:192|224:5|229:15|234:62,69:1442|109:411|149:274|224:82|229:77|234:62,"=""69,109,149,234""",0,11,1,11,0.051
CFG_083,YES,NO,890,1029,139,160781.000,161356.000,575.000,217,139,139,0,305,264,0,949,826,0,99.64,64:240|99:223|134:144|154:157|234:126,134:224|154:20|159:184|224:6|229:24,64:168|99:17|134:368|154:177|159:184|224:3|229:18|234:94,64:1029|99:861|134:844|154:476|159:299|224:115|229:112|234:94,"=""64,99,134,154,234""",0,214,1,214,1.000
CFG_084,NO,YES,890,1283,393,162586.000,161356.000,250.000,263,264,261,3,305,344,39,949,1080,131,100.76,64:240|84:89|109:177|144:217|164:90|234:77,64:283|84:122|164:95|224:6|229:19|234:60,64:523|84:211|109:133|144:80|164:185|224:2|229:13|234:136,64:1283|84:760|109:549|144:416|164:336|224:151|229:149|234:136,"=""64,84,109,144,164,234""",0,214,1,214,1.000
CFG_085,NO,NO,890,1274,384,162011.000,161356.000,320.000,271,270,266,4,305,341,36,949,1071,122,100.41,64:240|74:69|104:191|129:82|149:171|169:76|234:61,64:196|104:313|224:4|229:19|234:134,64:436|74:63|104:504|129:35|149:20|169:9|229:13|234:194,64:1274|74:838|104:775|129:271|149:236|169:216|229:207|234:194,"=""64,74,104,129,149,169,234""",0,214,1,214,1.000
CFG_086,YES,NO,890,1072,182,160106.000,161356.000,1250.000,235,235,235,0,305,277,0,949,869,0,99.23,84:318|144:367|234:205,84:163|144:21|224:6|229:18,84:481|144:388|224:2|229:12|234:189,84:1072|144:591|224:203|229:201|234:189,"=""84,144,234""",0,214,1,214,1.000
CFG_087,NO,NO,890,1225,335,161736.000,161356.000,105.000,259,256,253,2,305,325,20,949,1022,73,100.24,74:309|109:184|149:235|234:162,74:345|109:120|224:6|229:24|234:74,74:654|109:304|149:12|224:3|229:18|234:234,74:1225|109:571|149:267|224:255|229:252|234:234,"=""74,109,149,234""",0,214,1,214,1.000
CFG_088,NO,NO,890,1243,353,162911.000,161356.000,885.000,257,252,251,1,305,331,26,949,1040,91,100.96,64:232|104:261|139:85|169:209|234:103,64:174|104:159|139:61|224:9|229:19|234:5,64:406|104:420|139:146|169:146|224:5|229:13|234:107,64:1243|104:837|139:417|169:271|224:125|229:120|234:107,"=""64,104,139,169,234""",0,214,1,214,1.000
CFG_089,NO,NO,890,1301,411,163371.000,161356.000,165.000,282,281,277,3,305,349,44,949,1098,149,101.25,64:232|84:86|109:175|144:192|174:165|234:40,64:228|84:181|224:6|229:19|234:72,64:460|84:267|109:160|144:184|174:104|224:3|229:13|234:110,64:1301|84:841|109:574|144:414|174:230|224:126|229:123|234:110,"=""64,84,109,144,174,234""",0,214,1,214,1.000
CFG_090,NO,YES,890,1284,394,162411.000,161356.000,165.000,262,259,257,2,305,344,39,949,1081,132,100.65,64:232|74:77|104:184|129:59|149:176|174:122|234:40,64:279|74:156|174:25|224:6|229:15|234:107,64:511|74:233|104:102|129:8|149:126|174:147|224:2|229:9|234:146,64:1284|74:773|104:540|129:438|149:430|174:304|224:157|229:155|234:146,"=""64,74,104,129,149,174,234""",0,214,1,214,1.000
