Part nr,Part,Location ,Item Height,Location Height,Count of Assembly
1,ASM4022_438_55205-LF,A1101,196,234,144
4,ASM4022_658_62151-LF,E0001,34,69,138
55,ASM4022_693_84541-LF,H0101,41,104,132
36,ASM4022_438_40611-LF,F2002,16,104,131
34,ASM4022_682_25201-LF,F1701,5,109,121
25,ASM0051_109_00006-LF,E2003,31,64,99
26,ASM4022_716_02481-LF,F0602,53,74,97
6,ASM4022_716_15561-LF,E0102,51,64,88
41,ASM4022_716_10242-LF,G0601,54,109,84
60,ASM4022_711_86595-LF,H0902,32,109,84
19,ASM4022_711_86462-LF,E1002,65,64,83
30,ASM4022_711_86482-LF,F0802,46,74,83
47,ASM4022_716_10102-LF,G0901,34,109,83
49,ASM4022_716_10221-LF,G1002,21,74,83
52,ASM4022_716_10181-LF,G1602,19,74,83
57,ASM4022_716_10121-LF,H0502,59,109,83
58,ASM4022_716_10161-LF,H0602,20,109,83
64,ASM4022_478_00087-LF,J1002,35,104,83
5,ASM4022_716_02451-LF,E0002,10,64,81
7,ASM4022_716_02461-LF,E0102,32,64,81
8,ASM4022_716_15581-LF,E0102,32,64,80
9,ASM4022_716_02501-LF,E0102,24,64,80
10,ASM4022_716_15591-LF,E0202,26,64,80
11,ASM4022_716_15551-LF,E0202,16,64,80
12,ASM4022_716_15571-LF,E0202,37,64,80
20,ASM4022_711_10182-V01,E1201,30,69,80
24,ASM4022_711_86062-LF,E1703,49,64,80
39,ASM0051_716_02471-LF,G0102,77,74,80
50,ASM4022_711_86152-LF,G1002,38,74,80
63,ASM4022_438_07206-LF,I1101,105,104,80
43,ASM4022_438_40212-LF,G0702,14,74,74
40,ASM4022_438_57996-LF,G0402,8,74,73
61,SMS0069_246_00035-LF,H1702,90,109,73
62,SMS0069_246_00074-LF,H1802,74,109,71
46,ASM4022_438_55896-LF,G0802,15,74,70
59,ASM4022_690_09851-LF,H0901,31,104,70
13,ASM4022_716_43911-LF,E0603,49,64,69
45,ASM4022_654_95952-LF,G0801,67,109,66
44,ASM4022_438_54296-LF,G0702,16,74,65
22,ASM4022_704_27791-LF,E1302,38,64,63
23,ASM4022_704_24331-LF,E1502,26,64,63
42,ASM4022_478_05119-LF,G0602,70,74,63
35,ASM4022_438_56067-LF,F1902,45,104,62
54,ASM4022_704_68272-LF,H0002,66,109,62
37,ASM4022_438_56071-LF,F2002,15,104,61
27,ASM4022_636_87822-LF,F0602,23,74,59
28,ASM4022_640_27022-LF,F0702,20,74,59
29,ASM4022_640_27042-LF,F0801,44,109,59
33,ASM4022_640_27052-LF,F1601,67,109,59
53,ASM4022_698_48251-LF,G2002,38,104,59
31,ASM4022_671_23222-LF,F1001,55,109,58
2,ASM4022_693_57282-LF,D1303,42,64,57
3,ASM4022_693_57302-LF,D1403,38,64,57
51,ASM4022_472_74802-LF,G1302,33,74,57
21,ASM4022_693_79691-LF,E1202,49,64,56
32,ASM4022_712_81061-LF,F1002,52,74,56
38,ASM4022_704_04243-LF,G0002,80,74,56
56,ASM4022_438_54067-LF,H0102,24,109,55
15,ASM4022_698_12913-LF,E0703,32,64,54
16,ASM4022_698_12883-LF,E0703,32,64,54
17,ASM4022_640_94501-LF,E0801,46,69,54
18,ASM4022_698_12903-LF,E0903,41,64,54
14,ASM4022_698_12923-LF,E0603,32,64,53
48,ASM4022_472_39811-LF,G0902,33,74,53
