Weighted_Sum_Score,Configuration_Count,Config_IDs,Assigned_Locations_Total_Weighted,Empty_Locations_Weighted,Occupancy_Rate_Weighted,Total_Slot_Space_m3_Weighted,Occupied_Slot_Space_m3_Weighted,Empty_Slot_Space_m3_Weighted,Space_Utilization_Pct_Weighted,Beam_Relocations_Total_Weighted,Additional_Beams_Required_Weighted,Additional_Grids_Required_Weighted,Standardization_Unique_Slot_Sizes_Weighted,Additional_Fill_Extra_Slot_Size_Variants_Weighted,Additional_Fill_Height_Total_cm_Weighted
0.662379,1,CFG_120,0.000000,0.000000,0.000000,0.000000,0.000000,0.000000,0.365157,0.222222,0.000000,0.000000,0.075000,,
0.662867,1,CFG_060,0.000000,0.000000,0.000000,0.000000,0.000000,0.000000,0.364691,0.223176,0.000000,0.000000,0.075000,,
0.664345,1,CFG_049,0.000000,0.000000,0.000000,0.000000,0.000000,0.000000,0.369629,0.211382,0.000000,0.000000,0.083333,,
0.670655,1,CFG_059,0.000000,0.000000,0.000000,0.000000,0.000000,0.000000,0.364146,0.223176,0.000000,0.000000,0.083333,,
0.673429,1,CFG_179,0.000000,0.000000,0.000000,0.000000,0.000000,0.000000,0.363021,0.227074,0.000000,0.000000,0.083333,,
0.675627,1,CFG_047,0.000000,0.000000,0.000000,0.000000,0.000000,0.000000,0.358807,0.209677,0.000000,0.000000,0.107143,,
0.677249,1,CFG_109,0.000000,0.000000,0.000000,0.000000,0.000000,0.000000,0.366841,0.227074,0.000000,0.000000,0.083333,,
0.677652,1,CFG_050,0.000000,0.000000,0.000000,0.000000,0.000000,0.000000,0.373577,0.229075,0.000000,0.000000,0.075000,,
0.679874,1,CFG_119,0.000000,0.000000,0.000000,0.000000,0.000000,0.000000,0.367465,0.229075,0.000000,0.000000,0.083333,,
0.681362,1,CFG_110,0.000000,0.000000,0.000000,0.000000,0.000000,0.000000,0.372128,0.234234,0.000000,0.000000,0.075000,,
0.682148,1,CFG_057,0.000000,0.000000,0.000000,0.000000,0.000000,0.000000,0.353728,0.221277,0.000000,0.000000,0.107143,,
0.682285,1,CFG_108,0.000000,0.000000,0.000000,0.000000,0.000000,0.000000,0.366313,0.222222,0.000000,0.000000,0.093750,,
0.682670,1,CFG_170,0.000000,0.000000,0.000000,0.000000,0.000000,0.000000,0.371267,0.228070,0.000000,0.000000,0.083333,,
0.683839,1,CFG_160,0.000000,0.000000,0.000000,0.000000,0.000000,0.000000,0.393071,0.215768,0.000000,0.000000,0.075000,,
0.685724,1,CFG_178,0.000000,0.000000,0.000000,0.000000,0.000000,0.000000,0.363904,0.228070,0.000000,0.000000,0.093750,,
0.686213,1,CFG_040,0.000000,0.000000,0.000000,0.000000,0.000000,0.000000,0.399831,0.211382,0.000000,0.000000,0.075000,,
0.687013,1,CFG_169,0.000000,0.000000,0.000000,0.000000,0.000000,0.000000,0.367316,0.236364,0.000000,0.000000,0.083333,,
0.687024,1,CFG_118,0.000000,0.000000,0.000000,0.000000,0.000000,0.000000,0.365204,0.228070,0.000000,0.000000,0.093750,,
0.687247,1,CFG_177,0.000000,0.000000,0.000000,0.000000,0.000000,0.000000,0.353030,0.227074,0.000000,0.000000,0.107143,,
0.687416,1,CFG_168,0.000000,0.000000,0.000000,0.000000,0.000000,0.000000,0.366592,0.227074,0.000000,0.000000,0.093750,,
0.688253,1,CFG_046,0.000000,0.000000,0.000000,0.000000,0.000000,0.000000,0.353575,0.209677,0.000000,0.000000,0.125000,,
0.688602,1,CFG_048,0.000000,0.000000,0.000000,0.000000,0.000000,0.000000,0.367778,0.227074,0.000000,0.000000,0.093750,,
0.691390,1,CFG_100,0.000000,0.000000,0.000000,0.000000,0.000000,0.000000,0.394168,0.222222,0.000000,0.000000,0.075000,,
0.692212,1,CFG_167,0.000000,0.000000,0.000000,0.000000,0.000000,0.000000,0.357995,0.227074,0.000000,0.000000,0.107143,,
0.692757,1,CFG_180,0.000000,0.000000,0.000000,0.000000,0.000000,0.000000,0.374130,0.235294,0.000000,0.000000,0.083333,,
0.693659,1,CFG_159,0.000000,0.000000,0.000000,0.000000,0.000000,0.000000,0.389049,0.221277,0.000000,0.000000,0.083333,,
0.693863,1,CFG_058,0.000000,0.000000,0.000000,0.000000,0.000000,0.000000,0.364819,0.235294,0.000000,0.000000,0.093750,,
0.696751,1,CFG_098,0.000000,0.000000,0.000000,0.000000,0.000000,0.000000,0.385428,0.217573,0.000000,0.000000,0.093750,,
0.696800,1,CFG_099,0.000000,0.000000,0.000000,0.000000,0.000000,0.000000,0.392190,0.221277,0.000000,0.000000,0.083333,,
0.698474,1,CFG_117,0.000000,0.000000,0.000000,0.000000,0.000000,0.000000,0.356037,0.235294,0.000000,0.000000,0.107143,,
0.698634,1,CFG_045,0.000000,0.000000,0.000000,0.000000,0.000000,0.000000,0.348634,0.200000,0.000000,0.000000,0.150000,,
0.698841,1,CFG_158,0.000000,0.000000,0.000000,0.000000,0.000000,0.000000,0.383815,0.221277,0.000000,0.000000,0.093750,,
0.699395,1,CFG_107,0.000000,0.000000,0.000000,0.000000,0.000000,0.000000,0.364182,0.228070,0.000000,0.000000,0.107143,,
0.699631,1,CFG_037,0.000000,0.000000,0.000000,0.000000,0.000000,0.000000,0.387763,0.204724,0.000000,0.000000,0.107143,,
0.701520,1,CFG_056,0.000000,0.000000,0.000000,0.000000,0.000000,0.000000,0.353345,0.223176,0.000000,0.000000,0.125000,,
0.704642,1,CFG_106,0.000000,0.000000,0.000000,0.000000,0.000000,0.000000,0.357420,0.222222,0.000000,0.000000,0.125000,,
0.705336,1,CFG_029,0.000000,0.000000,0.000000,0.000000,0.000000,0.000000,0.414832,0.207171,0.000000,0.000000,0.083333,,
0.706623,1,CFG_038,0.000000,0.000000,0.000000,0.000000,0.000000,0.000000,0.389697,0.223176,0.000000,0.000000,0.093750,,
0.706835,1,CFG_039,0.000000,0.000000,0.000000,0.000000,0.000000,0.000000,0.396427,0.227074,0.000000,0.000000,0.083333,,
0.706892,1,CFG_176,0.000000,0.000000,0.000000,0.000000,0.000000,0.000000,0.347658,0.234234,0.000000,0.000000,0.125000,,
0.707669,1,CFG_116,0.000000,0.000000,0.000000,0.000000,0.000000,0.000000,0.348435,0.234234,0.000000,0.000000,0.125000,,
0.710147,1,CFG_150,0.000000,0.000000,0.000000,0.000000,0.000000,0.000000,0.420271,0.214876,0.000000,0.000000,0.075000,,
0.710270,1,CFG_166,0.000000,0.000000,0.000000,0.000000,0.000000,0.000000,0.354159,0.231111,0.000000,0.000000,0.125000,,
0.711751,1,CFG_036,0.000000,0.000000,0.000000,0.000000,0.000000,0.000000,0.382830,0.203922,0.000000,0.000000,0.125000,,
0.712861,1,CFG_055,0.000000,0.000000,0.000000,0.000000,0.000000,0.000000,0.347985,0.214876,0.000000,0.000000,0.150000,,
0.714287,1,CFG_157,0.000000,0.000000,0.000000,0.000000,0.000000,0.000000,0.380070,0.227074,0.000000,0.000000,0.107143,,
0.714867,1,CFG_030,0.000000,0.000000,0.000000,0.000000,0.000000,0.000000,0.421380,0.218487,0.000000,0.000000,0.075000,,
0.715477,1,CFG_156,0.000000,0.000000,0.000000,0.000000,0.000000,0.000000,0.374710,0.215768,0.000000,0.000000,0.125000,,
0.715884,1,CFG_090,0.000000,0.000000,0.000000,0.000000,0.000000,0.000000,0.425116,0.215768,0.000000,0.000000,0.075000,,
0.717025,1,CFG_028,0.000000,0.000000,0.000000,0.000000,0.000000,0.000000,0.412749,0.210526,0.000000,0.000000,0.093750,,
0.717438,1,CFG_115,0.000000,0.000000,0.000000,0.000000,0.000000,0.000000,0.334254,0.233184,0.000000,0.000000,0.150000,,
0.719224,1,CFG_097,0.000000,0.000000,0.000000,0.000000,0.000000,0.000000,0.384011,0.228070,0.000000,0.000000,0.107143,,
0.726931,1,CFG_149,0.000000,0.000000,0.000000,0.000000,0.000000,0.000000,0.414523,0.229075,0.000000,0.000000,0.083333,,
0.727083,1,CFG_096,0.000000,0.000000,0.000000,0.000000,0.000000,0.000000,0.374012,0.228070,0.000000,0.000000,0.125000,,
0.729044,1,CFG_148,0.000000,0.000000,0.000000,0.000000,0.000000,0.000000,0.406219,0.229075,0.000000,0.000000,0.093750,,
0.730180,1,CFG_165,0.000000,0.000000,0.000000,0.000000,0.000000,0.000000,0.344885,0.235294,0.000000,0.000000,0.150000,,
0.730469,1,CFG_089,0.000000,0.000000,0.000000,0.000000,0.000000,0.000000,0.421049,0.226087,0.000000,0.000000,0.083333,,
0.731829,1,CFG_025,0.000000,0.000000,0.000000,0.000000,0.000000,0.000000,0.382595,0.199234,0.000000,0.000000,0.150000,,
0.732419,1,CFG_175,0.000000,0.000000,0.000000,0.000000,0.000000,0.000000,0.332419,0.250000,0.000000,0.000000,0.150000,,
0.732778,1,CFG_088,0.000000,0.000000,0.000000,0.000000,0.000000,0.000000,0.415852,0.223176,0.000000,0.000000,0.093750,,
0.734897,1,CFG_114,0.000000,0.000000,0.000000,0.000000,0.000000,0.000000,0.326120,0.221277,0.000000,0.000000,0.187500,,
0.735492,1,CFG_155,0.000000,0.000000,0.000000,0.000000,0.000000,0.000000,0.358418,0.227074,0.000000,0.000000,0.150000,,
0.735728,1,CFG_035,0.000000,0.000000,0.000000,0.000000,0.000000,0.000000,0.370852,0.214876,0.000000,0.000000,0.150000,,
0.739204,1,CFG_095,0.000000,0.000000,0.000000,0.000000,0.000000,0.000000,0.367927,0.221277,0.000000,0.000000,0.150000,,
0.740050,1,CFG_147,0.000000,0.000000,0.000000,0.000000,0.000000,0.000000,0.410684,0.222222,0.000000,0.000000,0.107143,,
0.740101,1,CFG_086,0.000000,0.000000,0.000000,0.000000,0.000000,0.000000,0.398434,0.216667,0.000000,0.000000,0.125000,,
0.740443,1,CFG_027,0.000000,0.000000,0.000000,0.000000,0.000000,0.000000,0.406226,0.227074,0.000000,0.000000,0.107143,,
0.742022,1,CFG_140,0.000000,0.000000,0.000000,0.000000,0.000000,0.000000,0.445745,0.221277,0.000000,0.000000,0.075000,,
0.742264,1,CFG_105,0.000000,0.000000,0.000000,0.000000,0.000000,0.000000,0.344645,0.247619,0.000000,0.000000,0.150000,,
0.742320,1,CFG_087,0.000000,0.000000,0.000000,0.000000,0.000000,0.000000,0.412001,0.223176,0.000000,0.000000,0.107143,,
0.742700,1,CFG_080,0.000000,0.000000,0.000000,0.000000,0.000000,0.000000,0.451034,0.216667,0.000000,0.000000,0.075000,,
0.743269,1,CFG_146,0.000000,0.000000,0.000000,0.000000,0.000000,0.000000,0.396047,0.222222,0.000000,0.000000,0.125000,,
0.744624,1,CFG_020,0.000000,0.000000,0.000000,0.000000,0.000000,0.000000,0.459097,0.210526,0.000000,0.000000,0.075000,,
0.745135,1,CFG_026,0.000000,0.000000,0.000000,0.000000,0.000000,0.000000,0.398859,0.221277,0.000000,0.000000,0.125000,,
0.747473,1,CFG_054,0.000000,0.000000,0.000000,0.000000,0.000000,0.000000,0.330898,0.229075,0.000000,0.000000,0.187500,,
0.748001,1,CFG_079,0.000000,0.000000,0.000000,0.000000,0.000000,0.000000,0.447095,0.217573,0.000000,0.000000,0.083333,,
0.749906,1,CFG_019,0.000000,0.000000,0.000000,0.000000,0.000000,0.000000,0.450805,0.215768,0.000000,0.000000,0.083333,,
0.750114,1,CFG_016,0.000000,0.000000,0.000000,0.000000,0.000000,0.000000,0.424342,0.200772,0.000000,0.000000,0.125000,,
0.750640,1,CFG_024,0.000000,0.000000,0.000000,0.000000,0.000000,0.000000,0.359218,0.203922,0.000000,0.000000,0.187500,,
0.751428,1,CFG_104,0.000000,0.000000,0.000000,0.000000,0.000000,0.000000,0.335858,0.228070,0.000000,0.000000,0.187500,,
0.754366,1,CFG_164,0.000000,0.000000,0.000000,0.000000,0.000000,0.000000,0.338796,0.228070,0.000000,0.000000,0.187500,,
0.755199,1,CFG_017,0.000000,0.000000,0.000000,0.000000,0.000000,0.000000,0.439221,0.208835,0.000000,0.000000,0.107143,,
0.756013,1,CFG_145,0.000000,0.000000,0.000000,0.000000,0.000000,0.000000,0.378939,0.227074,0.000000,0.000000,0.150000,,
0.757196,1,CFG_044,0.000000,0.000000,0.000000,0.000000,0.000000,0.000000,0.335462,0.234234,0.000000,0.000000,0.187500,,
0.757406,1,CFG_078,0.000000,0.000000,0.000000,0.000000,0.000000,0.000000,0.446990,0.216667,0.000000,0.000000,0.093750,,
0.757820,1,CFG_139,0.000000,0.000000,0.000000,0.000000,0.000000,0.000000,0.446416,0.228070,0.000000,0.000000,0.083333,,
0.758413,1,CFG_174,0.000000,0.000000,0.000000,0.000000,0.000000,0.000000,0.336678,0.234234,0.000000,0.000000,0.187500,,
0.759547,1,CFG_137,0.000000,0.000000,0.000000,0.000000,0.000000,0.000000,0.431128,0.221277,0.000000,0.000000,0.107143,,
0.759590,1,CFG_018,0.000000,0.000000,0.000000,0.000000,0.000000,0.000000,0.448266,0.217573,0.000000,0.000000,0.093750,,
0.761029,1,CFG_034,0.000000,0.000000,0.000000,0.000000,0.000000,0.000000,0.345459,0.228070,0.000000,0.000000,0.187500,,
0.762202,1,CFG_138,0.000000,0.000000,0.000000,0.000000,0.000000,0.000000,0.441377,0.227074,0.000000,0.000000,0.093750,,
0.767784,1,CFG_077,0.000000,0.000000,0.000000,0.000000,0.000000,0.000000,0.432570,0.228070,0.000000,0.000000,0.107143,,
0.769807,1,CFG_094,0.000000,0.000000,0.000000,0.000000,0.000000,0.000000,0.353232,0.229075,0.000000,0.000000,0.187500,,
0.769888,1,CFG_130,0.000000,0.000000,0.000000,0.000000,0.000000,0.000000,0.490163,0.204724,0.000000,0.000000,0.075000,,
0.771538,1,CFG_085,0.000000,0.000000,0.000000,0.000000,0.000000,0.000000,0.394463,0.227074,0.000000,0.000000,0.150000,,
0.772060,1,CFG_076,0.000000,0.000000,0.000000,0.000000,0.000000,0.000000,0.422922,0.224138,0.000000,0.000000,0.125000,,
0.773207,1,CFG_136,0.000000,0.000000,0.000000,0.000000,0.000000,0.000000,0.412913,0.235294,0.000000,0.000000,0.125000,,
0.773393,1,CFG_075,0.000000,0.000000,0.000000,0.000000,0.000000,0.000000,0.412867,0.210526,0.000000,0.000000,0.150000,,
0.779462,1,CFG_154,0.000000,0.000000,0.000000,0.000000,0.000000,0.000000,0.346679,0.245283,0.000000,0.000000,0.187500,,
0.781294,1,CFG_070,0.000000,0.000000,0.000000,0.000000,0.000000,0.000000,0.496617,0.209677,0.000000,0.000000,0.075000,,
0.781960,1,CFG_015,0.000000,0.000000,0.000000,0.000000,0.000000,0.000000,0.415293,0.216667,0.000000,0.000000,0.150000,,
0.784677,1,CFG_010,0.000000,0.000000,0.000000,0.000000,0.000000,0.000000,0.500000,0.209677,0.000000,0.000000,0.075000,,
0.784905,1,CFG_135,0.000000,0.000000,0.000000,0.000000,0.000000,0.000000,0.400671,0.234234,0.000000,0.000000,0.150000,,
0.787484,1,CFG_144,0.000000,0.000000,0.000000,0.000000,0.000000,0.000000,0.365750,0.234234,0.000000,0.000000,0.187500,,
0.788578,1,CFG_008,0.000000,0.000000,0.000000,0.000000,0.000000,0.000000,0.485150,0.209677,0.000000,0.000000,0.093750,,
0.789722,1,CFG_129,0.000000,0.000000,0.000000,0.000000,0.000000,0.000000,0.485112,0.221277,0.000000,0.000000,0.083333,,
0.790928,1,CFG_007,0.000000,0.000000,0.000000,0.000000,0.000000,0.000000,0.475785,0.208000,0.000000,0.000000,0.107143,,
0.792484,1,CFG_128,0.000000,0.000000,0.000000,0.000000,0.000000,0.000000,0.477458,0.221277,0.000000,0.000000,0.093750,,
0.792671,1,CFG_084,0.000000,0.000000,0.000000,0.000000,0.000000,0.000000,0.377101,0.228070,0.000000,0.000000,0.187500,,
0.792871,1,CFG_033,0.000000,0.000000,0.000000,0.000000,0.000000,0.000000,0.314801,0.228070,0.000000,0.000000,0.250000,,
0.793105,1,CFG_069,0.000000,0.000000,0.000000,0.000000,0.000000,0.000000,0.488496,0.221277,0.000000,0.000000,0.083333,,
0.796036,1,CFG_126,0.000000,0.000000,0.000000,0.000000,0.000000,0.000000,0.442966,0.228070,0.000000,0.000000,0.125000,,
0.798611,1,CFG_009,0.000000,0.000000,0.000000,0.000000,0.000000,0.000000,0.494001,0.221277,0.000000,0.000000,0.083333,,
0.800119,1,CFG_067,0.000000,0.000000,0.000000,0.000000,0.000000,0.000000,0.471699,0.221277,0.000000,0.000000,0.107143,,
0.800678,1,CFG_068,0.000000,0.000000,0.000000,0.000000,0.000000,0.000000,0.484706,0.222222,0.000000,0.000000,0.093750,,
0.800853,1,CFG_014,0.000000,0.000000,0.000000,0.000000,0.000000,0.000000,0.391131,0.222222,0.000000,0.000000,0.187500,,
0.801285,1,CFG_125,0.000000,0.000000,0.000000,0.000000,0.000000,0.000000,0.429063,0.222222,0.000000,0.000000,0.150000,,
0.802564,1,CFG_023,0.000000,0.000000,0.000000,0.000000,0.000000,0.000000,0.325490,0.227074,0.000000,0.000000,0.250000,,
0.802708,1,CFG_005,0.000000,0.000000,0.000000,0.000000,0.000000,0.000000,0.436941,0.215768,0.000000,0.000000,0.150000,,
0.803406,1,CFG_127,0.000000,0.000000,0.000000,0.000000,0.000000,0.000000,0.462029,0.234234,0.000000,0.000000,0.107143,,
0.805054,1,CFG_134,0.000000,0.000000,0.000000,0.000000,0.000000,0.000000,0.383320,0.234234,0.000000,0.000000,0.187500,,
0.806192,1,CFG_083,0.000000,0.000000,0.000000,0.000000,0.000000,0.000000,0.345666,0.210526,0.000000,0.000000,0.250000,,
0.806666,1,CFG_153,0.000000,0.000000,0.000000,0.000000,0.000000,0.000000,0.322431,0.234234,0.000000,0.000000,0.250000,,
0.807782,1,CFG_006,0.000000,0.000000,0.000000,0.000000,0.000000,0.000000,0.462443,0.220339,0.000000,0.000000,0.125000,,
0.808004,1,CFG_074,0.000000,0.000000,0.000000,0.000000,0.000000,0.000000,0.398281,0.222222,0.000000,0.000000,0.187500,,
0.810234,1,CFG_143,0.000000,0.000000,0.000000,0.000000,0.000000,0.000000,0.332164,0.228070,0.000000,0.000000,0.250000,,
0.814106,1,CFG_065,0.000000,0.000000,0.000000,0.000000,0.000000,0.000000,0.448338,0.215768,0.000000,0.000000,0.150000,,
0.814616,1,CFG_066,0.000000,0.000000,0.000000,0.000000,0.000000,0.000000,0.464508,0.225108,0.000000,0.000000,0.125000,,
0.820102,1,CFG_124,0.000000,0.000000,0.000000,0.000000,0.000000,0.000000,0.410380,0.222222,0.000000,0.000000,0.187500,,
0.824273,1,CFG_093,0.000000,0.000000,0.000000,0.000000,0.000000,0.000000,0.328990,0.245283,0.000000,0.000000,0.250000,,
0.829138,1,CFG_004,0.000000,0.000000,0.000000,0.000000,0.000000,0.000000,0.420361,0.221277,0.000000,0.000000,0.187500,,
0.836692,1,CFG_073,0.000000,0.000000,0.000000,0.000000,0.000000,0.000000,0.359618,0.227074,0.000000,0.000000,0.250000,,
0.838413,1,CFG_013,0.000000,0.000000,0.000000,0.000000,0.000000,0.000000,0.366191,0.222222,0.000000,0.000000,0.250000,,
0.839515,1,CFG_133,0.000000,0.000000,0.000000,0.000000,0.000000,0.000000,0.355281,0.234234,0.000000,0.000000,0.250000,,
0.841781,1,CFG_123,0.000000,0.000000,0.000000,0.000000,0.000000,0.000000,0.357547,0.234234,0.000000,0.000000,0.250000,,
0.851146,1,CFG_064,0.000000,0.000000,0.000000,0.000000,0.000000,0.000000,0.431503,0.232143,0.000000,0.000000,0.187500,,
0.862002,1,CFG_063,0.000000,0.000000,0.000000,0.000000,0.000000,0.000000,0.389780,0.222222,0.000000,0.000000,0.250000,,
0.866487,1,CFG_003,0.000000,0.000000,0.000000,0.000000,0.000000,0.000000,0.394265,0.222222,0.000000,0.000000,0.250000,,
