Config_ID,Runtime_Seconds,Runtime_Minutes,Profile_Generation_Seconds,Profile_Shortlist_Seconds,Rack_Search_Seconds,Profile_Generation_Timeout,Rack_Search_Timeout,Layout_Feasible,Required_Locations_Total,Total_Locations,Capacity_Margin,Assigned_Used_Height_Total,Total_Allowed_Height,Space_Left,Beam_Relocations_Total,Initial_Beams_Total,Required_Beams_Total,Additional_Beams_Required,Initial_Grids_Total,Required_Grids_Total,Additional_Grids_Required,Percentage_Rack_Height_Used,Minimum_Required_Counts,Additional_Fill_Counts,Layout_Slot_Size_Distribution,Layout_Slot_Size_Cumulative_Coverage,Source_Slot_Sizes,Layout_Usable_Alignment_Conversions,Feasible_Profiles_Considered_Total,Feasible_Profiles_Used_Total
CFG_003,0.023,0,0,0,0,NO,NO,NO,926,0,-926,0,161356,161356,0,305,0,0,949,0,0,0,69:428|124:327|239:171,,,,"69,124,239",0,0,0
CFG_004,0.81,0.014,0.001,0,0.426,NO,NO,NO,926,1070,144,161356,161356,0,253,305,272,0,949,856,0,100,69:428|124:327|189:104|239:67,189:110|239:147,69:428|124:214|189:214|239:214,69:1070|124:642|189:428|239:214,"69,124,189,239",0,3,1
CFG_005,166.177,2.77,0.006,0,165.754,NO,NO,YES,926,1196,270,161356,161356,0,267,305,312,7,949,982,33,100,34:126|69:302|124:327|189:104|239:67,39:44|44:60|69:22|79:44|124:51|189:88|239:65,34:126|69:368|124:378|189:192|239:132,34:1196|69:1070|124:702|189:324|239:132,"34,69,124,189,239",0,9,5
CFG_006,225.861,3.764,0.016,0,225.298,NO,NO,YES,926,1366,440,161356,161356,0,292,305,366,61,949,1152,203,100,34:126|69:302|99:220|124:107|189:104|239:67,39:60|44:44|49:22|69:142|99:82|124:107|189:44|239:21,34:170|69:444|99:302|124:214|189:148|239:88,34:1366|69:1196|99:752|124:450|189:236|239:88,"34,69,99,124,189,239",0,30,5
CFG_007,220.005,3.667,0.049,0,219.107,NO,NO,YES,926,1432,506,161356,161356,0,284,305,387,82,949,1218,269,100,34:126|69:302|99:220|124:107|154:75|189:29|239:67,39:22|44:126|49:22|69:170|74:22|99:120|124:85|154:7|189:15|239:21,34:192|69:494|99:340|124:192|154:82|189:44|239:88,34:1432|69:1240|99:746|124:406|154:214|189:132|239:88,"34,69,99,124,154,189,239",0,73,9
CFG_008,181.07,3.018,0.309,0,179.013,NO,NO,YES,926,1564,638,161356,161356,0,289,305,429,124,949,1350,401,100,34:126|59:183|69:118|99:220|124:108|154:75|189:29|239:67,34:116|54:82|59:163|69:74|99:142|124:18|154:7|189:15|239:21,34:324|59:346|69:192|99:362|124:126|154:82|189:44|239:88,34:1564|59:1240|69:894|99:702|124:340|154:214|189:132|239:88,"34,59,69,99,124,154,189,239",0,186,6
CFG_009,199.02,3.317,0.925,0,195.332,NO,NO,YES,926,1530,604,161356,161356,0,289,305,418,113,949,1316,367,100,34:126|59:183|69:118|84:115|99:105|124:108|154:75|189:29|239:67,34:98|59:113|69:118|84:77|99:87|124:68|154:7|189:15|239:21,34:224|59:296|69:236|84:192|99:192|124:176|154:82|189:44|239:88,34:1530|59:1306|69:1010|84:774|99:582|124:390|154:214|189:132|239:88,"34,59,69,84,99,124,154,189,239",0,391,7
CFG_010,241.623,4.027,1.826,0,233.816,NO,NO,NO,926,1552,626,161356,161356,0,295,305,425,120,949,1338,389,100,34:126|59:183|69:118|84:115|99:105|124:108|154:75|189:29|214:56|239:11,34:32|49:44|59:91|69:162|84:77|99:109|124:90|154:7|189:15|214:10,34:202|59:274|69:280|84:192|99:214|124:198|154:82|189:44|214:66,34:1552|59:1350|69:1076|84:796|99:604|124:390|154:192|189:110|214:66,"34,59,69,84,99,124,154,189,214,239",0,517,7
CFG_013,0.019,0,0,0,233.816,NO,NO,NO,926,0,-926,0,161356,161356,0,305,0,0,949,0,0,0,74:372|124:348|239:206,,,,"74,124,239",0,0,0
CFG_014,0.803,0.013,0.001,0,0.381,NO,NO,NO,926,1032,106,161356,161356,0,248,305,260,0,949,818,0,100,74:372|124:348|184:133|239:73,99:38|124:4|184:295,74:214|124:352|184:428|239:38,74:1032|124:818|184:466|239:38,"74,124,184,239",0,3,2
CFG_015,56.596,0.943,0.004,0,56.182,NO,NO,NO,926,1202,276,161356,161356,0,277,305,314,9,949,988,39,100,74:372|94:166|124:182|184:133|239:73,79:82|94:130|124:82|184:81|239:9,74:346|94:296|124:264|184:214|239:82,74:1202|94:856|124:560|184:296|239:82,"74,94,124,184,239",0,8,2
CFG_016,164.601,2.743,0.016,0,163.947,NO,NO,YES,926,1284,358,161356,161356,0,290,305,340,35,949,1070,121,100,44:103|74:269|94:166|124:182|184:133|239:73,49:22|64:22|69:66|74:49|94:70|124:70|184:59|239:15,44:198|74:318|94:236|124:252|184:192|239:88,44:1284|74:1086|94:768|124:532|184:280|239:88,"44,74,94,124,184,239",0,29,6
CFG_017,187.918,3.132,0.054,0,187.172,NO,NO,YES,926,1284,358,161356,161356,0,285,305,340,35,949,1070,121,100,44:103|74:269|94:166|124:182|149:76|184:57|239:73,49:44|69:82|74:93|84:22|94:48|124:10|149:56|184:9|239:53,44:170|74:384|94:214|124:192|149:132|184:66|239:126,44:1284|74:1114|94:730|124:516|149:324|184:192|239:126,"44,74,94,124,149,184,239",0,75,7
CFG_018,265.378,4.423,0.207,0,263.855,NO,NO,YES,926,1360,434,161356,161356,0,289,305,364,59,949,1146,197,100,44:103|59:141|74:128|94:166|124:182|149:76|184:57|239:73,49:126|69:44|74:64|84:22|94:92|124:92|149:34|184:9|239:15,44:170|59:180|74:214|94:258|124:274|149:110|184:66|239:88,44:1360|59:1190|74:1010|94:796|124:538|149:264|184:154|239:88,"44,59,74,94,124,149,184,239",0,157,7
CFG_019,302.755,5.046,0.803,0,263.855,NO,YES,NO,926,0,-926,0,161356,161356,0,305,0,0,949,0,0,0,44:103|59:141|74:128|94:166|124:182|149:76|184:57|219:62|239:11,,,,"44,59,74,94,124,149,184,219,239",0,207,0
CFG_020,306.25,5.104,1.651,0,263.855,NO,YES,NO,926,0,-926,0,161356,161356,0,305,0,0,949,0,0,0,44:103|59:141|74:128|94:166|109:79|124:103|149:76|184:57|219:62|239:11,,,,"44,59,74,94,109,124,149,184,219,239",0,371,0
CFG_023,0.017,0,0,0,263.855,NO,NO,NO,926,0,-926,0,161356,161356,0,305,0,0,949,0,0,0,114:589|194:265|239:72,,,,"114,194,239",0,0,0
CFG_024,0.044,0.001,0.001,0,0.003,NO,NO,NO,926,856,-70,161356,161356,0,204,305,204,0,949,642,0,100,84:373|114:216|194:265|239:72,124:214|194:377,114:214|194:642,114:856|194:642,"84,114,194,239",0,1,1
CFG_025,49.823,0.83,0.004,0,49.334,NO,NO,YES,926,1108,182,161356,161356,0,249,305,284,0,949,894,0,100,84:373|114:216|144:170|194:95|239:72,94:44|109:44|114:36|129:44|144:6|194:75|239:16,84:378|114:296|144:176|194:170|239:88,84:1108|114:730|144:434|194:258|239:88,"84,114,144,194,239",0,7,5
CFG_026,262.867,4.381,0.014,0,262.02,NO,NO,YES,926,1234,308,161356,161356,0,271,305,324,19,949,1020,71,100,59:138|84:235|114:216|144:170|194:95|239:72,59:92|79:22|84:17|94:44|114:58|144:44|194:15|239:16,59:252|84:296|114:274|144:214|194:110|239:88,59:1234|84:982|114:686|144:412|194:198|239:88,"59,84,114,144,194,239",0,26,4
CFG_027,300.242,5.004,0.074,0,262.02,NO,YES,NO,926,0,-926,0,161356,161356,0,305,0,0,949,0,0,0,59:138|84:235|94:89|114:127|144:170|194:95|239:72,,,,"59,84,94,114,144,194,239",0,60,0
CFG_028,300.973,5.016,0.291,0,262.02,NO,YES,NO,926,0,-926,0,161356,161356,0,305,0,0,949,0,0,0,59:138|84:235|94:89|114:127|144:171|169:65|194:29|239:72,,,,"59,84,94,114,144,169,194,239",0,97,0
CFG_029,302.705,5.045,0.851,0,262.02,NO,YES,NO,926,0,-926,0,161356,161356,0,305,0,0,949,0,0,0,59:138|84:235|94:89|114:127|144:171|169:65|194:29|229:62|239:10,,,,"59,84,94,114,144,169,194,229,239",0,123,0
CFG_030,307.508,5.125,2.137,0,262.02,NO,YES,NO,926,0,-926,0,161356,161356,0,305,0,0,949,0,0,0,59:138|69:119|84:115|94:89|114:127|144:171|169:65|194:30|229:62|239:10,,,,"59,69,84,94,114,144,169,194,229,239",0,201,0
CFG_033,0.019,0,0.001,0,262.02,NO,NO,NO,926,0,-926,0,161356,161356,0,305,0,0,949,0,0,0,119:542|189:302|239:82,,,,"119,189,239",0,0,0
CFG_034,1.272,0.021,0.002,0,0.888,NO,NO,NO,926,1004,78,161356,161356,0,236,305,251,0,949,790,0,100,74:254|119:288|189:302|239:82,89:66|119:8|189:126,74:214|119:296|189:428|239:66,74:1004|119:790|189:494|239:66,"74,119,189,239",0,3,2
CFG_035,245.589,4.093,0.005,0,245.202,NO,NO,NO,926,1070,144,161356,161356,0,255,305,272,0,949,856,0,100,74:254|119:288|154:235|189:67|239:82,94:88|109:104|119:162|154:1|189:15|239:6,74:214|119:450|154:236|189:82|239:88,74:1070|119:856|154:406|189:170|239:88,"74,119,154,189,239",0,9,4
CFG_036,300.078,5.001,0.014,0,245.202,NO,YES,NO,926,0,-926,0,161356,161356,0,305,0,0,949,0,0,0,74:254|94:134|119:154|154:235|189:67|239:82,,,,"74,94,119,154,189,239",0,18,0
CFG_037,300.284,5.005,0.072,0,245.202,NO,YES,NO,926,0,-926,0,161356,161356,0,305,0,0,949,0,0,0,74:254|94:134|119:154|139:135|154:100|189:67|239:82,,,,"74,94,119,139,154,189,239",0,35,0
CFG_038,301.313,5.022,0.434,0,245.202,NO,YES,NO,926,0,-926,0,161356,161356,0,305,0,0,949,0,0,0,74:254|94:134|119:154|139:135|154:100|189:67|224:66|239:16,,,,"74,94,119,139,154,189,224,239",0,50,0
CFG_039,302.746,5.046,0.78,0,245.202,NO,YES,NO,926,0,-926,0,161356,161356,0,305,0,0,949,0,0,0,59:91|74:164|94:134|119:154|139:135|154:99|189:67|224:66|239:16,,,,"59,74,94,119,139,154,189,224,239",0,122,0
CFG_040,306.782,5.113,2.453,0,245.202,NO,YES,NO,926,0,-926,0,161356,161356,0,305,0,0,949,0,0,0,59:91|74:164|94:134|104:82|119:72|139:135|154:99|189:67|224:66|239:16,,,,"59,74,94,104,119,139,154,189,224,239",0,219,0
CFG_043,0.02,0,0.001,0,245.202,NO,NO,NO,926,0,-926,0,161356,161356,0,305,0,0,949,0,0,0,119:499|189:342|239:85,,,,"119,189,239",0,0,0
CFG_044,0.083,0.001,0.002,0,0.037,NO,NO,NO,926,856,-70,161356,161356,0,204,305,204,0,949,642,0,100,89:306|119:193|189:342|239:85,139:110|189:196|239:19,89:104|119:110|189:538|239:104,89:856|119:752|189:642|239:104,"89,119,189,239",0,2,2
CFG_045,53.57,0.893,0.004,0,53.212,NO,NO,NO,926,966,40,161356,161356,0,228,305,239,0,949,752,0,100,89:306|119:193|164:250|189:92|239:85,99:110|114:66|119:27|139:38|164:2|189:84|239:19,89:176|119:258|164:252|189:176|239:104,89:966|119:790|164:532|189:280|239:104,"89,119,164,189,239",0,7,3
CFG_046,300.105,5.002,0.013,0,53.212,NO,YES,NO,926,0,-926,0,161356,161356,0,305,0,0,949,0,0,0,89:306|119:193|139:52|164:198|189:92|239:85,,,,"89,119,139,164,189,239",0,13,0
CFG_047,300.414,5.007,0.101,0,53.212,NO,YES,NO,926,0,-926,0,161356,161356,0,305,0,0,949,0,0,0,89:306|119:193|139:52|164:198|189:92|219:55|239:30,,,,"89,119,139,164,189,219,239",0,21,0
CFG_048,301.687,5.028,0.516,0,53.212,NO,YES,NO,926,0,-926,0,161356,161356,0,305,0,0,949,0,0,0,74:192|89:114|119:193|139:52|164:198|189:92|219:55|239:30,,,,"74,89,119,139,164,189,219,239",0,50,0
CFG_049,304.806,5.08,1.263,0,53.212,NO,YES,NO,926,0,-926,0,161356,161356,0,305,0,0,949,0,0,0,74:192|89:114|104:50|119:143|139:52|164:198|189:92|219:55|239:30,,,,"74,89,104,119,139,164,189,219,239",0,83,0
CFG_050,314.158,5.236,4.074,0,53.212,NO,YES,NO,926,0,-926,0,161356,161356,0,305,0,0,949,0,0,0,74:192|89:113|104:50|119:143|139:52|149:91|164:108|189:92|219:55|239:30,,,,"74,89,104,119,139,149,164,189,219,239",0,126,0
CFG_053,0.046,0.001,0.002,0,53.212,NO,NO,NO,926,0,-926,0,161356,161356,0,305,0,0,949,0,0,0,114:486|189:353|239:87,,,,"114,189,239",0,0,0
CFG_054,0.118,0.002,0.004,0,0.008,NO,NO,NO,926,856,-70,161356,161356,0,204,305,204,0,949,642,0,100,94:314|114:172|189:353|239:87,139:214|189:289,114:214|189:642,114:856|189:642,"94,114,189,239",0,1,1
CFG_055,600,10,0,0,0,YES,YES,NO,0,0,0,0,0,0,0,0,0,0,0,0,0,0,94:314|114:172|164:234|189:119|239:87,,,,,0,0,0
CFG_056,300.567,5.009,0.263,0,0.008,NO,YES,NO,926,0,-926,0,161356,161356,0,305,0,0,949,0,0,0,94:314|114:172|144:74|164:160|189:119|239:87,,,,"94,114,144,164,189,239",0,14,0
CFG_057,300.36,5.006,0.118,0,0.008,NO,YES,NO,926,0,-926,0,161356,161356,0,305,0,0,949,0,0,0,94:314|114:173|144:74|164:160|189:119|229:55|239:31,,,,"94,114,144,164,189,229,239",0,21,0
CFG_058,301.32,5.022,0.535,0,0.008,NO,YES,NO,926,0,-926,0,161356,161356,0,305,0,0,949,0,0,0,74:189|94:124|114:173|144:74|164:160|189:119|229:55|239:32,,,,"74,94,114,144,164,189,229,239",0,52,0
CFG_059,303.325,5.055,1.132,0,0.008,NO,YES,NO,926,0,-926,0,161356,161356,0,305,0,0,949,0,0,0,54:14|74:175|94:124|114:173|144:74|164:160|189:119|229:55|239:32,,,,"54,74,94,114,144,164,189,229,239",0,150,0
CFG_060,307.014,5.117,2.249,0,0.008,NO,YES,NO,926,0,-926,0,161356,161356,0,305,0,0,949,0,0,0,54:14|74:176|94:124|109:32|114:140|144:74|164:160|189:119|229:55|239:32,,,,"54,74,94,109,114,144,164,189,229,239",0,250,0
CFG_063,0.022,0,0.002,0,0.008,NO,NO,NO,926,0,-926,0,161356,161356,0,305,0,0,949,0,0,0,69:434|139:351|239:141,,,,"69,139,239",0,0,0
CFG_064,0.845,0.014,0.003,0,0.353,NO,NO,NO,926,1070,144,161356,161356,0,253,305,272,0,949,856,0,100,64:376|104:305|169:164|239:81,74:170|79:44|104:79|169:138|239:89,64:214|104:384|169:302|239:170,64:1070|104:856|169:472|239:170,"64,104,169,239",0,3,2
CFG_065,49.228,0.82,0.008,0,48.534,NO,NO,NO,926,1262,336,161356,161356,0,279,305,333,28,949,1048,99,100,49:206|79:282|119:250|174:116|239:72,64:60|79:42|119:84|174:274,49:214|79:324|119:334|174:390,49:1262|79:1048|119:724|174:390,"49,79,119,174,239",0,8,3
CFG_066,246.323,4.105,0.017,0,245.731,NO,NO,YES,926,1328,402,161356,161356,0,285,305,354,49,949,1114,165,100,44:179|69:249|99:219|134:132|179:76|239:71,59:44|64:60|69:113|99:105|134:38|179:78|239:33,44:214|69:362|99:324|134:170|179:154|239:104,44:1328|69:1114|99:752|134:428|179:258|239:104,"44,69,99,134,179,239",0,26,5
CFG_067,216.974,3.616,0.043,0,215.938,NO,NO,YES,926,1438,512,161356,161356,0,289,305,389,84,949,1224,275,100,39:136|54:159|79:187|104:192|134:107|179:74|239:71,49:66|54:83|74:60|79:71|104:126|134:63|179:30|239:17,39:198|54:302|79:258|104:318|134:170|179:104|239:88,39:1438|54:1240|79:938|104:680|134:362|179:192|239:88,"39,54,79,104,134,179,239",0,67,7
CFG_068,181.834,3.031,0.25,0,180.021,NO,NO,YES,926,1498,572,161356,161356,0,295,305,408,103,949,1284,335,100,34:118|49:100|64:172|84:140|104:152|134:100|179:73|239:71,39:44|44:60|49:92|64:130|84:74|104:62|134:70|179:9|239:39,34:214|49:192|64:302|84:214|104:214|134:170|179:82|239:110,34:1498|49:1284|64:1092|84:790|104:576|134:362|179:192|239:110,"34,49,64,84,104,134,179,239",0,204,6
CFG_069,293.268,4.888,0.961,0,288.991,NO,NO,YES,926,1514,588,161356,161356,0,295,305,413,108,949,1300,351,100,34:111|44:88|59:103|69:126|84:115|104:138|134:101|179:73|239:71,34:15|39:44|44:82|59:67|69:126|84:77|104:76|134:31|179:53|239:17,34:170|44:170|59:170|69:252|84:192|104:214|134:132|179:126|239:88,34:1514|44:1344|59:1174|69:1004|84:752|104:560|134:346|179:214|239:88,"34,44,59,69,84,104,134,179,239",0,389,6
CFG_070,307.563,5.126,1.987,0,299.474,NO,NO,YES,926,1580,654,161356,161356,0,295,305,434,129,949,1366,417,100,34:104|44:76|54:115|69:132|84:103|99:111|114:86|139:58|179:70|239:71,34:72|39:104|44:72|54:99|69:16|84:45|99:103|114:84|139:24|179:18|239:17,34:280|44:148|54:214|69:148|84:148|99:214|114:170|139:82|179:88|239:88,34:1580|44:1300|54:1152|69:938|84:790|99:642|114:428|139:258|179:176|239:88,"34,44,54,69,84,99,114,139,179,239",0,680,5
CFG_073,0.018,0,0.001,0,299.474,NO,NO,NO,926,0,-926,0,161356,161356,0,305,0,0,949,0,0,0,84:479|154:324|239:123,,,,"84,154,239",0,0,0
CFG_074,0.802,0.013,0.002,0,0.397,NO,NO,NO,926,1010,84,161356,161356,0,242,305,253,0,949,796,0,100,79:404|119:306|179:142|239:74,94:154|109:60|119:2|179:286,79:214|119:308|179:428|239:60,79:1010|119:796|179:488|239:60,"79,119,179,239",0,3,2
CFG_075,229.322,3.822,0.005,0,228.747,NO,NO,YES,926,1240,314,161356,161356,0,278,305,326,21,949,1026,77,100,64:261|94:269|129:210|179:112|239:74,64:47|84:104|94:43|129:26|179:58|239:36,64:412|94:312|129:236|179:170|239:110,64:1240|94:828|129:516|179:280|239:110,"64,94,129,179,239",0,9,3
CFG_076,300.067,5.001,0.015,0,228.747,NO,YES,NO,926,0,-926,0,161356,161356,0,305,0,0,949,0,0,0,54:164|74:216|99:179|134:187|184:107|239:73,,,,"54,74,99,134,184,239",0,21,0
CFG_077,271.942,4.532,0.055,0,270.924,NO,NO,YES,926,1416,490,161356,161356,0,285,305,382,77,949,1202,253,100,49:106|64:161|79:170|104:146|134:167|184:103|239:73,49:114|54:104|64:75|69:44|79:44|104:46|134:3|184:51|239:9,49:324|64:280|79:214|104:192|134:170|184:154|239:82,49:1416|64:1092|79:812|104:598|134:406|184:236|239:82,"49,64,79,104,134,184,239",0,58,6
CFG_078,300.989,5.016,0.323,0,270.924,NO,YES,NO,926,0,-926,0,161356,161356,0,305,0,0,949,0,0,0,44:102|59:141|79:161|99:146|119:147|144:89|184:67|239:73,,,,"44,59,79,99,119,144,184,239",0,153,0
CFG_079,302.793,5.047,0.647,0,270.924,NO,YES,NO,926,0,-926,0,161356,161356,0,305,0,0,949,0,0,0,44:90|59:107|69:143|84:124|99:112|124:137|149:78|189:63|239:72,,,,"44,59,69,84,99,124,149,189,239",0,302,0
CFG_080,307.262,5.121,2.382,0,270.924,NO,YES,NO,926,0,-926,0,161356,161356,0,305,0,0,949,0,0,0,44:86|54:91|64:96|79:132|89:114|104:91|124:110|149:72|189:62|239:72,,,,"44,54,64,79,89,104,124,149,189,239",0,527,0
CFG_083,0.048,0.001,0.001,0,0.002,NO,NO,NO,926,856,-70,161356,161356,0,202,305,204,0,949,642,0,100,94:461|159:343|239:122,149:214|159:85|239:92,94:214|159:428|239:214,94:856|159:642|239:214,"94,159,239",0,1,1
CFG_084,0.073,0.001,0.002,0,0.003,NO,NO,NO,926,856,-70,161356,161356,0,202,305,204,0,949,642,0,100,79:335|114:250|169:239|239:102,129:214|169:189|239:112,114:214|169:428|239:214,114:856|169:642|239:214,"79,114,169,239",0,1,1
CFG_085,71.135,1.186,0.004,0,70.697,NO,NO,NO,926,1048,122,161356,161356,0,243,305,265,0,949,834,0,100,74:307|104:219|139:210|184:112|239:78,79:38|84:66|89:22|99:88|104:17|139:26|184:162|239:10,74:214|104:236|139:236|184:274|239:88,74:1048|104:834|139:598|184:362|239:88,"74,104,139,184,239",0,8,4
CFG_086,248.601,4.143,0.011,0,248.044,NO,NO,YES,926,1196,270,161356,161356,0,268,305,312,7,949,982,33,100,64:156|84:239|114:186|144:180|184:88|239:77,69:22|74:22|79:66|84:57|114:28|144:78|184:38|239:11,64:214|84:296|114:214|144:258|184:126|239:88,64:1196|84:982|114:686|144:472|184:214|239:88,"64,84,114,144,184,239",0,25,6
CFG_087,300.229,5.004,0.061,0,248.044,NO,YES,NO,926,0,-926,0,161356,161356,0,305,0,0,949,0,0,0,59:122|74:189|94:139|114:138|144:173|184:88|239:77,,,,"59,74,94,114,144,184,239",0,59,0
CFG_088,301.032,5.017,0.313,0,248.044,NO,YES,NO,926,0,-926,0,161356,161356,0,305,0,0,949,0,0,0,59:116|69:170|84:118|104:119|124:121|149:124|184:81|239:77,,,,"59,69,84,104,124,149,184,239",0,101,0
CFG_089,302.64,5.044,0.916,0,248.044,NO,YES,NO,926,0,-926,0,161356,161356,0,305,0,0,949,0,0,0,54:98|64:101|79:138|94:122|114:125|134:141|159:78|194:51|239:72,,,,"54,64,79,94,114,134,159,194,239",0,199,0
CFG_090,307.124,5.119,2.283,0,248.044,NO,YES,NO,926,0,-926,0,161356,161356,0,305,0,0,949,0,0,0,54:94|64:94|74:123|84:92|99:96|114:90|134:137|159:77|194:51|239:72,,,,"54,64,74,84,99,114,134,159,194,239",0,379,0
CFG_093,0.051,0.001,0.003,0,0.002,NO,NO,NO,926,856,-70,161356,161356,0,202,305,204,0,949,642,0,100,104:467|169:342|239:117,129:214|169:86|239:97,104:214|169:428|239:214,104:856|169:642|239:214,"104,169,239",0,1,1
CFG_094,0.397,0.007,0.001,0,0.061,NO,NO,NO,926,982,56,161356,161356,0,229,305,244,0,949,768,0,100,84:312|124:236|174:279|239:99,94:126|119:88|124:16|174:149,84:214|124:252|174:428|239:88,84:982|124:768|174:516|239:88,"84,124,174,239",0,2,2
CFG_095,118.269,1.971,0.005,0,117.821,NO,NO,YES,926,1070,144,161356,161356,0,247,305,272,0,949,856,0,100,84:309|114:213|149:210|189:110|239:84,89:82|94:22|109:44|129:22|149:64|189:60|239:4,84:324|114:214|149:274|189:170|239:88,84:1070|114:746|149:532|189:258|239:88,"84,114,149,189,239",0,8,6
CFG_096,300.043,5.001,0.012,0,117.821,NO,YES,NO,926,0,-926,0,161356,161356,0,305,0,0,949,0,0,0,69:172|89:170|119:187|149:209|189:104|239:84,,,,"69,89,119,149,189,239",0,20,0
CFG_097,300.159,5.003,0.031,0,117.821,NO,YES,NO,926,0,-926,0,161356,161356,0,305,0,0,949,0,0,0,64:138|84:175|104:154|129:109|154:191|189:77|239:82,,,,"64,84,104,129,154,189,239",0,46,0
CFG_098,300.919,5.015,0.212,0,117.821,NO,YES,NO,926,0,-926,0,161356,161356,0,305,0,0,949,0,0,0,64:106|74:149|89:90|109:128|129:103|154:191|189:77|239:82,,,,"64,74,89,109,129,154,189,239",0,86,0
CFG_099,302.696,5.045,0.822,0,117.821,NO,YES,NO,926,0,-926,0,161356,161356,0,305,0,0,949,0,0,0,64:96|74:153|89:82|104:108|119:98|139:125|159:124|189:58|239:82,,,,"64,74,89,104,119,139,159,189,239",0,143,0
CFG_100,306.453,5.108,2.116,0,117.821,NO,YES,NO,926,0,-926,0,161356,161356,0,305,0,0,949,0,0,0,59:78|69:97|79:107|94:80|104:104|124:79|139:117|159:124|189:58|239:82,,,,"59,69,79,94,104,124,139,159,189,239",0,304,0
CFG_103,0.071,0.001,0.002,0,0.002,NO,NO,NO,926,856,-70,161356,161356,0,202,305,204,0,949,642,0,100,104:383|164:368|239:175,139:214|164:60|239:39,104:214|164:428|239:214,104:856|164:642|239:214,"104,164,239",0,1,1
CFG_104,2.765,0.046,0.003,0,2.381,NO,NO,NO,926,1004,78,161356,161356,0,236,305,251,0,949,790,0,100,89:310|134:223|189:307|239:86,99:44|134:13|189:77,89:318|134:236|189:384|239:66,89:1004|134:686|189:450|239:66,"89,134,189,239",0,4,3
CFG_105,32.663,0.544,0.004,0,32.233,NO,NO,YES,926,1048,122,161356,161356,0,249,305,265,0,949,834,0,100,74:210|94:114|134:212|189:304|239:86,84:126|89:66|94:100|134:2|189:14|239:2,74:214|94:214|134:214|189:318|239:88,74:1048|94:834|134:620|189:406|239:88,"74,94,134,189,239",0,7,4
CFG_106,300.034,5.001,0.013,0,32.233,NO,YES,NO,926,0,-926,0,161356,161356,0,305,0,0,949,0,0,0,74:209|94:112|129:191|159:225|189:104|239:85,,,,"74,94,129,159,189,239",0,15,0
CFG_107,300.171,5.003,0.044,0,32.233,NO,YES,NO,926,0,-926,0,161356,161356,0,305,0,0,949,0,0,0,74:209|94:111|119:178|144:88|164:163|189:92|239:85,,,,"74,94,119,144,164,189,239",0,38,0
CFG_108,300.929,5.015,0.304,0,32.233,NO,YES,NO,926,0,-926,0,161356,161356,0,305,0,0,949,0,0,0,69:95|79:142|94:84|119:177|144:88|164:163|189:92|239:85,,,,"69,79,94,119,144,164,189,239",0,63,0
CFG_109,302.66,5.044,0.91,0,32.233,NO,YES,NO,926,0,-926,0,161356,161356,0,305,0,0,949,0,0,0,54:14|74:192|89:99|104:68|124:127|144:86|164:163|189:92|239:85,,,,"54,74,89,104,124,144,164,189,239",0,189,0
CFG_110,305.929,5.099,1.944,0,32.233,NO,YES,NO,926,0,-926,0,161356,161356,0,305,0,0,949,0,0,0,54:14|74:192|89:100|104:68|119:125|139:52|149:84|164:114|189:92|239:85,,,,"54,74,89,104,119,139,149,164,189,239",0,289,0
CFG_113,0.03,0,0.004,0,32.233,NO,NO,NO,926,0,-926,0,161356,161356,0,305,0,0,949,0,0,0,94:314|144:246|239:366,,,,"94,144,239",0,0,0
CFG_114,0.111,0.002,0.001,0,0.065,NO,NO,NO,926,900,-26,161356,161356,0,217,305,218,0,949,686,0,100,94:314|129:191|174:251|239:170,119:170|174:133,94:170|129:176|174:384|239:170,94:900|129:730|174:554|239:170,"94,129,174,239",0,2,2
CFG_115,39.235,0.654,0.005,0,38.821,NO,NO,NO,926,1010,84,161356,161356,0,243,305,253,0,949,796,0,100,74:229|94:85|139:226|179:236|239:150,79:88|84:66|94:135|169:60|179:10|239:4,74:154|94:220|139:236|179:246|239:154,74:1010|94:856|139:636|179:400|239:154,"74,94,139,179,239",0,7,3
CFG_116,300.045,5.001,0.014,0,38.821,NO,YES,NO,926,0,-926,0,161356,161356,0,305,0,0,949,0,0,0,74:191|94:122|114:173|144:74|179:216|239:150,,,,"74,94,114,144,179,239",0,22,0
CFG_117,300.183,5.003,0.043,0,38.821,NO,YES,NO,926,0,-926,0,161356,161356,0,305,0,0,949,0,0,0,74:191|89:114|109:41|139:193|164:181|189:119|239:87,,,,"74,89,109,139,164,189,239",0,41,0
CFG_118,300.779,5.013,0.319,0,38.821,NO,YES,NO,926,0,-926,0,161356,161356,0,305,0,0,949,0,0,0,74:189|79:45|94:79|114:173|144:74|164:160|189:119|239:87,,,,"74,79,94,114,144,164,189,239",0,58,0
CFG_119,302.769,5.046,0.826,0,38.821,NO,YES,NO,926,0,-926,0,161356,161356,0,305,0,0,949,0,0,0,74:189|79:45|94:79|109:98|114:75|144:74|164:160|189:119|239:87,,,,"74,79,94,109,114,144,164,189,239",0,100,0
CFG_120,306.837,5.114,2.023,0,38.821,NO,YES,NO,926,0,-926,0,161356,161356,0,305,0,0,949,0,0,0,74:189|79:42|89:75|104:39|114:141|144:74|154:115|174:62|204:103|239:86,,,,"74,79,89,104,114,144,154,174,204,239",0,146,0
CFG_123,0.03,0.001,0.005,0,38.821,NO,NO,NO,926,0,-926,0,161356,161356,0,305,0,0,949,0,0,0,59:310|94:304|239:312,,,,"59,94,239",0,0,0
CFG_124,0.03,0.001,0.003,0,38.821,NO,NO,NO,926,0,-926,0,161356,161356,0,305,0,0,949,0,0,0,49:231|74:229|109:235|239:231,,,,"49,74,109,239",0,0,0
CFG_125,1.227,0.02,0.007,0,0.549,NO,NO,YES,926,1284,358,161356,161356,0,285,305,340,35,949,1070,121,100,44:185|64:185|84:182|119:187|239:187,49:192|64:29|84:76|119:219|239:27,44:192|64:214|84:258|119:406|239:214,44:1284|64:1092|84:878|119:620|239:214,"44,64,84,119,239",0,3,2
CFG_126,188.686,3.145,0.013,0,187.962,NO,NO,YES,926,1394,468,161356,161356,0,294,305,375,70,949,1180,231,100,39:156|59:154|74:151|94:153|129:153|239:159,39:20|44:22|59:44|64:82|74:35|94:171|129:61|239:33,39:198|59:280|74:186|94:324|129:214|239:192,39:1394|59:1196|74:916|94:730|129:406|239:192,"39,59,74,94,129,239",0,17,4
CFG_127,300.349,5.006,0.076,0,187.962,NO,YES,NO,926,0,-926,0,161356,161356,0,305,0,0,949,0,0,0,39:132|54:136|64:134|84:128|99:129|139:136|239:131,,,,"39,54,64,84,99,139,239",0,69,0
CFG_128,292.765,4.879,0.291,0,290.656,NO,NO,YES,926,1498,572,161356,161356,0,289,305,408,103,949,1284,335,100,34:118|49:113|59:110|74:120|89:120|109:114|149:116|239:115,39:104|44:44|49:123|59:82|74:50|89:50|109:78|149:16|239:55,34:236|49:236|59:192|74:170|89:170|109:192|149:132|239:170,34:1498|49:1262|59:1026|74:834|89:664|109:494|149:302|239:170,"34,49,59,74,89,109,149,239",0,243,7
CFG_129,303.126,5.052,0.729,0,290.656,NO,YES,NO,926,0,-926,0,161356,161356,0,305,0,0,949,0,0,0,34:103|49:103|59:103|69:106|79:100|94:99|114:105|149:102|239:105,,,,"34,49,59,69,79,94,114,149,239",0,524,0
CFG_130,209.498,3.492,2.365,0,199.46,NO,NO,YES,926,1580,654,161356,161356,0,292,305,434,129,949,1366,417,100,29:92|44:94|54:93|64:93|74:90|84:91|99:95|119:91|159:94|239:93,29:34|39:22|44:76|54:77|59:44|64:99|74:80|84:19|99:119|119:57|159:10|239:17,29:148|44:170|54:214|64:192|74:170|84:110|99:214|119:148|159:104|239:110,29:1580|44:1432|54:1262|64:1048|74:856|84:686|99:576|119:362|159:214|239:110,"29,44,54,64,74,84,99,119,159,239",0,982,6
CFG_133,0.019,0,0.002,0,199.46,NO,NO,NO,926,0,-926,0,161356,161356,0,305,0,0,949,0,0,0,64:307|109:311|239:308,,,,"64,109,239",0,0,0
CFG_134,0.403,0.007,0.002,0,0.003,NO,NO,NO,926,1070,144,161356,161356,0,255,305,272,0,949,856,0,100,59:230|84:234|119:230|239:232,94:214|119:412,84:214|119:642|239:214,84:1070|119:856|239:214,"59,84,119,239",0,1,1
CFG_135,18.936,0.316,0.004,0,18.515,NO,NO,YES,926,1240,314,161356,161356,0,266,305,326,21,949,1026,77,100,54:186|74:186|99:184|129:185|239:185,59:126|64:22|74:66|94:22|99:52|129:95|239:29,54:236|74:274|99:236|129:280|239:214,54:1240|74:1004|99:730|129:494|239:214,"54,74,99,129,239",0,6,4
CFG_136,300.075,5.001,0.015,0,18.515,NO,YES,NO,926,0,-926,0,161356,161356,0,305,0,0,949,0,0,0,54:154|64:153|84:156|109:154|139:154|239:155,,,,"54,64,84,109,139,239",0,19,0
CFG_137,300.295,5.005,0.062,0,18.515,NO,YES,NO,926,0,-926,0,161356,161356,0,305,0,0,949,0,0,0,49:132|64:134|74:131|94:132|114:133|149:132|239:132,,,,"49,64,74,94,114,149,239",0,69,0
CFG_138,301.119,5.019,0.359,0,18.515,NO,YES,NO,926,0,-926,0,161356,161356,0,305,0,0,949,0,0,0,49:116|59:114|69:118|84:116|104:116|119:114|154:117|239:115,,,,"49,59,69,84,104,119,154,239",0,173,0
CFG_139,303.399,5.057,0.947,0,18.515,NO,YES,NO,926,0,-926,0,161356,161356,0,305,0,0,949,0,0,0,44:103|59:103|64:100|79:106|89:103|109:102|124:103|159:103|239:103,,,,"44,59,64,79,89,109,124,159,239",0,400,0
CFG_140,307.676,5.128,2.316,0,18.515,NO,YES,NO,926,0,-926,0,161356,161356,0,305,0,0,949,0,0,0,44:90|54:95|64:87|74:98|84:93|99:91|109:93|129:93|164:93|239:93,,,,"44,54,64,74,84,99,109,129,164,239",0,669,0
CFG_143,0.018,0,0,0,18.515,NO,NO,NO,926,0,-926,0,161356,161356,0,305,0,0,949,0,0,0,74:308|119:310|239:308,,,,"74,119,239",0,0,0
CFG_144,0.011,0,0.001,0,18.515,NO,NO,NO,926,0,-926,0,161356,161356,0,305,0,0,949,0,0,0,69:225|94:236|129:233|239:232,,,,"69,94,129,239",0,0,0
CFG_145,36.563,0.609,0.004,0,36.063,NO,NO,YES,926,1158,232,161356,161356,0,273,305,300,0,949,944,0,100,64:186|84:185|109:184|139:187|239:184,64:34|94:82|109:24|139:71|239:30,64:220|84:258|109:208|139:258|239:214,64:1158|84:938|109:680|139:472|239:214,"64,84,109,139,239",0,7,3
CFG_146,300.073,5.001,0.013,0,36.063,NO,YES,NO,926,0,-926,0,161356,161356,0,305,0,0,949,0,0,0,59:153|74:155|94:154|119:156|149:152|239:156,,,,"59,74,94,119,149,239",0,21,0
CFG_147,600,10,0,0,0,YES,YES,NO,0,0,0,0,0,0,0,0,0,0,0,0,0,0,59:134|69:130|84:134|104:131|124:135|154:131|239:131,,,,,0,0,0
CFG_148,600,10,0,0,0,YES,YES,NO,0,0,0,0,0,0,0,0,0,0,0,0,0,0,59:115|69:110|79:120|94:117|114:117|129:115|164:115|239:117,,,,,0,0,0
CFG_149,600,10,0,0,0,YES,YES,NO,0,0,0,0,0,0,0,0,0,0,0,0,0,0,54:103|64:102|74:103|89:104|104:103|119:102|134:103|169:103|239:103,,,,,0,0,0
CFG_150,600,10,0,0,0,YES,YES,NO,0,0,0,0,0,0,0,0,0,0,0,0,0,0,54:92|64:94|69:94|84:91|94:91|109:93|124:93|139:94|174:91|239:93,,,,,0,0,0
CFG_153,1.416,0.024,0.021,0,36.063,NO,NO,NO,926,0,-926,0,161356,161356,0,305,0,0,949,0,0,0,84:308|134:310|239:308,,,,"84,134,239",0,0,0
CFG_154,2.315,0.039,0.006,0,0.017,NO,NO,NO,926,1070,144,161356,161356,0,255,305,272,0,949,856,0,100,74:230|104:234|144:229|239:233,99:214|104:194,74:214|104:428|144:214|239:214,74:1070|104:856|144:428|239:214,"74,104,144,239",0,1,1
CFG_155,600,10,0,0,0,YES,YES,NO,0,0,0,0,0,0,0,0,0,0,0,0,0,0,69:184|94:188|124:183|149:186|239:185,,,,,0,0,0
CFG_156,300.274,5.005,0.168,0,0.017,NO,YES,NO,926,0,-926,0,161356,161356,0,305,0,0,949,0,0,0,69:153|84:156|104:155|134:155|154:154|239:153,,,,"69,84,104,134,154,239",0,17,0
CFG_157,300.279,5.005,0.041,0,0.017,NO,YES,NO,926,0,-926,0,161356,161356,0,305,0,0,949,0,0,0,64:132|74:131|94:133|119:133|139:133|164:132|239:132,,,,"64,74,94,119,139,164,239",0,40,0
CFG_158,301.095,5.018,0.288,0,0.017,NO,YES,NO,926,0,-926,0,161356,161356,0,305,0,0,949,0,0,0,64:114|74:115|89:117|104:117|129:117|144:113|169:118|239:115,,,,"64,74,89,104,129,144,169,239",0,104,0
CFG_159,302.884,5.048,1.005,0,0.017,NO,YES,NO,926,0,-926,0,161356,161356,0,305,0,0,949,0,0,0,64:101|69:110|84:98|99:104|114:103|134:103|149:101|174:103|239:103,,,,"64,69,84,99,114,134,149,174,239",0,154,0
CFG_160,306.425,5.107,1.696,0,0.017,NO,YES,NO,926,0,-926,0,161356,161356,0,305,0,0,949,0,0,0,64:93|69:92|79:94|94:94|104:91|124:92|139:94|149:91|179:94|239:91,,,,"64,69,79,94,104,124,139,149,179,239",0,257,0
CFG_163,0.02,0,0,0,0.017,NO,NO,NO,926,0,-926,0,161356,161356,0,305,0,0,949,0,0,0,89:308|149:310|239:308,,,,"89,149,239",0,0,0
CFG_164,0.256,0.004,0.003,0,0.004,NO,NO,NO,926,1070,144,161356,161356,0,255,305,272,0,949,856,0,100,74:232|114:231|154:232|239:231,114:197|154:410,114:428|154:642,114:1070|154:642,"74,114,154,239",0,1,1
CFG_165,247.833,4.131,0.005,0,247.446,NO,NO,YES,926,1048,122,161356,161356,0,241,305,265,0,949,834,0,100,69:186|104:184|139:186|159:185|239:185,84:60|94:22|104:2|149:44|159:29|239:7,69:236|104:186|139:220|159:214|239:192,69:1048|104:812|139:626|159:406|239:192,"69,104,139,159,239",0,10,5
CFG_166,300.061,5.001,0.014,0,247.446,NO,YES,NO,926,0,-926,0,161356,161356,0,305,0,0,949,0,0,0,69:150|89:157|114:155|149:155|169:155|239:154,,,,"69,89,114,149,169,239",0,22,0
CFG_167,300.179,5.003,0.039,0,247.446,NO,YES,NO,926,0,-926,0,161356,161356,0,305,0,0,949,0,0,0,69:128|79:139|109:128|134:134|154:132|174:131|239:134,,,,"69,79,109,134,154,174,239",0,34,0
CFG_168,301,5.017,0.287,0,247.446,NO,YES,NO,926,0,-926,0,161356,161356,0,305,0,0,949,0,0,0,69:114|74:117|99:116|114:116|144:116|154:117|179:115|239:115,,,,"69,74,99,114,144,154,179,239",0,73,0
CFG_169,302.69,5.045,0.797,0,247.446,NO,YES,NO,926,0,-926,0,161356,161356,0,305,0,0,949,0,0,0,69:103|74:103|89:102|109:104|129:102|149:103|159:103|184:103|239:103,,,,"69,74,89,109,129,149,159,184,239",0,114,0
CFG_170,302.268,5.038,0.575,0,247.446,NO,YES,NO,926,0,-926,0,161356,161356,0,305,0,0,949,0,0,0,69:185|79:91|104:93|114:93|139:93|149:91|159:94|184:93|239:93,,,,"69,79,104,114,139,149,159,184,239",0,117,0
CFG_173,0.017,0,0,0,247.446,NO,NO,NO,926,0,-926,0,161356,161356,0,305,0,0,949,0,0,0,89:307|149:263|239:356,,,,"89,149,239",0,0,0
CFG_174,0.358,0.006,0.001,0,0.003,NO,NO,NO,926,1070,144,161356,161356,0,255,305,272,0,949,856,0,100,79:232|114:254|154:189|239:251,114:174|154:453,114:428|154:642,114:1070|154:642,"79,114,154,239",0,1,1
CFG_175,45.512,0.759,0.002,0,45.1,NO,NO,NO,926,1064,138,161356,161356,0,246,305,270,0,949,850,0,100,69:184|109:162|144:214|174:178|239:188,84:22|89:110|109:112|119:44|174:14,69:208|109:318|144:214|174:192|239:132,69:1064|109:856|144:538|174:324|239:132,"69,109,144,174,239",0,7,5
CFG_176,300.083,5.001,0.018,0,45.1,NO,YES,NO,926,0,-926,0,161356,161356,0,305,0,0,949,0,0,0,69:184|89:122|114:180|149:84|179:206|239:150,,,,"69,89,114,149,179,239",0,22,0
CFG_177,300.231,5.004,0.052,0,45.1,NO,YES,NO,926,0,-926,0,161356,161356,0,305,0,0,949,0,0,0,69:184|79:50|109:177|134:127|154:137|179:101|239:150,,,,"69,79,109,134,154,179,239",0,37,0
CFG_178,301.042,5.017,0.257,0,45.1,NO,YES,NO,926,0,-926,0,161356,161356,0,305,0,0,949,0,0,0,69:184|79:47|109:114|114:140|149:84|154:106|184:163|239:88,,,,"69,79,109,114,149,154,184,239",0,77,0
CFG_179,302.565,5.043,0.796,0,45.1,NO,YES,NO,926,0,-926,0,161356,161356,0,305,0,0,949,0,0,0,69:36|74:156|89:114|109:105|129:94|149:65|164:150|184:118|239:88,,,,"69,74,89,109,129,149,164,184,239",0,113,0
CFG_180,302.755,5.046,0.874,0,45.1,NO,YES,NO,926,0,-926,0,161356,161356,0,305,0,0,949,0,0,0,69:185|79:110|109:51|114:140|144:74|154:115|174:62|184:101|239:88,,,,"69,79,109,114,144,154,174,184,239",0,105,0
