Scenario,Method,K,Cluster ID,Cluster Count,Cluster Count Percentage,Lower Bound,Upper Bound,Representative Slot Size
Scenario 1,quantile_binning,1,1,939,100.00%,2.000,229.000,239.000
Scenario 1,quantile_binning,2,1,467,49.73%,2.000,62.000,74.000
Scenario 1,quantile_binning,2,2,472,50.27%,63.000,229.000,239.000
Scenario 1,quantile_binning,3,1,314,33.44%,2.000,46.000,59.000
Scenario 1,quantile_binning,3,2,308,32.80%,47.000,81.000,94.000
Scenario 1,quantile_binning,3,3,317,33.76%,82.000,229.000,239.000
Scenario 1,quantile_binning,4,1,234,24.92%,2.000,38.000,49.000
Scenario 1,quantile_binning,4,2,233,24.81%,39.000,62.000,74.000
Scenario 1,quantile_binning,4,3,238,25.35%,63.000,95.000,109.000
Scenario 1,quantile_binning,4,4,234,24.92%,96.000,229.000,239.000
Scenario 1,quantile_binning,5,1,188,20.02%,2.000,33.000,44.000
Scenario 1,quantile_binning,5,2,188,20.02%,34.000,50.000,64.000
Scenario 1,quantile_binning,5,3,184,19.60%,51.000,74.000,84.000
Scenario 1,quantile_binning,5,4,190,20.23%,75.000,107.000,119.000
Scenario 1,quantile_binning,5,5,189,20.13%,108.000,229.000,239.000
Scenario 1,quantile_binning,6,1,158,16.83%,2.000,29.000,39.000
Scenario 1,quantile_binning,6,2,156,16.61%,30.000,46.000,59.000
Scenario 1,quantile_binning,6,3,153,16.29%,47.000,62.000,74.000
Scenario 1,quantile_binning,6,4,155,16.51%,63.000,81.000,94.000
Scenario 1,quantile_binning,6,5,156,16.61%,82.000,117.000,129.000
Scenario 1,quantile_binning,6,6,161,17.15%,118.000,229.000,239.000
Scenario 1,quantile_binning,7,1,134,14.27%,2.000,25.000,39.000
Scenario 1,quantile_binning,7,2,138,14.70%,26.000,41.000,54.000
Scenario 1,quantile_binning,7,3,136,14.48%,42.000,54.000,64.000
Scenario 1,quantile_binning,7,4,129,13.74%,55.000,71.000,84.000
Scenario 1,quantile_binning,7,5,131,13.95%,72.000,88.000,99.000
Scenario 1,quantile_binning,7,6,138,14.70%,89.000,129.000,139.000
Scenario 1,quantile_binning,7,7,133,14.16%,130.000,229.000,239.000
Scenario 1,quantile_binning,8,1,120,12.78%,2.000,23.000,34.000
Scenario 1,quantile_binning,8,2,114,12.14%,24.000,38.000,49.000
Scenario 1,quantile_binning,8,3,111,11.82%,39.000,48.000,59.000
Scenario 1,quantile_binning,8,4,122,12.99%,49.000,62.000,74.000
Scenario 1,quantile_binning,8,5,122,12.99%,63.000,77.000,89.000
Scenario 1,quantile_binning,8,6,116,12.35%,78.000,95.000,109.000
Scenario 1,quantile_binning,8,7,117,12.46%,96.000,136.000,149.000
Scenario 1,quantile_binning,8,8,117,12.46%,137.000,229.000,239.000
Scenario 1,quantile_binning,9,1,105,11.18%,2.000,21.000,34.000
Scenario 1,quantile_binning,9,2,104,11.08%,22.000,35.000,49.000
Scenario 1,quantile_binning,9,3,105,11.18%,36.000,46.000,59.000
Scenario 1,quantile_binning,9,4,107,11.40%,47.000,55.000,69.000
Scenario 1,quantile_binning,9,5,101,10.76%,56.000,69.000,79.000
Scenario 1,quantile_binning,9,6,100,10.65%,70.000,81.000,94.000
Scenario 1,quantile_binning,9,7,107,11.40%,82.000,100.000,114.000
Scenario 1,quantile_binning,9,8,103,10.97%,101.000,139.000,149.000
Scenario 1,quantile_binning,9,9,107,11.40%,140.000,229.000,239.000
Scenario 1,quantile_binning,10,1,93,9.90%,2.000,19.000,29.000
Scenario 1,quantile_binning,10,2,95,10.12%,20.000,33.000,44.000
Scenario 1,quantile_binning,10,3,94,10.01%,34.000,42.000,54.000
Scenario 1,quantile_binning,10,4,94,10.01%,43.000,50.000,64.000
Scenario 1,quantile_binning,10,5,91,9.69%,51.000,62.000,74.000
Scenario 1,quantile_binning,10,6,93,9.90%,63.000,74.000,84.000
Scenario 1,quantile_binning,10,7,97,10.33%,75.000,87.000,99.000
Scenario 1,quantile_binning,10,8,93,9.90%,88.000,107.000,119.000
Scenario 1,quantile_binning,10,9,95,10.12%,108.000,147.000,159.000
Scenario 1,quantile_binning,10,10,94,10.01%,148.000,229.000,239.000
Scenario 2,quantile_binning,1,1,939,100.00%,14.400,229.000,239.000
Scenario 2,quantile_binning,2,1,470,50.05%,14.400,71.400,84.000
Scenario 2,quantile_binning,2,2,469,49.95%,72.000,229.000,239.000
Scenario 2,quantile_binning,3,1,311,33.12%,14.400,53.800,64.000
Scenario 2,quantile_binning,3,2,315,33.55%,54.000,94.400,109.000
Scenario 2,quantile_binning,3,3,313,33.33%,94.600,229.000,239.000
Scenario 2,quantile_binning,4,1,233,24.81%,14.400,46.400,59.000
Scenario 2,quantile_binning,4,2,237,25.24%,46.800,71.400,84.000
Scenario 2,quantile_binning,4,3,233,24.81%,72.000,105.600,119.000
Scenario 2,quantile_binning,4,4,236,25.13%,105.800,229.000,239.000
Scenario 2,quantile_binning,5,1,188,20.02%,14.400,43.200,54.000
Scenario 2,quantile_binning,5,2,188,20.02%,43.400,60.200,74.000
Scenario 2,quantile_binning,5,3,187,19.91%,60.400,85.000,99.000
Scenario 2,quantile_binning,5,4,188,20.02%,85.200,117.200,129.000
Scenario 2,quantile_binning,5,5,188,20.02%,117.800,229.000,239.000
Scenario 2,quantile_binning,6,1,156,16.61%,14.400,39.600,54.000
Scenario 2,quantile_binning,6,2,155,16.51%,40.000,53.800,64.000
Scenario 2,quantile_binning,6,3,159,16.93%,54.000,71.400,84.000
Scenario 2,quantile_binning,6,4,156,16.61%,72.000,94.400,109.000
Scenario 2,quantile_binning,6,5,156,16.61%,94.600,127.000,139.000
Scenario 2,quantile_binning,6,6,157,16.72%,127.200,229.000,239.000
Scenario 2,quantile_binning,7,1,134,14.27%,14.400,37.000,49.000
Scenario 2,quantile_binning,7,2,136,14.48%,37.200,50.400,64.000
Scenario 2,quantile_binning,7,3,132,14.06%,50.600,63.200,74.000
Scenario 2,quantile_binning,7,4,134,14.27%,63.400,79.800,94.000
Scenario 2,quantile_binning,7,5,135,14.38%,80.000,99.800,114.000
Scenario 2,quantile_binning,7,6,134,14.27%,100.200,136.600,149.000
Scenario 2,quantile_binning,7,7,134,14.27%,137.000,229.000,239.000
Scenario 2,quantile_binning,8,1,117,12.46%,14.400,36.200,49.000
Scenario 2,quantile_binning,8,2,116,12.35%,36.400,46.400,59.000
Scenario 2,quantile_binning,8,3,120,12.78%,46.800,57.800,69.000
Scenario 2,quantile_binning,8,4,117,12.46%,58.000,71.400,84.000
Scenario 2,quantile_binning,8,5,117,12.46%,72.000,89.200,104.000
Scenario 2,quantile_binning,8,6,116,12.35%,89.400,105.600,119.000
Scenario 2,quantile_binning,8,7,119,12.67%,105.800,142.800,154.000
Scenario 2,quantile_binning,8,8,117,12.46%,143.000,229.000,239.000
Scenario 2,quantile_binning,9,1,104,11.08%,14.400,33.800,44.000
Scenario 2,quantile_binning,9,2,105,11.18%,34.400,45.000,59.000
Scenario 2,quantile_binning,9,3,102,10.86%,45.200,53.800,64.000
Scenario 2,quantile_binning,9,4,108,11.50%,54.000,65.000,79.000
Scenario 2,quantile_binning,9,5,104,11.08%,65.200,77.800,89.000
Scenario 2,quantile_binning,9,6,103,10.97%,78.000,94.400,109.000
Scenario 2,quantile_binning,9,7,104,11.08%,94.600,111.200,124.000
Scenario 2,quantile_binning,9,8,105,11.18%,112.200,147.000,159.000
Scenario 2,quantile_binning,9,9,104,11.08%,147.800,229.000,239.000
Scenario 2,quantile_binning,10,1,91,9.69%,14.400,32.200,44.000
Scenario 2,quantile_binning,10,2,97,10.33%,32.800,43.200,54.000
Scenario 2,quantile_binning,10,3,88,9.37%,43.400,51.400,64.000
Scenario 2,quantile_binning,10,4,100,10.65%,52.000,60.200,74.000
Scenario 2,quantile_binning,10,5,94,10.01%,60.400,71.400,84.000
Scenario 2,quantile_binning,10,6,93,9.90%,72.000,85.000,99.000
Scenario 2,quantile_binning,10,7,94,10.01%,85.200,97.200,109.000
Scenario 2,quantile_binning,10,8,94,10.01%,98.200,117.200,129.000
Scenario 2,quantile_binning,10,9,94,10.01%,117.800,153.400,164.000
Scenario 2,quantile_binning,10,10,94,10.01%,154.200,229.000,239.000
Scenario 3,quantile_binning,1,1,939,100.00%,21.600,229.000,239.000
Scenario 3,quantile_binning,2,1,468,49.84%,21.600,82.600,94.000
Scenario 3,quantile_binning,2,2,471,50.16%,83.000,229.000,239.000
Scenario 3,quantile_binning,3,1,312,33.23%,21.600,61.800,74.000
Scenario 3,quantile_binning,3,2,314,33.44%,62.000,107.800,119.000
Scenario 3,quantile_binning,3,3,313,33.33%,108.200,229.000,239.000
Scenario 3,quantile_binning,4,1,228,24.28%,21.600,54.800,69.000
Scenario 3,quantile_binning,4,2,240,25.56%,55.000,82.600,94.000
Scenario 3,quantile_binning,4,3,236,25.13%,83.000,118.000,129.000
Scenario 3,quantile_binning,4,4,235,25.03%,118.400,229.000,239.000
Scenario 3,quantile_binning,5,1,188,20.02%,21.600,51.400,64.000
Scenario 3,quantile_binning,5,2,187,19.91%,51.800,69.400,84.000
Scenario 3,quantile_binning,5,3,187,19.91%,69.800,95.400,109.000
Scenario 3,quantile_binning,5,4,190,20.23%,95.600,128.000,139.000
Scenario 3,quantile_binning,5,5,187,19.91%,128.200,229.000,239.000
Scenario 3,quantile_binning,6,1,155,16.51%,21.600,49.000,59.000
Scenario 3,quantile_binning,6,2,157,16.72%,49.400,61.800,74.000
Scenario 3,quantile_binning,6,3,156,16.61%,62.000,82.600,94.000
Scenario 3,quantile_binning,6,4,158,16.83%,83.000,107.800,119.000
Scenario 3,quantile_binning,6,5,154,16.40%,108.200,136.200,149.000
Scenario 3,quantile_binning,6,6,159,16.93%,136.400,229.000,239.000
Scenario 3,quantile_binning,7,1,136,14.48%,21.600,46.000,59.000
Scenario 3,quantile_binning,7,2,131,13.95%,46.200,57.600,69.000
Scenario 3,quantile_binning,7,3,136,14.48%,58.000,73.000,84.000
Scenario 3,quantile_binning,7,4,133,14.16%,73.400,92.600,104.000
Scenario 3,quantile_binning,7,5,137,14.59%,92.800,113.000,124.000
Scenario 3,quantile_binning,7,6,133,14.16%,113.600,143.000,154.000
Scenario 3,quantile_binning,7,7,133,14.16%,143.200,229.000,239.000
Scenario 3,quantile_binning,8,1,117,12.46%,21.600,44.400,59.000
Scenario 3,quantile_binning,8,2,111,11.82%,44.800,54.800,69.000
Scenario 3,quantile_binning,8,3,122,12.99%,55.000,66.800,79.000
Scenario 3,quantile_binning,8,4,118,12.57%,67.000,82.600,94.000
Scenario 3,quantile_binning,8,5,119,12.67%,83.000,100.200,114.000
Scenario 3,quantile_binning,8,6,117,12.46%,100.600,118.000,129.000
Scenario 3,quantile_binning,8,7,117,12.46%,118.400,149.800,164.000
Scenario 3,quantile_binning,8,8,118,12.57%,150.000,229.000,239.000
Scenario 3,quantile_binning,9,1,104,11.08%,21.600,42.600,54.000
Scenario 3,quantile_binning,9,2,103,10.97%,42.800,53.400,64.000
Scenario 3,quantile_binning,9,3,105,11.18%,53.600,61.800,74.000
Scenario 3,quantile_binning,9,4,106,11.29%,62.000,75.200,89.000
Scenario 3,quantile_binning,9,5,105,11.18%,75.400,89.600,104.000
Scenario 3,quantile_binning,9,6,103,10.97%,89.800,107.800,119.000
Scenario 3,quantile_binning,9,7,104,11.08%,108.200,121.800,134.000
Scenario 3,quantile_binning,9,8,105,11.18%,122.000,155.000,169.000
Scenario 3,quantile_binning,9,9,104,11.08%,155.600,229.000,239.000
Scenario 3,quantile_binning,10,1,93,9.90%,21.600,41.000,54.000
Scenario 3,quantile_binning,10,2,95,10.12%,41.200,51.400,64.000
Scenario 3,quantile_binning,10,3,95,10.12%,51.800,58.600,69.000
Scenario 3,quantile_binning,10,4,92,9.80%,58.800,69.400,84.000
Scenario 3,quantile_binning,10,5,93,9.90%,69.800,82.600,94.000
Scenario 3,quantile_binning,10,6,94,10.01%,83.000,95.400,109.000
Scenario 3,quantile_binning,10,7,94,10.01%,95.600,111.200,124.000
Scenario 3,quantile_binning,10,8,96,10.22%,111.400,128.000,139.000
Scenario 3,quantile_binning,10,9,93,9.90%,128.200,160.400,174.000
Scenario 3,quantile_binning,10,10,94,10.01%,161.600,229.000,239.000
Scenario 4,quantile_binning,1,1,939,100.00%,27.400,229.000,239.000
Scenario 4,quantile_binning,2,1,470,50.05%,27.400,92.200,104.000
Scenario 4,quantile_binning,2,2,469,49.95%,92.400,229.000,239.000
Scenario 4,quantile_binning,3,1,313,33.33%,27.400,70.000,84.000
Scenario 4,quantile_binning,3,2,314,33.44%,70.600,121.400,134.000
Scenario 4,quantile_binning,3,3,312,33.23%,121.600,229.000,239.000
Scenario 4,quantile_binning,4,1,233,24.81%,27.400,59.800,74.000
Scenario 4,quantile_binning,4,2,237,25.24%,60.000,92.200,104.000
Scenario 4,quantile_binning,4,3,232,24.71%,92.400,131.200,144.000
Scenario 4,quantile_binning,4,4,237,25.24%,131.400,229.000,239.000
Scenario 4,quantile_binning,5,1,187,19.91%,27.400,57.000,69.000
Scenario 4,quantile_binning,5,2,191,20.34%,57.200,80.400,94.000
Scenario 4,quantile_binning,5,3,185,19.70%,80.600,111.600,124.000
Scenario 4,quantile_binning,5,4,188,20.02%,111.800,137.400,149.000
Scenario 4,quantile_binning,5,5,188,20.02%,137.600,229.000,239.000
Scenario 4,quantile_binning,6,1,155,16.51%,27.400,54.400,69.000
Scenario 4,quantile_binning,6,2,158,16.83%,54.800,70.000,84.000
Scenario 4,quantile_binning,6,3,157,16.72%,70.600,92.200,104.000
Scenario 4,quantile_binning,6,4,157,16.72%,92.400,121.400,134.000
Scenario 4,quantile_binning,6,5,156,16.61%,121.600,143.000,154.000
Scenario 4,quantile_binning,6,6,156,16.61%,143.200,229.000,239.000
Scenario 4,quantile_binning,7,1,134,14.27%,27.400,52.400,64.000
Scenario 4,quantile_binning,7,2,132,14.06%,52.600,63.400,74.000
Scenario 4,quantile_binning,7,3,135,14.38%,63.600,83.600,94.000
Scenario 4,quantile_binning,7,4,135,14.38%,83.800,105.800,119.000
Scenario 4,quantile_binning,7,5,135,14.38%,106.200,126.800,139.000
Scenario 4,quantile_binning,7,6,134,14.27%,127.400,150.000,164.000
Scenario 4,quantile_binning,7,7,134,14.27%,150.600,229.000,239.000
Scenario 4,quantile_binning,8,1,116,12.35%,27.400,51.600,64.000
Scenario 4,quantile_binning,8,2,117,12.46%,51.800,59.800,74.000
Scenario 4,quantile_binning,8,3,119,12.67%,60.000,77.600,89.000
Scenario 4,quantile_binning,8,4,118,12.57%,78.000,92.200,104.000
Scenario 4,quantile_binning,8,5,118,12.57%,92.400,117.000,129.000
Scenario 4,quantile_binning,8,6,114,12.14%,117.200,131.200,144.000
Scenario 4,quantile_binning,8,7,120,12.78%,131.400,159.000,169.000
Scenario 4,quantile_binning,8,8,117,12.46%,159.400,229.000,239.000
Scenario 4,quantile_binning,9,1,102,10.86%,27.400,50.200,64.000
Scenario 4,quantile_binning,9,2,112,11.93%,50.400,58.000,69.000
Scenario 4,quantile_binning,9,3,99,10.54%,58.400,70.000,84.000
Scenario 4,quantile_binning,9,4,105,11.18%,70.600,84.800,99.000
Scenario 4,quantile_binning,9,5,104,11.08%,85.000,101.400,114.000
Scenario 4,quantile_binning,9,6,105,11.18%,102.000,121.400,134.000
Scenario 4,quantile_binning,9,7,102,10.86%,121.600,134.200,149.000
Scenario 4,quantile_binning,9,8,105,11.18%,134.400,161.400,174.000
Scenario 4,quantile_binning,9,9,105,11.18%,163.000,229.000,239.000
Scenario 4,quantile_binning,10,1,94,10.01%,27.400,49.400,64.000
Scenario 4,quantile_binning,10,2,93,9.90%,49.600,57.000,69.000
Scenario 4,quantile_binning,10,3,95,10.12%,57.200,65.200,79.000
Scenario 4,quantile_binning,10,4,96,10.22%,66.000,80.400,94.000
Scenario 4,quantile_binning,10,5,92,9.80%,80.600,92.200,104.000
Scenario 4,quantile_binning,10,6,93,9.90%,92.400,111.600,124.000
Scenario 4,quantile_binning,10,7,95,10.12%,111.800,125.000,139.000
Scenario 4,quantile_binning,10,8,93,9.90%,125.200,137.400,149.000
Scenario 4,quantile_binning,10,9,95,10.12%,137.600,168.200,179.000
Scenario 4,quantile_binning,10,10,93,9.90%,168.600,229.000,239.000
Scenario 5,quantile_binning,1,1,939,100.00%,32.600,229.000,239.000
Scenario 5,quantile_binning,2,1,469,49.95%,32.600,100.000,114.000
Scenario 5,quantile_binning,2,2,470,50.05%,100.400,229.000,239.000
Scenario 5,quantile_binning,3,1,312,33.23%,32.600,77.600,89.000
Scenario 5,quantile_binning,3,2,314,33.44%,78.000,135.600,149.000
Scenario 5,quantile_binning,3,3,313,33.33%,136.000,229.000,239.000
Scenario 5,quantile_binning,4,1,235,25.03%,32.600,63.400,74.000
Scenario 5,quantile_binning,4,2,234,24.92%,63.600,100.000,114.000
Scenario 5,quantile_binning,4,3,236,25.13%,100.400,142.600,154.000
Scenario 5,quantile_binning,4,4,234,24.92%,142.800,229.000,239.000
Scenario 5,quantile_binning,5,1,188,20.02%,32.600,58.800,69.000
Scenario 5,quantile_binning,5,2,187,19.91%,59.000,91.800,104.000
Scenario 5,quantile_binning,5,3,188,20.02%,92.000,127.000,139.000
Scenario 5,quantile_binning,5,4,188,20.02%,127.200,148.600,159.000
Scenario 5,quantile_binning,5,5,188,20.02%,149.000,229.000,239.000
Scenario 5,quantile_binning,6,1,152,16.19%,32.600,57.800,69.000
Scenario 5,quantile_binning,6,2,160,17.04%,58.000,77.600,89.000
Scenario 5,quantile_binning,6,3,157,16.72%,78.000,100.000,114.000
Scenario 5,quantile_binning,6,4,157,16.72%,100.400,135.600,149.000
Scenario 5,quantile_binning,6,5,157,16.72%,136.000,157.000,169.000
Scenario 5,quantile_binning,6,6,156,16.61%,157.600,229.000,239.000
Scenario 5,quantile_binning,7,1,130,13.84%,32.600,57.000,69.000
Scenario 5,quantile_binning,7,2,141,15.02%,57.200,67.000,79.000
Scenario 5,quantile_binning,7,3,130,13.84%,67.200,94.400,109.000
Scenario 5,quantile_binning,7,4,136,14.48%,94.800,119.800,134.000
Scenario 5,quantile_binning,7,5,134,14.27%,120.000,139.600,154.000
Scenario 5,quantile_binning,7,6,133,14.16%,139.800,162.400,174.000
Scenario 5,quantile_binning,7,7,135,14.38%,162.600,229.000,239.000
Scenario 5,quantile_binning,8,1,116,12.35%,32.600,56.200,69.000
Scenario 5,quantile_binning,8,2,119,12.67%,56.400,63.400,74.000
Scenario 5,quantile_binning,8,3,117,12.46%,63.600,88.600,99.000
Scenario 5,quantile_binning,8,4,117,12.46%,88.800,100.000,114.000
Scenario 5,quantile_binning,8,5,117,12.46%,100.400,130.000,144.000
Scenario 5,quantile_binning,8,6,119,12.67%,130.200,142.600,154.000
Scenario 5,quantile_binning,8,7,117,12.46%,142.800,166.400,179.000
Scenario 5,quantile_binning,8,8,117,12.46%,167.000,229.000,239.000
Scenario 5,quantile_binning,9,1,104,11.08%,32.600,55.600,69.000
Scenario 5,quantile_binning,9,2,105,11.18%,55.800,60.800,74.000
Scenario 5,quantile_binning,9,3,103,10.97%,61.400,77.600,89.000
Scenario 5,quantile_binning,9,4,106,11.29%,78.000,95.600,109.000
Scenario 5,quantile_binning,9,5,103,10.97%,95.800,116.200,129.000
Scenario 5,quantile_binning,9,6,105,11.18%,117.400,135.600,149.000
Scenario 5,quantile_binning,9,7,105,11.18%,136.000,144.600,159.000
Scenario 5,quantile_binning,9,8,104,11.08%,145.000,170.000,184.000
Scenario 5,quantile_binning,9,9,104,11.08%,170.200,229.000,239.000
Scenario 5,quantile_binning,10,1,91,9.69%,32.600,55.000,69.000
Scenario 5,quantile_binning,10,2,97,10.33%,55.200,58.800,69.000
Scenario 5,quantile_binning,10,3,93,9.90%,59.000,67.800,79.000
Scenario 5,quantile_binning,10,4,94,10.01%,68.000,91.800,104.000
Scenario 5,quantile_binning,10,5,94,10.01%,92.000,100.000,114.000
Scenario 5,quantile_binning,10,6,94,10.01%,100.400,127.000,139.000
Scenario 5,quantile_binning,10,7,92,9.80%,127.200,138.600,149.000
Scenario 5,quantile_binning,10,8,96,10.22%,138.800,148.600,159.000
Scenario 5,quantile_binning,10,9,94,10.01%,149.000,172.800,184.000
Scenario 5,quantile_binning,10,10,94,10.01%,173.200,229.000,239.000
Scenario 6,quantile_binning,1,1,939,100.00%,34.000,234.000,239.000
Scenario 6,quantile_binning,2,1,493,52.50%,34.000,104.000,114.000
Scenario 6,quantile_binning,2,2,446,47.50%,119.000,234.000,239.000
Scenario 6,quantile_binning,3,1,311,33.12%,34.000,78.000,89.000
Scenario 6,quantile_binning,3,2,267,28.43%,79.000,139.000,149.000
Scenario 6,quantile_binning,3,3,361,38.45%,144.000,234.000,239.000
Scenario 6,quantile_binning,4,1,235,25.03%,34.000,66.000,79.000
Scenario 6,quantile_binning,4,2,258,27.48%,67.000,104.000,114.000
Scenario 6,quantile_binning,4,3,192,20.45%,119.000,144.000,154.000
Scenario 6,quantile_binning,4,4,254,27.05%,149.000,234.000,239.000
Scenario 6,quantile_binning,5,1,187,19.91%,34.000,59.000,69.000
Scenario 6,quantile_binning,5,2,164,17.47%,60.000,95.000,109.000
Scenario 6,quantile_binning,5,3,217,23.11%,99.000,134.000,144.000
Scenario 6,quantile_binning,5,4,180,19.17%,139.000,160.000,174.000
Scenario 6,quantile_binning,5,5,191,20.34%,164.000,234.000,239.000
Scenario 6,quantile_binning,6,1,187,19.91%,34.000,59.000,69.000
Scenario 6,quantile_binning,6,2,124,13.21%,60.000,78.000,89.000
Scenario 6,quantile_binning,6,3,182,19.38%,79.000,104.000,114.000
Scenario 6,quantile_binning,6,4,85,9.05%,119.000,139.000,149.000
Scenario 6,quantile_binning,6,5,209,22.26%,144.000,169.000,179.000
Scenario 6,quantile_binning,6,6,152,16.19%,174.000,234.000,239.000
Scenario 6,quantile_binning,7,1,187,19.91%,34.000,59.000,69.000
Scenario 6,quantile_binning,7,2,51,5.43%,60.000,67.000,79.000
Scenario 6,quantile_binning,7,3,179,19.06%,69.000,99.000,109.000
Scenario 6,quantile_binning,7,4,129,13.74%,102.000,124.000,134.000
Scenario 6,quantile_binning,7,5,139,14.80%,125.000,144.000,154.000
Scenario 6,quantile_binning,7,6,102,10.86%,149.000,169.000,179.000
Scenario 6,quantile_binning,7,7,152,16.19%,174.000,234.000,239.000
Scenario 6,quantile_binning,8,1,187,19.91%,34.000,59.000,69.000
Scenario 6,quantile_binning,8,2,48,5.11%,60.000,66.000,79.000
Scenario 6,quantile_binning,8,3,116,12.35%,67.000,95.000,109.000
Scenario 6,quantile_binning,8,4,142,15.12%,99.000,104.000,114.000
Scenario 6,quantile_binning,8,5,85,9.05%,119.000,139.000,149.000
Scenario 6,quantile_binning,8,6,107,11.40%,144.000,144.000,154.000
Scenario 6,quantile_binning,8,7,165,17.57%,149.000,174.000,184.000
Scenario 6,quantile_binning,8,8,89,9.48%,177.000,234.000,239.000
Scenario 6,quantile_binning,9,1,37,3.94%,34.000,57.000,69.000
Scenario 6,quantile_binning,9,2,158,16.83%,59.000,63.000,74.000
Scenario 6,quantile_binning,9,3,116,12.35%,64.000,78.000,89.000
Scenario 6,quantile_binning,9,4,106,11.29%,79.000,99.000,109.000
Scenario 6,quantile_binning,9,5,95,10.12%,102.000,119.000,129.000
Scenario 6,quantile_binning,9,6,66,7.03%,124.000,139.000,149.000
Scenario 6,quantile_binning,9,7,152,16.19%,144.000,150.000,164.000
Scenario 6,quantile_binning,9,8,120,12.78%,159.000,174.000,184.000
Scenario 6,quantile_binning,9,9,89,9.48%,177.000,234.000,239.000
Scenario 6,quantile_binning,10,1,37,3.94%,34.000,57.000,69.000
Scenario 6,quantile_binning,10,2,150,15.97%,59.000,59.000,69.000
Scenario 6,quantile_binning,10,3,112,11.93%,60.000,69.000,79.000
Scenario 6,quantile_binning,10,4,52,5.54%,70.000,95.000,109.000
Scenario 6,quantile_binning,10,5,142,15.12%,99.000,104.000,114.000
Scenario 6,quantile_binning,10,6,75,7.99%,119.000,134.000,144.000
Scenario 6,quantile_binning,10,7,117,12.46%,139.000,144.000,154.000
Scenario 6,quantile_binning,10,8,63,6.71%,149.000,160.000,174.000
Scenario 6,quantile_binning,10,9,102,10.86%,164.000,174.000,184.000
Scenario 6,quantile_binning,10,10,89,9.48%,177.000,234.000,239.000
Scenario 1,hierarchical_clustering,1,1,939,100.00%,2.000,229.000,239.000
Scenario 1,hierarchical_clustering,2,1,766,81.58%,2.000,112.000,124.000
Scenario 1,hierarchical_clustering,2,2,173,18.42%,114.000,229.000,239.000
Scenario 1,hierarchical_clustering,3,1,434,46.22%,2.000,58.000,69.000
Scenario 1,hierarchical_clustering,3,2,332,35.36%,59.000,112.000,124.000
Scenario 1,hierarchical_clustering,3,3,173,18.42%,114.000,229.000,239.000
Scenario 1,hierarchical_clustering,4,1,434,46.22%,2.000,58.000,69.000
Scenario 1,hierarchical_clustering,4,2,332,35.36%,59.000,112.000,124.000
Scenario 1,hierarchical_clustering,4,3,105,11.18%,114.000,177.000,189.000
Scenario 1,hierarchical_clustering,4,4,68,7.24%,185.000,229.000,239.000
Scenario 1,hierarchical_clustering,5,1,128,13.63%,2.000,24.000,34.000
Scenario 1,hierarchical_clustering,5,2,306,32.59%,25.000,58.000,69.000
Scenario 1,hierarchical_clustering,5,3,332,35.36%,59.000,112.000,124.000
Scenario 1,hierarchical_clustering,5,4,105,11.18%,114.000,177.000,189.000
Scenario 1,hierarchical_clustering,5,5,68,7.24%,185.000,229.000,239.000
Scenario 1,hierarchical_clustering,6,1,128,13.63%,2.000,24.000,34.000
Scenario 1,hierarchical_clustering,6,2,306,32.59%,25.000,58.000,69.000
Scenario 1,hierarchical_clustering,6,3,223,23.75%,59.000,87.000,99.000
Scenario 1,hierarchical_clustering,6,4,109,11.61%,88.000,112.000,124.000
Scenario 1,hierarchical_clustering,6,5,105,11.18%,114.000,177.000,189.000
Scenario 1,hierarchical_clustering,6,6,68,7.24%,185.000,229.000,239.000
Scenario 1,hierarchical_clustering,7,1,128,13.63%,2.000,24.000,34.000
Scenario 1,hierarchical_clustering,7,2,306,32.59%,25.000,58.000,69.000
Scenario 1,hierarchical_clustering,7,3,223,23.75%,59.000,87.000,99.000
Scenario 1,hierarchical_clustering,7,4,109,11.61%,88.000,112.000,124.000
Scenario 1,hierarchical_clustering,7,5,76,8.09%,114.000,143.000,154.000
Scenario 1,hierarchical_clustering,7,6,29,3.09%,147.000,177.000,189.000
Scenario 1,hierarchical_clustering,7,7,68,7.24%,185.000,229.000,239.000
Scenario 1,hierarchical_clustering,8,1,128,13.63%,2.000,24.000,34.000
Scenario 1,hierarchical_clustering,8,2,186,19.81%,25.000,46.000,59.000
Scenario 1,hierarchical_clustering,8,3,120,12.78%,47.000,58.000,69.000
Scenario 1,hierarchical_clustering,8,4,223,23.75%,59.000,87.000,99.000
Scenario 1,hierarchical_clustering,8,5,109,11.61%,88.000,112.000,124.000
Scenario 1,hierarchical_clustering,8,6,76,8.09%,114.000,143.000,154.000
Scenario 1,hierarchical_clustering,8,7,29,3.09%,147.000,177.000,189.000
Scenario 1,hierarchical_clustering,8,8,68,7.24%,185.000,229.000,239.000
Scenario 1,hierarchical_clustering,9,1,128,13.63%,2.000,24.000,34.000
Scenario 1,hierarchical_clustering,9,2,186,19.81%,25.000,46.000,59.000
Scenario 1,hierarchical_clustering,9,3,120,12.78%,47.000,58.000,69.000
Scenario 1,hierarchical_clustering,9,4,117,12.46%,59.000,73.000,84.000
Scenario 1,hierarchical_clustering,9,5,106,11.29%,74.000,87.000,99.000
Scenario 1,hierarchical_clustering,9,6,109,11.61%,88.000,112.000,124.000
Scenario 1,hierarchical_clustering,9,7,76,8.09%,114.000,143.000,154.000
Scenario 1,hierarchical_clustering,9,8,29,3.09%,147.000,177.000,189.000
Scenario 1,hierarchical_clustering,9,9,68,7.24%,185.000,229.000,239.000
Scenario 1,hierarchical_clustering,10,1,128,13.63%,2.000,24.000,34.000
Scenario 1,hierarchical_clustering,10,2,186,19.81%,25.000,46.000,59.000
Scenario 1,hierarchical_clustering,10,3,120,12.78%,47.000,58.000,69.000
Scenario 1,hierarchical_clustering,10,4,117,12.46%,59.000,73.000,84.000
Scenario 1,hierarchical_clustering,10,5,106,11.29%,74.000,87.000,99.000
Scenario 1,hierarchical_clustering,10,6,109,11.61%,88.000,112.000,124.000
Scenario 1,hierarchical_clustering,10,7,76,8.09%,114.000,143.000,154.000
Scenario 1,hierarchical_clustering,10,8,29,3.09%,147.000,177.000,189.000
Scenario 1,hierarchical_clustering,10,9,57,6.07%,185.000,203.000,214.000
Scenario 1,hierarchical_clustering,10,10,11,1.17%,216.000,229.000,239.000
Scenario 2,hierarchical_clustering,1,1,939,100.00%,14.400,229.000,239.000
Scenario 2,hierarchical_clustering,2,1,730,77.74%,14.400,111.200,124.000
Scenario 2,hierarchical_clustering,2,2,209,22.26%,112.200,229.000,239.000
Scenario 2,hierarchical_clustering,3,1,377,40.15%,14.400,60.400,74.000
Scenario 2,hierarchical_clustering,3,2,353,37.59%,61.000,111.200,124.000
Scenario 2,hierarchical_clustering,3,3,209,22.26%,112.200,229.000,239.000
Scenario 2,hierarchical_clustering,4,1,377,40.15%,14.400,60.400,74.000
Scenario 2,hierarchical_clustering,4,2,353,37.59%,61.000,111.200,124.000
Scenario 2,hierarchical_clustering,4,3,135,14.38%,112.200,169.400,184.000
Scenario 2,hierarchical_clustering,4,4,74,7.88%,174.800,229.000,239.000
Scenario 2,hierarchical_clustering,5,1,377,40.15%,14.400,60.400,74.000
Scenario 2,hierarchical_clustering,5,2,168,17.89%,61.000,81.800,94.000
Scenario 2,hierarchical_clustering,5,3,185,19.70%,82.600,111.200,124.000
Scenario 2,hierarchical_clustering,5,4,135,14.38%,112.200,169.400,184.000
Scenario 2,hierarchical_clustering,5,5,74,7.88%,174.800,229.000,239.000
Scenario 2,hierarchical_clustering,6,1,104,11.08%,14.400,33.800,44.000
Scenario 2,hierarchical_clustering,6,2,273,29.07%,34.400,60.400,74.000
Scenario 2,hierarchical_clustering,6,3,168,17.89%,61.000,81.800,94.000
Scenario 2,hierarchical_clustering,6,4,185,19.70%,82.600,111.200,124.000
Scenario 2,hierarchical_clustering,6,5,135,14.38%,112.200,169.400,184.000
Scenario 2,hierarchical_clustering,6,6,74,7.88%,174.800,229.000,239.000
Scenario 2,hierarchical_clustering,7,1,104,11.08%,14.400,33.800,44.000
Scenario 2,hierarchical_clustering,7,2,273,29.07%,34.400,60.400,74.000
Scenario 2,hierarchical_clustering,7,3,168,17.89%,61.000,81.800,94.000
Scenario 2,hierarchical_clustering,7,4,185,19.70%,82.600,111.200,124.000
Scenario 2,hierarchical_clustering,7,5,77,8.20%,112.200,137.000,149.000
Scenario 2,hierarchical_clustering,7,6,58,6.18%,138.000,169.400,184.000
Scenario 2,hierarchical_clustering,7,7,74,7.88%,174.800,229.000,239.000
Scenario 2,hierarchical_clustering,8,1,104,11.08%,14.400,33.800,44.000
Scenario 2,hierarchical_clustering,8,2,143,15.23%,34.400,48.200,59.000
Scenario 2,hierarchical_clustering,8,3,130,13.84%,48.800,60.400,74.000
Scenario 2,hierarchical_clustering,8,4,168,17.89%,61.000,81.800,94.000
Scenario 2,hierarchical_clustering,8,5,185,19.70%,82.600,111.200,124.000
Scenario 2,hierarchical_clustering,8,6,77,8.20%,112.200,137.000,149.000
Scenario 2,hierarchical_clustering,8,7,58,6.18%,138.000,169.400,184.000
Scenario 2,hierarchical_clustering,8,8,74,7.88%,174.800,229.000,239.000
Scenario 2,hierarchical_clustering,9,1,104,11.08%,14.400,33.800,44.000
Scenario 2,hierarchical_clustering,9,2,143,15.23%,34.400,48.200,59.000
Scenario 2,hierarchical_clustering,9,3,130,13.84%,48.800,60.400,74.000
Scenario 2,hierarchical_clustering,9,4,168,17.89%,61.000,81.800,94.000
Scenario 2,hierarchical_clustering,9,5,185,19.70%,82.600,111.200,124.000
Scenario 2,hierarchical_clustering,9,6,77,8.20%,112.200,137.000,149.000
Scenario 2,hierarchical_clustering,9,7,58,6.18%,138.000,169.400,184.000
Scenario 2,hierarchical_clustering,9,8,63,6.71%,174.800,206.800,219.000
Scenario 2,hierarchical_clustering,9,9,11,1.17%,216.000,229.000,239.000
Scenario 2,hierarchical_clustering,10,1,104,11.08%,14.400,33.800,44.000
Scenario 2,hierarchical_clustering,10,2,143,15.23%,34.400,48.200,59.000
Scenario 2,hierarchical_clustering,10,3,130,13.84%,48.800,60.400,74.000
Scenario 2,hierarchical_clustering,10,4,168,17.89%,61.000,81.800,94.000
Scenario 2,hierarchical_clustering,10,5,80,8.52%,82.600,94.200,109.000
Scenario 2,hierarchical_clustering,10,6,105,11.18%,94.400,111.200,124.000
Scenario 2,hierarchical_clustering,10,7,77,8.20%,112.200,137.000,149.000
Scenario 2,hierarchical_clustering,10,8,58,6.18%,138.000,169.400,184.000
Scenario 2,hierarchical_clustering,10,9,63,6.71%,174.800,206.800,219.000
Scenario 2,hierarchical_clustering,10,10,11,1.17%,216.000,229.000,239.000
Scenario 3,hierarchical_clustering,1,1,939,100.00%,21.600,229.000,239.000
Scenario 3,hierarchical_clustering,2,1,597,63.58%,21.600,103.000,114.000
Scenario 3,hierarchical_clustering,2,2,342,36.42%,103.800,229.000,239.000
Scenario 3,hierarchical_clustering,3,1,597,63.58%,21.600,103.000,114.000
Scenario 3,hierarchical_clustering,3,2,269,28.65%,103.800,179.400,194.000
Scenario 3,hierarchical_clustering,3,3,73,7.77%,189.600,229.000,239.000
Scenario 3,hierarchical_clustering,4,1,378,40.26%,21.600,70.000,84.000
Scenario 3,hierarchical_clustering,4,2,219,23.32%,70.400,103.000,114.000
Scenario 3,hierarchical_clustering,4,3,269,28.65%,103.800,179.400,194.000
Scenario 3,hierarchical_clustering,4,4,73,7.77%,189.600,229.000,239.000
Scenario 3,hierarchical_clustering,5,1,378,40.26%,21.600,70.000,84.000
Scenario 3,hierarchical_clustering,5,2,219,23.32%,70.400,103.000,114.000
Scenario 3,hierarchical_clustering,5,3,173,18.42%,103.800,130.400,144.000
Scenario 3,hierarchical_clustering,5,4,96,10.22%,131.600,179.400,194.000
Scenario 3,hierarchical_clustering,5,5,73,7.77%,189.600,229.000,239.000
Scenario 3,hierarchical_clustering,6,1,140,14.91%,21.600,46.600,59.000
Scenario 3,hierarchical_clustering,6,2,238,25.35%,47.200,70.000,84.000
Scenario 3,hierarchical_clustering,6,3,219,23.32%,70.400,103.000,114.000
Scenario 3,hierarchical_clustering,6,4,173,18.42%,103.800,130.400,144.000
Scenario 3,hierarchical_clustering,6,5,96,10.22%,131.600,179.400,194.000
Scenario 3,hierarchical_clustering,6,6,73,7.77%,189.600,229.000,239.000
Scenario 3,hierarchical_clustering,7,1,140,14.91%,21.600,46.600,59.000
Scenario 3,hierarchical_clustering,7,2,238,25.35%,47.200,70.000,84.000
Scenario 3,hierarchical_clustering,7,3,90,9.58%,70.400,82.600,94.000
Scenario 3,hierarchical_clustering,7,4,129,13.74%,83.000,103.000,114.000
Scenario 3,hierarchical_clustering,7,5,173,18.42%,103.800,130.400,144.000
Scenario 3,hierarchical_clustering,7,6,96,10.22%,131.600,179.400,194.000
Scenario 3,hierarchical_clustering,7,7,73,7.77%,189.600,229.000,239.000
Scenario 3,hierarchical_clustering,8,1,140,14.91%,21.600,46.600,59.000
Scenario 3,hierarchical_clustering,8,2,238,25.35%,47.200,70.000,84.000
Scenario 3,hierarchical_clustering,8,3,90,9.58%,70.400,82.600,94.000
Scenario 3,hierarchical_clustering,8,4,129,13.74%,83.000,103.000,114.000
Scenario 3,hierarchical_clustering,8,5,173,18.42%,103.800,130.400,144.000
Scenario 3,hierarchical_clustering,8,6,66,7.03%,131.600,155.600,169.000
Scenario 3,hierarchical_clustering,8,7,30,3.19%,157.800,179.400,194.000
Scenario 3,hierarchical_clustering,8,8,73,7.77%,189.600,229.000,239.000
Scenario 3,hierarchical_clustering,9,1,140,14.91%,21.600,46.600,59.000
Scenario 3,hierarchical_clustering,9,2,238,25.35%,47.200,70.000,84.000
Scenario 3,hierarchical_clustering,9,3,90,9.58%,70.400,82.600,94.000
Scenario 3,hierarchical_clustering,9,4,129,13.74%,83.000,103.000,114.000
Scenario 3,hierarchical_clustering,9,5,173,18.42%,103.800,130.400,144.000
Scenario 3,hierarchical_clustering,9,6,66,7.03%,131.600,155.600,169.000
Scenario 3,hierarchical_clustering,9,7,30,3.19%,157.800,179.400,194.000
Scenario 3,hierarchical_clustering,9,8,63,6.71%,189.600,216.000,229.000
Scenario 3,hierarchical_clustering,9,9,10,1.06%,224.400,229.000,239.000
Scenario 3,hierarchical_clustering,10,1,140,14.91%,21.600,46.600,59.000
Scenario 3,hierarchical_clustering,10,2,121,12.89%,47.200,57.000,69.000
Scenario 3,hierarchical_clustering,10,3,117,12.46%,57.400,70.000,84.000
Scenario 3,hierarchical_clustering,10,4,90,9.58%,70.400,82.600,94.000
Scenario 3,hierarchical_clustering,10,5,129,13.74%,83.000,103.000,114.000
Scenario 3,hierarchical_clustering,10,6,173,18.42%,103.800,130.400,144.000
Scenario 3,hierarchical_clustering,10,7,66,7.03%,131.600,155.600,169.000
Scenario 3,hierarchical_clustering,10,8,30,3.19%,157.800,179.400,194.000
Scenario 3,hierarchical_clustering,10,9,63,6.71%,189.600,216.000,229.000
Scenario 3,hierarchical_clustering,10,10,10,1.06%,224.400,229.000,239.000
Scenario 4,hierarchical_clustering,1,1,939,100.00%,27.400,229.000,239.000
Scenario 4,hierarchical_clustering,2,1,550,58.57%,27.400,108.400,119.000
Scenario 4,hierarchical_clustering,2,2,389,41.43%,109.000,229.000,239.000
Scenario 4,hierarchical_clustering,3,1,550,58.57%,27.400,108.400,119.000
Scenario 4,hierarchical_clustering,3,2,306,32.59%,109.000,178.400,189.000
Scenario 4,hierarchical_clustering,3,3,83,8.84%,184.000,229.000,239.000
Scenario 4,hierarchical_clustering,4,1,258,27.48%,27.400,62.400,74.000
Scenario 4,hierarchical_clustering,4,2,292,31.10%,63.000,108.400,119.000
Scenario 4,hierarchical_clustering,4,3,306,32.59%,109.000,178.400,189.000
Scenario 4,hierarchical_clustering,4,4,83,8.84%,184.000,229.000,239.000
Scenario 4,hierarchical_clustering,5,1,258,27.48%,27.400,62.400,74.000
Scenario 4,hierarchical_clustering,5,2,292,31.10%,63.000,108.400,119.000
Scenario 4,hierarchical_clustering,5,3,238,25.35%,109.000,143.800,154.000
Scenario 4,hierarchical_clustering,5,4,68,7.24%,144.800,178.400,189.000
Scenario 4,hierarchical_clustering,5,5,83,8.84%,184.000,229.000,239.000
Scenario 4,hierarchical_clustering,6,1,258,27.48%,27.400,62.400,74.000
Scenario 4,hierarchical_clustering,6,2,136,14.48%,63.000,82.400,94.000
Scenario 4,hierarchical_clustering,6,3,156,16.61%,83.200,108.400,119.000
Scenario 4,hierarchical_clustering,6,4,238,25.35%,109.000,143.800,154.000
Scenario 4,hierarchical_clustering,6,5,68,7.24%,144.800,178.400,189.000
Scenario 4,hierarchical_clustering,6,6,83,8.84%,184.000,229.000,239.000
Scenario 4,hierarchical_clustering,7,1,258,27.48%,27.400,62.400,74.000
Scenario 4,hierarchical_clustering,7,2,136,14.48%,63.000,82.400,94.000
Scenario 4,hierarchical_clustering,7,3,156,16.61%,83.200,108.400,119.000
Scenario 4,hierarchical_clustering,7,4,137,14.59%,109.000,128.600,139.000
Scenario 4,hierarchical_clustering,7,5,101,10.76%,129.400,143.800,154.000
Scenario 4,hierarchical_clustering,7,6,68,7.24%,144.800,178.400,189.000
Scenario 4,hierarchical_clustering,7,7,83,8.84%,184.000,229.000,239.000
Scenario 4,hierarchical_clustering,8,1,258,27.48%,27.400,62.400,74.000
Scenario 4,hierarchical_clustering,8,2,136,14.48%,63.000,82.400,94.000
Scenario 4,hierarchical_clustering,8,3,156,16.61%,83.200,108.400,119.000
Scenario 4,hierarchical_clustering,8,4,137,14.59%,109.000,128.600,139.000
Scenario 4,hierarchical_clustering,8,5,101,10.76%,129.400,143.800,154.000
Scenario 4,hierarchical_clustering,8,6,68,7.24%,144.800,178.400,189.000
Scenario 4,hierarchical_clustering,8,7,67,7.14%,184.000,210.400,224.000
Scenario 4,hierarchical_clustering,8,8,16,1.70%,213.400,229.000,239.000
Scenario 4,hierarchical_clustering,9,1,92,9.80%,27.400,49.000,59.000
Scenario 4,hierarchical_clustering,9,2,166,17.68%,49.200,62.400,74.000
Scenario 4,hierarchical_clustering,9,3,136,14.48%,63.000,82.400,94.000
Scenario 4,hierarchical_clustering,9,4,156,16.61%,83.200,108.400,119.000
Scenario 4,hierarchical_clustering,9,5,137,14.59%,109.000,128.600,139.000
Scenario 4,hierarchical_clustering,9,6,101,10.76%,129.400,143.800,154.000
Scenario 4,hierarchical_clustering,9,7,68,7.24%,144.800,178.400,189.000
Scenario 4,hierarchical_clustering,9,8,67,7.14%,184.000,210.400,224.000
Scenario 4,hierarchical_clustering,9,9,16,1.70%,213.400,229.000,239.000
Scenario 4,hierarchical_clustering,10,1,92,9.80%,27.400,49.000,59.000
Scenario 4,hierarchical_clustering,10,2,166,17.68%,49.200,62.400,74.000
Scenario 4,hierarchical_clustering,10,3,136,14.48%,63.000,82.400,94.000
Scenario 4,hierarchical_clustering,10,4,83,8.84%,83.200,93.600,104.000
Scenario 4,hierarchical_clustering,10,5,73,7.77%,94.200,108.400,119.000
Scenario 4,hierarchical_clustering,10,6,137,14.59%,109.000,128.600,139.000
Scenario 4,hierarchical_clustering,10,7,101,10.76%,129.400,143.800,154.000
Scenario 4,hierarchical_clustering,10,8,68,7.24%,144.800,178.400,189.000
Scenario 4,hierarchical_clustering,10,9,67,7.14%,184.000,210.400,224.000
Scenario 4,hierarchical_clustering,10,10,16,1.70%,213.400,229.000,239.000
Scenario 5,hierarchical_clustering,1,1,939,100.00%,32.600,229.000,239.000
Scenario 5,hierarchical_clustering,2,1,506,53.89%,32.600,107.200,119.000
Scenario 5,hierarchical_clustering,2,2,433,46.11%,110.000,229.000,239.000
Scenario 5,hierarchical_clustering,3,1,506,53.89%,32.600,107.200,119.000
Scenario 5,hierarchical_clustering,3,2,347,36.95%,110.000,177.000,189.000
Scenario 5,hierarchical_clustering,3,3,86,9.16%,190.000,229.000,239.000
Scenario 5,hierarchical_clustering,4,1,310,33.01%,32.600,76.000,89.000
Scenario 5,hierarchical_clustering,4,2,196,20.87%,77.600,107.200,119.000
Scenario 5,hierarchical_clustering,4,3,347,36.95%,110.000,177.000,189.000
Scenario 5,hierarchical_clustering,4,4,86,9.16%,190.000,229.000,239.000
Scenario 5,hierarchical_clustering,5,1,310,33.01%,32.600,76.000,89.000
Scenario 5,hierarchical_clustering,5,2,196,20.87%,77.600,107.200,119.000
Scenario 5,hierarchical_clustering,5,3,254,27.05%,110.000,151.200,164.000
Scenario 5,hierarchical_clustering,5,4,93,9.90%,153.200,177.000,189.000
Scenario 5,hierarchical_clustering,5,5,86,9.16%,190.000,229.000,239.000
Scenario 5,hierarchical_clustering,6,1,310,33.01%,32.600,76.000,89.000
Scenario 5,hierarchical_clustering,6,2,196,20.87%,77.600,107.200,119.000
Scenario 5,hierarchical_clustering,6,3,53,5.64%,110.000,125.000,139.000
Scenario 5,hierarchical_clustering,6,4,201,21.41%,126.000,151.200,164.000
Scenario 5,hierarchical_clustering,6,5,93,9.90%,153.200,177.000,189.000
Scenario 5,hierarchical_clustering,6,6,86,9.16%,190.000,229.000,239.000
Scenario 5,hierarchical_clustering,7,1,310,33.01%,32.600,76.000,89.000
Scenario 5,hierarchical_clustering,7,2,196,20.87%,77.600,107.200,119.000
Scenario 5,hierarchical_clustering,7,3,53,5.64%,110.000,125.000,139.000
Scenario 5,hierarchical_clustering,7,4,201,21.41%,126.000,151.200,164.000
Scenario 5,hierarchical_clustering,7,5,93,9.90%,153.200,177.000,189.000
Scenario 5,hierarchical_clustering,7,6,56,5.96%,190.000,206.200,219.000
Scenario 5,hierarchical_clustering,7,7,30,3.19%,209.000,229.000,239.000
Scenario 5,hierarchical_clustering,8,1,195,20.77%,32.600,59.400,74.000
Scenario 5,hierarchical_clustering,8,2,115,12.25%,59.600,76.000,89.000
Scenario 5,hierarchical_clustering,8,3,196,20.87%,77.600,107.200,119.000
Scenario 5,hierarchical_clustering,8,4,53,5.64%,110.000,125.000,139.000
Scenario 5,hierarchical_clustering,8,5,201,21.41%,126.000,151.200,164.000
Scenario 5,hierarchical_clustering,8,6,93,9.90%,153.200,177.000,189.000
Scenario 5,hierarchical_clustering,8,7,56,5.96%,190.000,206.200,219.000
Scenario 5,hierarchical_clustering,8,8,30,3.19%,209.000,229.000,239.000
Scenario 5,hierarchical_clustering,9,1,195,20.77%,32.600,59.400,74.000
Scenario 5,hierarchical_clustering,9,2,115,12.25%,59.600,76.000,89.000
Scenario 5,hierarchical_clustering,9,3,51,5.43%,77.600,90.000,104.000
Scenario 5,hierarchical_clustering,9,4,145,15.44%,90.400,107.200,119.000
Scenario 5,hierarchical_clustering,9,5,53,5.64%,110.000,125.000,139.000
Scenario 5,hierarchical_clustering,9,6,201,21.41%,126.000,151.200,164.000
Scenario 5,hierarchical_clustering,9,7,93,9.90%,153.200,177.000,189.000
Scenario 5,hierarchical_clustering,9,8,56,5.96%,190.000,206.200,219.000
Scenario 5,hierarchical_clustering,9,9,30,3.19%,209.000,229.000,239.000
Scenario 5,hierarchical_clustering,10,1,195,20.77%,32.600,59.400,74.000
Scenario 5,hierarchical_clustering,10,2,115,12.25%,59.600,76.000,89.000
Scenario 5,hierarchical_clustering,10,3,51,5.43%,77.600,90.000,104.000
Scenario 5,hierarchical_clustering,10,4,145,15.44%,90.400,107.200,119.000
Scenario 5,hierarchical_clustering,10,5,53,5.64%,110.000,125.000,139.000
Scenario 5,hierarchical_clustering,10,6,92,9.80%,126.000,138.200,149.000
Scenario 5,hierarchical_clustering,10,7,109,11.61%,138.600,151.200,164.000
Scenario 5,hierarchical_clustering,10,8,93,9.90%,153.200,177.000,189.000
Scenario 5,hierarchical_clustering,10,9,56,5.96%,190.000,206.200,219.000
Scenario 5,hierarchical_clustering,10,10,30,3.19%,209.000,229.000,239.000
Scenario 6,hierarchical_clustering,1,1,939,100.00%,34.000,234.000,239.000
Scenario 6,hierarchical_clustering,2,1,493,52.50%,34.000,104.000,114.000
Scenario 6,hierarchical_clustering,2,2,446,47.50%,119.000,234.000,239.000
Scenario 6,hierarchical_clustering,3,1,493,52.50%,34.000,104.000,114.000
Scenario 6,hierarchical_clustering,3,2,358,38.13%,119.000,177.000,189.000
Scenario 6,hierarchical_clustering,3,3,88,9.37%,190.000,234.000,239.000
Scenario 6,hierarchical_clustering,4,1,318,33.87%,34.000,80.000,94.000
Scenario 6,hierarchical_clustering,4,2,175,18.64%,89.000,104.000,114.000
Scenario 6,hierarchical_clustering,4,3,358,38.13%,119.000,177.000,189.000
Scenario 6,hierarchical_clustering,4,4,88,9.37%,190.000,234.000,239.000
Scenario 6,hierarchical_clustering,5,1,318,33.87%,34.000,80.000,94.000
Scenario 6,hierarchical_clustering,5,2,175,18.64%,89.000,104.000,114.000
Scenario 6,hierarchical_clustering,5,3,237,25.24%,119.000,150.000,164.000
Scenario 6,hierarchical_clustering,5,4,121,12.89%,159.000,177.000,189.000
Scenario 6,hierarchical_clustering,5,5,88,9.37%,190.000,234.000,239.000
Scenario 6,hierarchical_clustering,6,1,318,33.87%,34.000,80.000,94.000
Scenario 6,hierarchical_clustering,6,2,175,18.64%,89.000,104.000,114.000
Scenario 6,hierarchical_clustering,6,3,75,7.99%,119.000,134.000,144.000
Scenario 6,hierarchical_clustering,6,4,162,17.25%,139.000,150.000,164.000
Scenario 6,hierarchical_clustering,6,5,121,12.89%,159.000,177.000,189.000
Scenario 6,hierarchical_clustering,6,6,88,9.37%,190.000,234.000,239.000
Scenario 6,hierarchical_clustering,7,1,318,33.87%,34.000,80.000,94.000
Scenario 6,hierarchical_clustering,7,2,175,18.64%,89.000,104.000,114.000
Scenario 6,hierarchical_clustering,7,3,75,7.99%,119.000,134.000,144.000
Scenario 6,hierarchical_clustering,7,4,162,17.25%,139.000,150.000,164.000
Scenario 6,hierarchical_clustering,7,5,121,12.89%,159.000,177.000,189.000
Scenario 6,hierarchical_clustering,7,6,56,5.96%,190.000,216.000,229.000
Scenario 6,hierarchical_clustering,7,7,32,3.41%,229.000,234.000,239.000
Scenario 6,hierarchical_clustering,8,1,192,20.45%,34.000,60.000,74.000
Scenario 6,hierarchical_clustering,8,2,126,13.42%,62.000,80.000,94.000
Scenario 6,hierarchical_clustering,8,3,175,18.64%,89.000,104.000,114.000
Scenario 6,hierarchical_clustering,8,4,75,7.99%,119.000,134.000,144.000
Scenario 6,hierarchical_clustering,8,5,162,17.25%,139.000,150.000,164.000
Scenario 6,hierarchical_clustering,8,6,121,12.89%,159.000,177.000,189.000
Scenario 6,hierarchical_clustering,8,7,56,5.96%,190.000,216.000,229.000
Scenario 6,hierarchical_clustering,8,8,32,3.41%,229.000,234.000,239.000
Scenario 6,hierarchical_clustering,9,1,14,1.49%,34.000,44.000,54.000
Scenario 6,hierarchical_clustering,9,2,178,18.96%,54.000,60.000,74.000
Scenario 6,hierarchical_clustering,9,3,126,13.42%,62.000,80.000,94.000
Scenario 6,hierarchical_clustering,9,4,175,18.64%,89.000,104.000,114.000
Scenario 6,hierarchical_clustering,9,5,75,7.99%,119.000,134.000,144.000
Scenario 6,hierarchical_clustering,9,6,162,17.25%,139.000,150.000,164.000
Scenario 6,hierarchical_clustering,9,7,121,12.89%,159.000,177.000,189.000
Scenario 6,hierarchical_clustering,9,8,56,5.96%,190.000,216.000,229.000
Scenario 6,hierarchical_clustering,9,9,32,3.41%,229.000,234.000,239.000
Scenario 6,hierarchical_clustering,10,1,14,1.49%,34.000,44.000,54.000
Scenario 6,hierarchical_clustering,10,2,178,18.96%,54.000,60.000,74.000
Scenario 6,hierarchical_clustering,10,3,126,13.42%,62.000,80.000,94.000
Scenario 6,hierarchical_clustering,10,4,33,3.51%,89.000,95.000,109.000
Scenario 6,hierarchical_clustering,10,5,142,15.12%,99.000,104.000,114.000
Scenario 6,hierarchical_clustering,10,6,75,7.99%,119.000,134.000,144.000
Scenario 6,hierarchical_clustering,10,7,162,17.25%,139.000,150.000,164.000
Scenario 6,hierarchical_clustering,10,8,121,12.89%,159.000,177.000,189.000
Scenario 6,hierarchical_clustering,10,9,56,5.96%,190.000,216.000,229.000
Scenario 6,hierarchical_clustering,10,10,32,3.41%,229.000,234.000,239.000
Scenario 1,kmeans_clustering,1,1,939,100.00%,2.000,229.000,239.000
Scenario 1,kmeans_clustering,2,1,737,78.49%,2.000,103.000,114.000
Scenario 1,kmeans_clustering,2,2,202,21.51%,104.000,229.000,239.000
Scenario 1,kmeans_clustering,3,1,440,46.86%,2.000,59.000,69.000
Scenario 1,kmeans_clustering,3,2,356,37.91%,60.000,126.000,139.000
Scenario 1,kmeans_clustering,3,3,143,15.23%,128.000,229.000,239.000
Scenario 1,kmeans_clustering,4,1,381,40.58%,2.000,51.000,64.000
Scenario 1,kmeans_clustering,4,2,310,33.01%,52.000,93.000,104.000
Scenario 1,kmeans_clustering,4,3,166,17.68%,95.000,155.000,169.000
Scenario 1,kmeans_clustering,4,4,82,8.73%,160.000,229.000,239.000
Scenario 1,kmeans_clustering,5,1,209,22.26%,2.000,35.000,49.000
Scenario 1,kmeans_clustering,5,2,286,30.46%,36.000,66.000,79.000
Scenario 1,kmeans_clustering,5,3,253,26.94%,67.000,106.000,119.000
Scenario 1,kmeans_clustering,5,4,118,12.57%,107.000,164.000,174.000
Scenario 1,kmeans_clustering,5,5,73,7.77%,167.000,229.000,239.000
Scenario 1,kmeans_clustering,6,1,182,19.38%,2.000,32.000,44.000
Scenario 1,kmeans_clustering,6,2,252,26.84%,33.000,58.000,69.000
Scenario 1,kmeans_clustering,6,3,222,23.64%,59.000,86.000,99.000
Scenario 1,kmeans_clustering,6,4,134,14.27%,87.000,120.000,134.000
Scenario 1,kmeans_clustering,6,5,77,8.20%,122.000,167.000,179.000
Scenario 1,kmeans_clustering,6,6,72,7.67%,172.000,229.000,239.000
Scenario 1,kmeans_clustering,7,1,138,14.70%,2.000,26.000,39.000
Scenario 1,kmeans_clustering,7,2,161,17.15%,27.000,44.000,54.000
Scenario 1,kmeans_clustering,7,3,190,20.23%,45.000,65.000,79.000
Scenario 1,kmeans_clustering,7,4,195,20.77%,66.000,91.000,104.000
Scenario 1,kmeans_clustering,7,5,108,11.50%,92.000,122.000,134.000
Scenario 1,kmeans_clustering,7,6,75,7.99%,123.000,167.000,179.000
Scenario 1,kmeans_clustering,7,7,72,7.67%,172.000,229.000,239.000
Scenario 1,kmeans_clustering,8,1,120,12.78%,2.000,23.000,34.000
Scenario 1,kmeans_clustering,8,2,101,10.76%,24.000,37.000,49.000
Scenario 1,kmeans_clustering,8,3,174,18.53%,38.000,53.000,64.000
Scenario 1,kmeans_clustering,8,4,142,15.12%,54.000,71.000,84.000
Scenario 1,kmeans_clustering,8,5,154,16.40%,72.000,93.000,104.000
Scenario 1,kmeans_clustering,8,6,102,10.86%,95.000,123.000,134.000
Scenario 1,kmeans_clustering,8,7,74,7.88%,125.000,167.000,179.000
Scenario 1,kmeans_clustering,8,8,72,7.67%,172.000,229.000,239.000
Scenario 1,kmeans_clustering,9,1,113,12.03%,2.000,22.000,34.000
Scenario 1,kmeans_clustering,9,2,89,9.48%,23.000,34.000,44.000
Scenario 1,kmeans_clustering,9,3,104,11.08%,35.000,45.000,59.000
Scenario 1,kmeans_clustering,9,4,128,13.63%,46.000,58.000,69.000
Scenario 1,kmeans_clustering,9,5,117,12.46%,59.000,73.000,84.000
Scenario 1,kmeans_clustering,9,6,140,14.91%,74.000,93.000,104.000
Scenario 1,kmeans_clustering,9,7,102,10.86%,95.000,123.000,134.000
Scenario 1,kmeans_clustering,9,8,74,7.88%,125.000,167.000,179.000
Scenario 1,kmeans_clustering,9,9,72,7.67%,172.000,229.000,239.000
Scenario 1,kmeans_clustering,10,1,105,11.18%,2.000,21.000,34.000
Scenario 1,kmeans_clustering,10,2,77,8.20%,22.000,32.000,44.000
Scenario 1,kmeans_clustering,10,3,117,12.46%,33.000,44.000,54.000
Scenario 1,kmeans_clustering,10,4,134,14.27%,45.000,57.000,69.000
Scenario 1,kmeans_clustering,10,5,104,11.08%,58.000,71.000,84.000
Scenario 1,kmeans_clustering,10,6,113,12.03%,72.000,85.000,99.000
Scenario 1,kmeans_clustering,10,7,87,9.27%,86.000,103.000,114.000
Scenario 1,kmeans_clustering,10,8,59,6.28%,104.000,126.000,139.000
Scenario 1,kmeans_clustering,10,9,71,7.56%,128.000,167.000,179.000
Scenario 1,kmeans_clustering,10,10,72,7.67%,172.000,229.000,239.000
Scenario 2,kmeans_clustering,1,1,939,100.00%,14.400,229.000,239.000
Scenario 2,kmeans_clustering,2,1,720,76.68%,14.400,108.400,119.000
Scenario 2,kmeans_clustering,2,2,219,23.32%,109.200,229.000,239.000
Scenario 2,kmeans_clustering,3,1,486,51.76%,14.400,73.600,84.000
Scenario 2,kmeans_clustering,3,2,328,34.93%,73.800,139.800,154.000
Scenario 2,kmeans_clustering,3,3,125,13.31%,140.400,229.000,239.000
Scenario 2,kmeans_clustering,4,1,410,43.66%,14.400,64.200,79.000
Scenario 2,kmeans_clustering,4,2,310,33.01%,64.800,108.400,119.000
Scenario 2,kmeans_clustering,4,3,144,15.34%,109.200,165.400,179.000
Scenario 2,kmeans_clustering,4,4,75,7.99%,169.400,229.000,239.000
Scenario 2,kmeans_clustering,5,1,265,28.22%,14.400,50.000,64.000
Scenario 2,kmeans_clustering,5,2,273,29.07%,50.400,80.000,94.000
Scenario 2,kmeans_clustering,5,3,213,22.68%,80.800,117.200,129.000
Scenario 2,kmeans_clustering,5,4,113,12.03%,117.800,165.400,179.000
Scenario 2,kmeans_clustering,5,5,75,7.99%,169.400,229.000,239.000
Scenario 2,kmeans_clustering,6,1,166,17.68%,14.400,40.800,54.000
Scenario 2,kmeans_clustering,6,2,219,23.32%,41.000,61.200,74.000
Scenario 2,kmeans_clustering,6,3,182,19.38%,61.800,85.800,99.000
Scenario 2,kmeans_clustering,6,4,190,20.23%,86.400,119.400,134.000
Scenario 2,kmeans_clustering,6,5,108,11.50%,120.400,169.400,184.000
Scenario 2,kmeans_clustering,6,6,74,7.88%,174.800,229.000,239.000
Scenario 2,kmeans_clustering,7,1,108,11.50%,14.400,35.000,49.000
Scenario 2,kmeans_clustering,7,2,163,17.36%,35.200,50.600,64.000
Scenario 2,kmeans_clustering,7,3,173,18.42%,51.200,68.400,79.000
Scenario 2,kmeans_clustering,7,4,148,15.76%,68.600,90.000,104.000
Scenario 2,kmeans_clustering,7,5,169,18.00%,90.400,121.000,134.000
Scenario 2,kmeans_clustering,7,6,104,11.08%,121.800,169.400,184.000
Scenario 2,kmeans_clustering,7,7,74,7.88%,174.800,229.000,239.000
Scenario 2,kmeans_clustering,8,1,104,11.08%,14.400,33.800,44.000
Scenario 2,kmeans_clustering,8,2,143,15.23%,34.400,48.200,59.000
Scenario 2,kmeans_clustering,8,3,163,17.36%,48.800,64.200,79.000
Scenario 2,kmeans_clustering,8,4,148,15.76%,64.800,84.200,99.000
Scenario 2,kmeans_clustering,8,5,149,15.87%,84.600,105.800,119.000
Scenario 2,kmeans_clustering,8,6,90,9.58%,106.800,132.200,144.000
Scenario 2,kmeans_clustering,8,7,68,7.24%,133.000,169.400,184.000
Scenario 2,kmeans_clustering,8,8,74,7.88%,174.800,229.000,239.000
Scenario 2,kmeans_clustering,9,1,91,9.69%,14.400,32.200,44.000
Scenario 2,kmeans_clustering,9,2,108,11.50%,32.800,44.400,59.000
Scenario 2,kmeans_clustering,9,3,145,15.44%,44.600,57.200,69.000
Scenario 2,kmeans_clustering,9,4,126,13.42%,57.600,71.400,84.000
Scenario 2,kmeans_clustering,9,5,114,12.14%,72.000,88.200,99.000
Scenario 2,kmeans_clustering,9,6,139,14.80%,88.800,109.200,124.000
Scenario 2,kmeans_clustering,9,7,79,8.41%,109.800,134.800,149.000
Scenario 2,kmeans_clustering,9,8,64,6.82%,135.400,174.800,189.000
Scenario 2,kmeans_clustering,9,9,73,7.77%,175.600,229.000,239.000
Scenario 2,kmeans_clustering,10,1,87,9.27%,14.400,31.400,44.000
Scenario 2,kmeans_clustering,10,2,92,9.80%,32.000,41.800,54.000
Scenario 2,kmeans_clustering,10,3,97,10.33%,42.000,51.400,64.000
Scenario 2,kmeans_clustering,10,4,134,14.27%,52.000,64.200,79.000
Scenario 2,kmeans_clustering,10,5,116,12.35%,64.800,78.400,89.000
Scenario 2,kmeans_clustering,10,6,92,9.80%,79.000,93.400,104.000
Scenario 2,kmeans_clustering,10,7,112,11.93%,93.800,111.200,124.000
Scenario 2,kmeans_clustering,10,8,73,7.77%,112.200,135.400,149.000
Scenario 2,kmeans_clustering,10,9,63,6.71%,136.200,174.800,189.000
Scenario 2,kmeans_clustering,10,10,73,7.77%,175.600,229.000,239.000
Scenario 3,kmeans_clustering,1,1,939,100.00%,21.600,229.000,239.000
Scenario 3,kmeans_clustering,2,1,597,63.58%,21.600,103.000,114.000
Scenario 3,kmeans_clustering,2,2,342,36.42%,103.800,229.000,239.000
Scenario 3,kmeans_clustering,3,1,467,49.73%,21.600,82.400,94.000
Scenario 3,kmeans_clustering,3,2,348,37.06%,82.600,147.200,159.000
Scenario 3,kmeans_clustering,3,3,124,13.21%,148.600,229.000,239.000
Scenario 3,kmeans_clustering,4,1,340,36.21%,21.600,65.000,79.000
Scenario 3,kmeans_clustering,4,2,254,27.05%,65.800,102.000,114.000
Scenario 3,kmeans_clustering,4,3,242,25.77%,102.800,155.600,169.000
Scenario 3,kmeans_clustering,4,4,103,10.97%,157.800,229.000,239.000
Scenario 3,kmeans_clustering,5,1,311,33.12%,21.600,61.600,74.000
Scenario 3,kmeans_clustering,5,2,222,23.64%,61.800,92.200,104.000
Scenario 3,kmeans_clustering,5,3,213,22.68%,92.600,125.800,139.000
Scenario 3,kmeans_clustering,5,4,114,12.14%,126.800,171.800,184.000
Scenario 3,kmeans_clustering,5,5,79,8.41%,172.800,229.000,239.000
Scenario 3,kmeans_clustering,6,1,158,16.83%,21.600,49.400,64.000
Scenario 3,kmeans_clustering,6,2,242,25.77%,49.600,72.800,84.000
Scenario 3,kmeans_clustering,6,3,189,20.13%,73.000,100.600,114.000
Scenario 3,kmeans_clustering,6,4,183,19.49%,101.000,131.800,144.000
Scenario 3,kmeans_clustering,6,5,89,9.48%,132.800,172.800,184.000
Scenario 3,kmeans_clustering,6,6,78,8.31%,177.000,229.000,239.000
Scenario 3,kmeans_clustering,7,1,124,13.21%,21.600,45.400,59.000
Scenario 3,kmeans_clustering,7,2,192,20.45%,45.800,62.000,74.000
Scenario 3,kmeans_clustering,7,3,141,15.02%,63.000,80.800,94.000
Scenario 3,kmeans_clustering,7,4,140,14.91%,81.200,103.000,114.000
Scenario 3,kmeans_clustering,7,5,175,18.64%,103.800,131.800,144.000
Scenario 3,kmeans_clustering,7,6,89,9.48%,132.800,172.800,184.000
Scenario 3,kmeans_clustering,7,7,78,8.31%,177.000,229.000,239.000
Scenario 3,kmeans_clustering,8,1,117,12.46%,21.600,44.400,59.000
Scenario 3,kmeans_clustering,8,2,172,18.32%,44.800,59.000,69.000
Scenario 3,kmeans_clustering,8,3,120,12.78%,60.000,74.000,84.000
Scenario 3,kmeans_clustering,8,4,121,12.89%,74.600,91.600,104.000
Scenario 3,kmeans_clustering,8,5,123,13.10%,92.000,110.800,124.000
Scenario 3,kmeans_clustering,8,6,126,13.42%,111.200,134.800,149.000
Scenario 3,kmeans_clustering,8,7,82,8.73%,136.200,172.800,184.000
Scenario 3,kmeans_clustering,8,8,78,8.31%,177.000,229.000,239.000
Scenario 3,kmeans_clustering,9,1,99,10.54%,21.600,41.800,54.000
Scenario 3,kmeans_clustering,9,2,102,10.86%,42.200,53.000,64.000
Scenario 3,kmeans_clustering,9,3,140,14.91%,53.200,65.800,79.000
Scenario 3,kmeans_clustering,9,4,124,13.21%,66.000,82.000,94.000
Scenario 3,kmeans_clustering,9,5,127,13.53%,82.400,101.600,114.000
Scenario 3,kmeans_clustering,9,6,143,15.23%,102.000,122.800,134.000
Scenario 3,kmeans_clustering,9,7,79,8.41%,123.200,146.400,159.000
Scenario 3,kmeans_clustering,9,8,52,5.54%,147.200,179.400,194.000
Scenario 3,kmeans_clustering,9,9,73,7.77%,189.600,229.000,239.000
Scenario 3,kmeans_clustering,10,1,95,10.12%,21.600,41.200,54.000
Scenario 3,kmeans_clustering,10,2,96,10.22%,41.600,51.800,64.000
Scenario 3,kmeans_clustering,10,3,125,13.31%,52.000,62.000,74.000
Scenario 3,kmeans_clustering,10,4,93,9.90%,63.000,74.000,84.000
Scenario 3,kmeans_clustering,10,5,97,10.33%,74.600,87.400,99.000
Scenario 3,kmeans_clustering,10,6,91,9.69%,87.800,103.000,114.000
Scenario 3,kmeans_clustering,10,7,139,14.80%,103.800,123.200,134.000
Scenario 3,kmeans_clustering,10,8,78,8.31%,123.600,146.400,159.000
Scenario 3,kmeans_clustering,10,9,52,5.54%,147.200,179.400,194.000
Scenario 3,kmeans_clustering,10,10,73,7.77%,189.600,229.000,239.000
Scenario 4,kmeans_clustering,1,1,939,100.00%,27.400,229.000,239.000
Scenario 4,kmeans_clustering,2,1,550,58.57%,27.400,108.400,119.000
Scenario 4,kmeans_clustering,2,2,389,41.43%,109.000,229.000,239.000
Scenario 4,kmeans_clustering,3,1,473,50.37%,27.400,93.000,104.000
Scenario 4,kmeans_clustering,3,2,347,36.95%,93.400,156.600,169.000
Scenario 4,kmeans_clustering,3,3,119,12.67%,157.800,229.000,239.000
Scenario 4,kmeans_clustering,4,1,317,33.76%,27.400,71.200,84.000
Scenario 4,kmeans_clustering,4,2,239,25.45%,71.600,110.200,124.000
Scenario 4,kmeans_clustering,4,3,283,30.14%,111.000,164.000,174.000
Scenario 4,kmeans_clustering,4,4,100,10.65%,166.200,229.000,239.000
Scenario 4,kmeans_clustering,5,1,313,33.33%,27.400,70.000,84.000
Scenario 4,kmeans_clustering,5,2,216,23.00%,70.600,103.800,114.000
Scenario 4,kmeans_clustering,5,3,213,22.68%,104.400,136.000,149.000
Scenario 4,kmeans_clustering,5,4,112,11.93%,136.200,175.600,189.000
Scenario 4,kmeans_clustering,5,5,85,9.05%,177.000,229.000,239.000
Scenario 4,kmeans_clustering,6,1,174,18.53%,27.400,55.600,69.000
Scenario 4,kmeans_clustering,6,2,172,18.32%,56.000,76.000,89.000
Scenario 4,kmeans_clustering,6,3,190,20.23%,76.600,105.800,119.000
Scenario 4,kmeans_clustering,6,4,212,22.58%,106.200,136.600,149.000
Scenario 4,kmeans_clustering,6,5,106,11.29%,137.200,175.600,189.000
Scenario 4,kmeans_clustering,6,6,85,9.05%,177.000,229.000,239.000
Scenario 4,kmeans_clustering,7,1,140,14.91%,27.400,53.400,64.000
Scenario 4,kmeans_clustering,7,2,177,18.85%,53.600,71.200,84.000
Scenario 4,kmeans_clustering,7,3,156,16.61%,71.600,93.000,104.000
Scenario 4,kmeans_clustering,7,4,111,11.82%,93.400,115.800,129.000
Scenario 4,kmeans_clustering,7,5,194,20.66%,116.800,142.200,154.000
Scenario 4,kmeans_clustering,7,6,78,8.31%,143.000,178.400,189.000
Scenario 4,kmeans_clustering,7,7,83,8.84%,184.000,229.000,239.000
Scenario 4,kmeans_clustering,8,1,107,11.40%,27.400,50.400,64.000
Scenario 4,kmeans_clustering,8,2,151,16.08%,50.800,62.400,74.000
Scenario 4,kmeans_clustering,8,3,91,9.69%,63.000,77.000,89.000
Scenario 4,kmeans_clustering,8,4,130,13.84%,77.200,94.400,109.000
Scenario 4,kmeans_clustering,8,5,105,11.18%,94.800,115.800,129.000
Scenario 4,kmeans_clustering,8,6,194,20.66%,116.800,142.200,154.000
Scenario 4,kmeans_clustering,8,7,78,8.31%,143.000,178.400,189.000
Scenario 4,kmeans_clustering,8,8,83,8.84%,184.000,229.000,239.000
Scenario 4,kmeans_clustering,9,1,97,10.33%,27.400,49.600,64.000
Scenario 4,kmeans_clustering,9,2,155,16.51%,50.000,61.400,74.000
Scenario 4,kmeans_clustering,9,3,83,8.84%,61.600,74.200,89.000
Scenario 4,kmeans_clustering,9,4,110,11.71%,74.800,89.200,104.000
Scenario 4,kmeans_clustering,9,5,99,10.54%,89.600,107.400,119.000
Scenario 4,kmeans_clustering,9,6,127,13.53%,107.800,126.800,139.000
Scenario 4,kmeans_clustering,9,7,126,13.42%,127.400,147.400,159.000
Scenario 4,kmeans_clustering,9,8,59,6.28%,148.600,178.400,189.000
Scenario 4,kmeans_clustering,9,9,83,8.84%,184.000,229.000,239.000
Scenario 4,kmeans_clustering,10,1,79,8.41%,27.400,47.600,59.000
Scenario 4,kmeans_clustering,10,2,98,10.44%,47.800,56.200,69.000
Scenario 4,kmeans_clustering,10,3,109,11.61%,56.400,66.400,79.000
Scenario 4,kmeans_clustering,10,4,81,8.63%,66.800,79.200,94.000
Scenario 4,kmeans_clustering,10,5,105,11.18%,79.400,92.400,104.000
Scenario 4,kmeans_clustering,10,6,80,8.52%,93.000,109.400,124.000
Scenario 4,kmeans_clustering,10,7,119,12.67%,109.800,126.800,139.000
Scenario 4,kmeans_clustering,10,8,126,13.42%,127.400,147.400,159.000
Scenario 4,kmeans_clustering,10,9,59,6.28%,148.600,178.400,189.000
Scenario 4,kmeans_clustering,10,10,83,8.84%,184.000,229.000,239.000
Scenario 5,kmeans_clustering,1,1,939,100.00%,32.600,229.000,239.000
Scenario 5,kmeans_clustering,2,1,517,55.06%,32.600,114.200,129.000
Scenario 5,kmeans_clustering,2,2,422,44.94%,114.800,229.000,239.000
Scenario 5,kmeans_clustering,3,1,388,41.32%,32.600,93.600,104.000
Scenario 5,kmeans_clustering,3,2,373,39.72%,93.800,153.200,164.000
Scenario 5,kmeans_clustering,3,3,178,18.96%,153.600,229.000,239.000
Scenario 5,kmeans_clustering,4,1,315,33.55%,32.600,78.200,89.000
Scenario 5,kmeans_clustering,4,2,226,24.07%,78.400,120.800,134.000
Scenario 5,kmeans_clustering,4,3,311,33.12%,121.400,174.200,189.000
Scenario 5,kmeans_clustering,4,4,87,9.27%,177.000,229.000,239.000
Scenario 5,kmeans_clustering,5,1,213,22.68%,32.600,61.800,74.000
Scenario 5,kmeans_clustering,5,2,116,12.35%,62.000,83.000,94.000
Scenario 5,kmeans_clustering,5,3,215,22.90%,84.600,121.400,134.000
Scenario 5,kmeans_clustering,5,4,308,32.80%,122.200,174.200,189.000
Scenario 5,kmeans_clustering,5,5,87,9.27%,177.000,229.000,239.000
Scenario 5,kmeans_clustering,6,1,212,22.58%,32.600,61.400,74.000
Scenario 5,kmeans_clustering,6,2,114,12.14%,61.800,81.800,94.000
Scenario 5,kmeans_clustering,6,3,194,20.66%,82.800,115.600,129.000
Scenario 5,kmeans_clustering,6,4,228,24.28%,116.200,147.800,159.000
Scenario 5,kmeans_clustering,6,5,105,11.18%,148.400,177.000,189.000
Scenario 5,kmeans_clustering,6,6,86,9.16%,190.000,229.000,239.000
Scenario 5,kmeans_clustering,7,1,212,22.58%,32.600,61.400,74.000
Scenario 5,kmeans_clustering,7,2,113,12.03%,61.800,81.000,94.000
Scenario 5,kmeans_clustering,7,3,181,19.28%,81.800,107.200,119.000
Scenario 5,kmeans_clustering,7,4,89,9.48%,110.000,131.200,144.000
Scenario 5,kmeans_clustering,7,5,165,17.57%,132.000,151.200,164.000
Scenario 5,kmeans_clustering,7,6,93,9.90%,153.200,177.000,189.000
Scenario 5,kmeans_clustering,7,7,86,9.16%,190.000,229.000,239.000
Scenario 5,kmeans_clustering,8,1,97,10.33%,32.600,55.200,69.000
Scenario 5,kmeans_clustering,8,2,144,15.34%,55.400,64.400,79.000
Scenario 5,kmeans_clustering,8,3,85,9.05%,64.600,81.800,94.000
Scenario 5,kmeans_clustering,8,4,180,19.17%,82.800,107.200,119.000
Scenario 5,kmeans_clustering,8,5,89,9.48%,110.000,131.200,144.000
Scenario 5,kmeans_clustering,8,6,165,17.57%,132.000,151.200,164.000
Scenario 5,kmeans_clustering,8,7,93,9.90%,153.200,177.000,189.000
Scenario 5,kmeans_clustering,8,8,86,9.16%,190.000,229.000,239.000
Scenario 5,kmeans_clustering,9,1,14,1.49%,32.600,44.000,54.000
Scenario 5,kmeans_clustering,9,2,195,20.77%,49.000,60.800,74.000
Scenario 5,kmeans_clustering,9,3,101,10.76%,61.400,76.000,89.000
Scenario 5,kmeans_clustering,9,4,69,7.35%,77.600,92.200,104.000
Scenario 5,kmeans_clustering,9,5,129,13.74%,92.600,110.200,124.000
Scenario 5,kmeans_clustering,9,6,87,9.27%,111.800,131.200,144.000
Scenario 5,kmeans_clustering,9,7,165,17.57%,132.000,151.200,164.000
Scenario 5,kmeans_clustering,9,8,93,9.90%,153.200,177.000,189.000
Scenario 5,kmeans_clustering,9,9,86,9.16%,190.000,229.000,239.000
Scenario 5,kmeans_clustering,10,1,14,1.49%,32.600,44.000,54.000
Scenario 5,kmeans_clustering,10,2,195,20.77%,49.000,60.800,74.000
Scenario 5,kmeans_clustering,10,3,101,10.76%,61.400,76.000,89.000
Scenario 5,kmeans_clustering,10,4,69,7.35%,77.600,92.200,104.000
Scenario 5,kmeans_clustering,10,5,127,13.53%,92.600,107.200,119.000
Scenario 5,kmeans_clustering,10,6,53,5.64%,110.000,125.000,139.000
Scenario 5,kmeans_clustering,10,7,85,9.05%,126.000,137.600,149.000
Scenario 5,kmeans_clustering,10,8,116,12.35%,137.800,151.200,164.000
Scenario 5,kmeans_clustering,10,9,93,9.90%,153.200,177.000,189.000
Scenario 5,kmeans_clustering,10,10,86,9.16%,190.000,229.000,239.000
Scenario 6,kmeans_clustering,1,1,939,100.00%,34.000,234.000,239.000
Scenario 6,kmeans_clustering,2,1,493,52.50%,34.000,104.000,114.000
Scenario 6,kmeans_clustering,2,2,446,47.50%,119.000,234.000,239.000
Scenario 6,kmeans_clustering,3,1,318,33.87%,34.000,80.000,94.000
Scenario 6,kmeans_clustering,3,2,250,26.62%,89.000,134.000,144.000
Scenario 6,kmeans_clustering,3,3,371,39.51%,139.000,234.000,239.000
Scenario 6,kmeans_clustering,4,1,318,33.87%,34.000,80.000,94.000
Scenario 6,kmeans_clustering,4,2,194,20.66%,89.000,119.000,129.000
Scenario 6,kmeans_clustering,4,3,255,27.16%,124.000,164.000,174.000
Scenario 6,kmeans_clustering,4,4,172,18.32%,169.000,234.000,239.000
Scenario 6,kmeans_clustering,5,1,232,24.71%,34.000,64.000,74.000
Scenario 6,kmeans_clustering,5,2,86,9.16%,65.000,80.000,94.000
Scenario 6,kmeans_clustering,5,3,229,24.39%,89.000,125.000,139.000
Scenario 6,kmeans_clustering,5,4,240,25.56%,129.000,169.000,179.000
Scenario 6,kmeans_clustering,5,5,152,16.19%,174.000,234.000,239.000
Scenario 6,kmeans_clustering,6,1,194,20.66%,34.000,62.000,74.000
Scenario 6,kmeans_clustering,6,2,124,13.21%,63.000,80.000,94.000
Scenario 6,kmeans_clustering,6,3,175,18.64%,89.000,104.000,114.000
Scenario 6,kmeans_clustering,6,4,75,7.99%,119.000,134.000,144.000
Scenario 6,kmeans_clustering,6,5,219,23.32%,139.000,169.000,179.000
Scenario 6,kmeans_clustering,6,6,152,16.19%,174.000,234.000,239.000
Scenario 6,kmeans_clustering,7,1,194,20.66%,34.000,62.000,74.000
Scenario 6,kmeans_clustering,7,2,116,12.35%,63.000,76.000,89.000
Scenario 6,kmeans_clustering,7,3,41,4.37%,78.000,95.000,109.000
Scenario 6,kmeans_clustering,7,4,196,20.87%,99.000,125.000,139.000
Scenario 6,kmeans_clustering,7,5,183,19.49%,129.000,150.000,164.000
Scenario 6,kmeans_clustering,7,6,121,12.89%,159.000,177.000,189.000
Scenario 6,kmeans_clustering,7,7,88,9.37%,190.000,234.000,239.000
Scenario 6,kmeans_clustering,8,1,192,20.45%,34.000,60.000,74.000
Scenario 6,kmeans_clustering,8,2,46,4.90%,62.000,67.000,79.000
Scenario 6,kmeans_clustering,8,3,80,8.52%,69.000,80.000,94.000
Scenario 6,kmeans_clustering,8,4,175,18.64%,89.000,104.000,114.000
Scenario 6,kmeans_clustering,8,5,75,7.99%,119.000,134.000,144.000
Scenario 6,kmeans_clustering,8,6,162,17.25%,139.000,150.000,164.000
Scenario 6,kmeans_clustering,8,7,121,12.89%,159.000,177.000,189.000
Scenario 6,kmeans_clustering,8,8,88,9.37%,190.000,234.000,239.000
Scenario 6,kmeans_clustering,9,1,192,20.45%,34.000,60.000,74.000
Scenario 6,kmeans_clustering,9,2,46,4.90%,62.000,67.000,79.000
Scenario 6,kmeans_clustering,9,3,80,8.52%,69.000,80.000,94.000
Scenario 6,kmeans_clustering,9,4,99,10.54%,89.000,99.000,109.000
Scenario 6,kmeans_clustering,9,5,76,8.09%,102.000,104.000,114.000
Scenario 6,kmeans_clustering,9,6,75,7.99%,119.000,134.000,144.000
Scenario 6,kmeans_clustering,9,7,162,17.25%,139.000,150.000,164.000
Scenario 6,kmeans_clustering,9,8,121,12.89%,159.000,177.000,189.000
Scenario 6,kmeans_clustering,9,9,88,9.37%,190.000,234.000,239.000
Scenario 6,kmeans_clustering,10,1,192,20.45%,34.000,60.000,74.000
Scenario 6,kmeans_clustering,10,2,43,4.58%,62.000,66.000,79.000
Scenario 6,kmeans_clustering,10,3,76,8.09%,67.000,78.000,89.000
Scenario 6,kmeans_clustering,10,4,39,4.15%,79.000,93.000,104.000
Scenario 6,kmeans_clustering,10,5,143,15.23%,95.000,104.000,114.000
Scenario 6,kmeans_clustering,10,6,75,7.99%,119.000,134.000,144.000
Scenario 6,kmeans_clustering,10,7,117,12.46%,139.000,144.000,154.000
Scenario 6,kmeans_clustering,10,8,63,6.71%,149.000,160.000,174.000
Scenario 6,kmeans_clustering,10,9,104,11.08%,164.000,190.000,204.000
Scenario 6,kmeans_clustering,10,10,87,9.27%,192.000,234.000,239.000
