Config_ID,Method,Scenario,K,Slot_Sizes,Relative Slot Size Distribution,Source Sample
CFG_002,hierarchical_clustering,Scenario 1,2,"=""124,239""","=""0.8158,0.1842""",hierarchical_clustering|Scenario 1|K=2
CFG_003,hierarchical_clustering,Scenario 1,3,"=""69,124,239""","=""0.4622,0.3536,0.1842""",hierarchical_clustering|Scenario 1|K=3
CFG_004,hierarchical_clustering,Scenario 1,4,"=""69,124,189,239""","=""0.4622,0.3536,0.1118,0.0724""",hierarchical_clustering|Scenario 1|K=4
CFG_005,hierarchical_clustering,Scenario 1,5,"=""34,69,124,189,239""","=""0.1363,0.3259,0.3536,0.1118,0.0724""",hierarchical_clustering|Scenario 1|K=5
CFG_006,hierarchical_clustering,Scenario 1,6,"=""34,69,99,124,189,239""","=""0.1363,0.3259,0.2375,0.1161,0.1118,0.0724""",hierarchical_clustering|Scenario 1|K=6
CFG_007,hierarchical_clustering,Scenario 1,7,"=""34,69,99,124,154,189,239""","=""0.1363,0.3259,0.2375,0.1161,0.0809,0.0309,0.0724""",hierarchical_clustering|Scenario 1|K=7
CFG_008,hierarchical_clustering,Scenario 1,8,"=""34,59,69,99,124,154,189,239""","=""0.1363,0.1981,0.1278,0.2375,0.1161,0.0809,0.0309,0.0724""",hierarchical_clustering|Scenario 1|K=8
CFG_009,hierarchical_clustering,Scenario 1,9,"=""34,59,69,84,99,124,154,189,239""","=""0.1363,0.1981,0.1278,0.1246,0.1129,0.1161,0.0809,0.0309,0.0724""",hierarchical_clustering|Scenario 1|K=9
CFG_010,hierarchical_clustering,Scenario 1,10,"=""34,59,69,84,99,124,154,189,214,239""","=""0.1363,0.1981,0.1278,0.1246,0.1129,0.1161,0.0809,0.0309,0.0607,0.0117""",hierarchical_clustering|Scenario 1|K=10
CFG_012,hierarchical_clustering,Scenario 2,2,"=""124,239""","=""0.7774,0.2226""",hierarchical_clustering|Scenario 2|K=2
CFG_013,hierarchical_clustering,Scenario 2,3,"=""74,124,239""","=""0.4015,0.3759,0.2226""",hierarchical_clustering|Scenario 2|K=3
CFG_014,hierarchical_clustering,Scenario 2,4,"=""74,124,184,239""","=""0.4015,0.3759,0.1438,0.0788""",hierarchical_clustering|Scenario 2|K=4
CFG_015,hierarchical_clustering,Scenario 2,5,"=""74,94,124,184,239""","=""0.4015,0.1789,0.1970,0.1438,0.0788""",hierarchical_clustering|Scenario 2|K=5
CFG_016,hierarchical_clustering,Scenario 2,6,"=""44,74,94,124,184,239""","=""0.1108,0.2907,0.1789,0.1970,0.1438,0.0788""",hierarchical_clustering|Scenario 2|K=6
CFG_017,hierarchical_clustering,Scenario 2,7,"=""44,74,94,124,149,184,239""","=""0.1108,0.2907,0.1789,0.1970,0.0820,0.0618,0.0788""",hierarchical_clustering|Scenario 2|K=7
CFG_018,hierarchical_clustering,Scenario 2,8,"=""44,59,74,94,124,149,184,239""","=""0.1108,0.1523,0.1384,0.1789,0.1970,0.0820,0.0618,0.0788""",hierarchical_clustering|Scenario 2|K=8
CFG_019,hierarchical_clustering,Scenario 2,9,"=""44,59,74,94,124,149,184,219,239""","=""0.1108,0.1523,0.1384,0.1789,0.1970,0.0820,0.0618,0.0671,0.0117""",hierarchical_clustering|Scenario 2|K=9
CFG_020,hierarchical_clustering,Scenario 2,10,"=""44,59,74,94,109,124,149,184,219,239""","=""0.1108,0.1523,0.1384,0.1789,0.0852,0.1118,0.0820,0.0618,0.0671,0.0117""",hierarchical_clustering|Scenario 2|K=10
CFG_022,hierarchical_clustering,Scenario 3,2,"=""114,239""","=""0.6358,0.3642""",hierarchical_clustering|Scenario 3|K=2
CFG_023,hierarchical_clustering,Scenario 3,3,"=""114,194,239""","=""0.6358,0.2865,0.0777""",hierarchical_clustering|Scenario 3|K=3
CFG_024,hierarchical_clustering,Scenario 3,4,"=""84,114,194,239""","=""0.4026,0.2332,0.2865,0.0777""",hierarchical_clustering|Scenario 3|K=4
CFG_025,hierarchical_clustering,Scenario 3,5,"=""84,114,144,194,239""","=""0.4026,0.2332,0.1842,0.1022,0.0777""",hierarchical_clustering|Scenario 3|K=5
CFG_026,hierarchical_clustering,Scenario 3,6,"=""59,84,114,144,194,239""","=""0.1491,0.2535,0.2332,0.1842,0.1022,0.0777""",hierarchical_clustering|Scenario 3|K=6
CFG_027,hierarchical_clustering,Scenario 3,7,"=""59,84,94,114,144,194,239""","=""0.1491,0.2535,0.0958,0.1374,0.1842,0.1022,0.0777""",hierarchical_clustering|Scenario 3|K=7
CFG_028,hierarchical_clustering,Scenario 3,8,"=""59,84,94,114,144,169,194,239""","=""0.1491,0.2535,0.0958,0.1374,0.1842,0.0703,0.0319,0.0777""",hierarchical_clustering|Scenario 3|K=8
CFG_029,hierarchical_clustering,Scenario 3,9,"=""59,84,94,114,144,169,194,229,239""","=""0.1491,0.2535,0.0958,0.1374,0.1842,0.0703,0.0319,0.0671,0.0106""",hierarchical_clustering|Scenario 3|K=9
CFG_030,hierarchical_clustering,Scenario 3,10,"=""59,69,84,94,114,144,169,194,229,239""","=""0.1491,0.1289,0.1246,0.0958,0.1374,0.1842,0.0703,0.0319,0.0671,0.0106""",hierarchical_clustering|Scenario 3|K=10
CFG_032,hierarchical_clustering,Scenario 4,2,"=""119,239""","=""0.5857,0.4143""",hierarchical_clustering|Scenario 4|K=2
CFG_033,hierarchical_clustering,Scenario 4,3,"=""119,189,239""","=""0.5857,0.3259,0.0884""",hierarchical_clustering|Scenario 4|K=3
CFG_034,hierarchical_clustering,Scenario 4,4,"=""74,119,189,239""","=""0.2748,0.3110,0.3259,0.0884""",hierarchical_clustering|Scenario 4|K=4
CFG_035,hierarchical_clustering,Scenario 4,5,"=""74,119,154,189,239""","=""0.2748,0.3110,0.2535,0.0724,0.0884""",hierarchical_clustering|Scenario 4|K=5
CFG_036,hierarchical_clustering,Scenario 4,6,"=""74,94,119,154,189,239""","=""0.2748,0.1448,0.1661,0.2535,0.0724,0.0884""",hierarchical_clustering|Scenario 4|K=6
CFG_037,hierarchical_clustering,Scenario 4,7,"=""74,94,119,139,154,189,239""","=""0.2748,0.1448,0.1661,0.1459,0.1076,0.0724,0.0884""",hierarchical_clustering|Scenario 4|K=7
CFG_038,hierarchical_clustering,Scenario 4,8,"=""74,94,119,139,154,189,224,239""","=""0.2748,0.1448,0.1661,0.1459,0.1076,0.0724,0.0714,0.0170""",hierarchical_clustering|Scenario 4|K=8
CFG_039,hierarchical_clustering,Scenario 4,9,"=""59,74,94,119,139,154,189,224,239""","=""0.0980,0.1768,0.1448,0.1661,0.1459,0.1076,0.0724,0.0714,0.0170""",hierarchical_clustering|Scenario 4|K=9
CFG_040,hierarchical_clustering,Scenario 4,10,"=""59,74,94,104,119,139,154,189,224,239""","=""0.0980,0.1768,0.1448,0.0884,0.0777,0.1459,0.1076,0.0724,0.0714,0.0170""",hierarchical_clustering|Scenario 4|K=10
CFG_042,hierarchical_clustering,Scenario 5,2,"=""119,239""","=""0.5389,0.4611""",hierarchical_clustering|Scenario 5|K=2
CFG_043,hierarchical_clustering,Scenario 5,3,"=""119,189,239""","=""0.5389,0.3695,0.0916""",hierarchical_clustering|Scenario 5|K=3
CFG_044,hierarchical_clustering,Scenario 5,4,"=""89,119,189,239""","=""0.3301,0.2087,0.3695,0.0916""",hierarchical_clustering|Scenario 5|K=4
CFG_045,hierarchical_clustering,Scenario 5,5,"=""89,119,164,189,239""","=""0.3301,0.2087,0.2705,0.0990,0.0916""",hierarchical_clustering|Scenario 5|K=5
CFG_046,hierarchical_clustering,Scenario 5,6,"=""89,119,139,164,189,239""","=""0.3301,0.2087,0.0564,0.2141,0.0990,0.0916""",hierarchical_clustering|Scenario 5|K=6
CFG_047,hierarchical_clustering,Scenario 5,7,"=""89,119,139,164,189,219,239""","=""0.3301,0.2087,0.0564,0.2141,0.0990,0.0596,0.0319""",hierarchical_clustering|Scenario 5|K=7
CFG_048,hierarchical_clustering,Scenario 5,8,"=""74,89,119,139,164,189,219,239""","=""0.2077,0.1225,0.2087,0.0564,0.2141,0.0990,0.0596,0.0319""",hierarchical_clustering|Scenario 5|K=8
CFG_049,hierarchical_clustering,Scenario 5,9,"=""74,89,104,119,139,164,189,219,239""","=""0.2077,0.1225,0.0543,0.1544,0.0564,0.2141,0.0990,0.0596,0.0319""",hierarchical_clustering|Scenario 5|K=9
CFG_050,hierarchical_clustering,Scenario 5,10,"=""74,89,104,119,139,149,164,189,219,239""","=""0.2077,0.1225,0.0543,0.1544,0.0564,0.0980,0.1161,0.0990,0.0596,0.0319""",hierarchical_clustering|Scenario 5|K=10
CFG_052,hierarchical_clustering,Scenario 6,2,"=""114,239""","=""0.5250,0.4750""",hierarchical_clustering|Scenario 6|K=2
CFG_053,hierarchical_clustering,Scenario 6,3,"=""114,189,239""","=""0.5250,0.3813,0.0937""",hierarchical_clustering|Scenario 6|K=3
CFG_054,hierarchical_clustering,Scenario 6,4,"=""94,114,189,239""","=""0.3387,0.1864,0.3813,0.0937""",hierarchical_clustering|Scenario 6|K=4
CFG_055,hierarchical_clustering,Scenario 6,5,"=""94,114,164,189,239""","=""0.3387,0.1864,0.2524,0.1289,0.0937""",hierarchical_clustering|Scenario 6|K=5
CFG_056,hierarchical_clustering,Scenario 6,6,"=""94,114,144,164,189,239""","=""0.3387,0.1864,0.0799,0.1725,0.1289,0.0937""",hierarchical_clustering|Scenario 6|K=6
CFG_057,hierarchical_clustering,Scenario 6,7,"=""94,114,144,164,189,229,239""","=""0.3387,0.1864,0.0799,0.1725,0.1289,0.0596,0.0341""",hierarchical_clustering|Scenario 6|K=7
CFG_058,hierarchical_clustering,Scenario 6,8,"=""74,94,114,144,164,189,229,239""","=""0.2045,0.1342,0.1864,0.0799,0.1725,0.1289,0.0596,0.0341""",hierarchical_clustering|Scenario 6|K=8
CFG_059,hierarchical_clustering,Scenario 6,9,"=""54,74,94,114,144,164,189,229,239""","=""0.0149,0.1896,0.1342,0.1864,0.0799,0.1725,0.1289,0.0596,0.0341""",hierarchical_clustering|Scenario 6|K=9
CFG_060,hierarchical_clustering,Scenario 6,10,"=""54,74,94,109,114,144,164,189,229,239""","=""0.0149,0.1896,0.1342,0.0351,0.1512,0.0799,0.1725,0.1289,0.0596,0.0341""",hierarchical_clustering|Scenario 6|K=10
CFG_062,kmeans_clustering,Scenario 1,2,"=""114,239""","=""0.7849,0.2151""",kmeans_clustering|Scenario 1|K=2
CFG_063,kmeans_clustering,Scenario 1,3,"=""69,139,239""","=""0.4686,0.3791,0.1523""",kmeans_clustering|Scenario 1|K=3
CFG_064,kmeans_clustering,Scenario 1,4,"=""64,104,169,239""","=""0.4058,0.3301,0.1768,0.0873""",kmeans_clustering|Scenario 1|K=4
CFG_065,kmeans_clustering,Scenario 1,5,"=""49,79,119,174,239""","=""0.2226,0.3046,0.2694,0.1257,0.0777""",kmeans_clustering|Scenario 1|K=5
CFG_066,kmeans_clustering,Scenario 1,6,"=""44,69,99,134,179,239""","=""0.1938,0.2684,0.2364,0.1427,0.0820,0.0767""",kmeans_clustering|Scenario 1|K=6
CFG_067,kmeans_clustering,Scenario 1,7,"=""39,54,79,104,134,179,239""","=""0.1470,0.1715,0.2023,0.2077,0.1150,0.0799,0.0767""",kmeans_clustering|Scenario 1|K=7
CFG_068,kmeans_clustering,Scenario 1,8,"=""34,49,64,84,104,134,179,239""","=""0.1278,0.1076,0.1853,0.1512,0.1640,0.1086,0.0788,0.0767""",kmeans_clustering|Scenario 1|K=8
CFG_069,kmeans_clustering,Scenario 1,9,"=""34,44,59,69,84,104,134,179,239""","=""0.1203,0.0948,0.1108,0.1363,0.1246,0.1491,0.1086,0.0788,0.0767""",kmeans_clustering|Scenario 1|K=9
CFG_070,kmeans_clustering,Scenario 1,10,"=""34,44,54,69,84,99,114,139,179,239""","=""0.1118,0.0820,0.1246,0.1427,0.1108,0.1203,0.0927,0.0628,0.0756,0.0767""",kmeans_clustering|Scenario 1|K=10
CFG_072,kmeans_clustering,Scenario 2,2,"=""119,239""","=""0.7668,0.2332""",kmeans_clustering|Scenario 2|K=2
CFG_073,kmeans_clustering,Scenario 2,3,"=""84,154,239""","=""0.5176,0.3493,0.1331""",kmeans_clustering|Scenario 2|K=3
CFG_074,kmeans_clustering,Scenario 2,4,"=""79,119,179,239""","=""0.4366,0.3301,0.1534,0.0799""",kmeans_clustering|Scenario 2|K=4
CFG_075,kmeans_clustering,Scenario 2,5,"=""64,94,129,179,239""","=""0.2822,0.2907,0.2268,0.1203,0.0799""",kmeans_clustering|Scenario 2|K=5
CFG_076,kmeans_clustering,Scenario 2,6,"=""54,74,99,134,184,239""","=""0.1768,0.2332,0.1938,0.2023,0.1150,0.0788""",kmeans_clustering|Scenario 2|K=6
CFG_077,kmeans_clustering,Scenario 2,7,"=""49,64,79,104,134,184,239""","=""0.1150,0.1736,0.1842,0.1576,0.1800,0.1108,0.0788""",kmeans_clustering|Scenario 2|K=7
CFG_078,kmeans_clustering,Scenario 2,8,"=""44,59,79,99,119,144,184,239""","=""0.1108,0.1523,0.1736,0.1576,0.1587,0.0958,0.0724,0.0788""",kmeans_clustering|Scenario 2|K=8
CFG_079,kmeans_clustering,Scenario 2,9,"=""44,59,69,84,99,124,149,189,239""","=""0.0969,0.1150,0.1544,0.1342,0.1214,0.1480,0.0841,0.0682,0.0777""",kmeans_clustering|Scenario 2|K=9
CFG_080,kmeans_clustering,Scenario 2,10,"=""44,54,64,79,89,104,124,149,189,239""","=""0.0927,0.0980,0.1033,0.1427,0.1235,0.0980,0.1193,0.0777,0.0671,0.0777""",kmeans_clustering|Scenario 2|K=10
CFG_082,kmeans_clustering,Scenario 3,2,"=""114,239""","=""0.6358,0.3642""",kmeans_clustering|Scenario 3|K=2
CFG_083,kmeans_clustering,Scenario 3,3,"=""94,159,239""","=""0.4973,0.3706,0.1321""",kmeans_clustering|Scenario 3|K=3
CFG_084,kmeans_clustering,Scenario 3,4,"=""79,114,169,239""","=""0.3621,0.2705,0.2577,0.1097""",kmeans_clustering|Scenario 3|K=4
CFG_085,kmeans_clustering,Scenario 3,5,"=""74,104,139,184,239""","=""0.3312,0.2364,0.2268,0.1214,0.0841""",kmeans_clustering|Scenario 3|K=5
CFG_086,kmeans_clustering,Scenario 3,6,"=""64,84,114,144,184,239""","=""0.1683,0.2577,0.2013,0.1949,0.0948,0.0831""",kmeans_clustering|Scenario 3|K=6
CFG_087,kmeans_clustering,Scenario 3,7,"=""59,74,94,114,144,184,239""","=""0.1321,0.2045,0.1502,0.1491,0.1864,0.0948,0.0831""",kmeans_clustering|Scenario 3|K=7
CFG_088,kmeans_clustering,Scenario 3,8,"=""59,69,84,104,124,149,184,239""","=""0.1246,0.1832,0.1278,0.1289,0.1310,0.1342,0.0873,0.0831""",kmeans_clustering|Scenario 3|K=8
CFG_089,kmeans_clustering,Scenario 3,9,"=""54,64,79,94,114,134,159,194,239""","=""0.1054,0.1086,0.1491,0.1321,0.1353,0.1523,0.0841,0.0554,0.0777""",kmeans_clustering|Scenario 3|K=9
CFG_090,kmeans_clustering,Scenario 3,10,"=""54,64,74,84,99,114,134,159,194,239""","=""0.1012,0.1022,0.1331,0.0990,0.1033,0.0969,0.1480,0.0831,0.0554,0.0777""",kmeans_clustering|Scenario 3|K=10
CFG_092,kmeans_clustering,Scenario 4,2,"=""119,239""","=""0.5857,0.4143""",kmeans_clustering|Scenario 4|K=2
CFG_093,kmeans_clustering,Scenario 4,3,"=""104,169,239""","=""0.5037,0.3695,0.1267""",kmeans_clustering|Scenario 4|K=3
CFG_094,kmeans_clustering,Scenario 4,4,"=""84,124,174,239""","=""0.3376,0.2545,0.3014,0.1065""",kmeans_clustering|Scenario 4|K=4
CFG_095,kmeans_clustering,Scenario 4,5,"=""84,114,149,189,239""","=""0.3333,0.2300,0.2268,0.1193,0.0905""",kmeans_clustering|Scenario 4|K=5
CFG_096,kmeans_clustering,Scenario 4,6,"=""69,89,119,149,189,239""","=""0.1853,0.1832,0.2023,0.2258,0.1129,0.0905""",kmeans_clustering|Scenario 4|K=6
CFG_097,kmeans_clustering,Scenario 4,7,"=""64,84,104,129,154,189,239""","=""0.1491,0.1885,0.1661,0.1182,0.2066,0.0831,0.0884""",kmeans_clustering|Scenario 4|K=7
CFG_098,kmeans_clustering,Scenario 4,8,"=""64,74,89,109,129,154,189,239""","=""0.1140,0.1608,0.0969,0.1384,0.1118,0.2066,0.0831,0.0884""",kmeans_clustering|Scenario 4|K=8
CFG_099,kmeans_clustering,Scenario 4,9,"=""64,74,89,104,119,139,159,189,239""","=""0.1033,0.1651,0.0884,0.1171,0.1054,0.1353,0.1342,0.0628,0.0884""",kmeans_clustering|Scenario 4|K=9
CFG_100,kmeans_clustering,Scenario 4,10,"=""59,69,79,94,104,124,139,159,189,239""","=""0.0841,0.1044,0.1161,0.0863,0.1118,0.0852,0.1267,0.1342,0.0628,0.0884""",kmeans_clustering|Scenario 4|K=10
CFG_102,kmeans_clustering,Scenario 5,2,"=""129,239""","=""0.5506,0.4494""",kmeans_clustering|Scenario 5|K=2
CFG_103,kmeans_clustering,Scenario 5,3,"=""104,164,239""","=""0.4132,0.3972,0.1896""",kmeans_clustering|Scenario 5|K=3
CFG_104,kmeans_clustering,Scenario 5,4,"=""89,134,189,239""","=""0.3355,0.2407,0.3312,0.0927""",kmeans_clustering|Scenario 5|K=4
CFG_105,kmeans_clustering,Scenario 5,5,"=""74,94,134,189,239""","=""0.2268,0.1235,0.2290,0.3280,0.0927""",kmeans_clustering|Scenario 5|K=5
CFG_106,kmeans_clustering,Scenario 5,6,"=""74,94,129,159,189,239""","=""0.2258,0.1214,0.2066,0.2428,0.1118,0.0916""",kmeans_clustering|Scenario 5|K=6
CFG_107,kmeans_clustering,Scenario 5,7,"=""74,94,119,144,164,189,239""","=""0.2258,0.1203,0.1928,0.0948,0.1757,0.0990,0.0916""",kmeans_clustering|Scenario 5|K=7
CFG_108,kmeans_clustering,Scenario 5,8,"=""69,79,94,119,144,164,189,239""","=""0.1033,0.1534,0.0905,0.1917,0.0948,0.1757,0.0990,0.0916""",kmeans_clustering|Scenario 5|K=8
CFG_109,kmeans_clustering,Scenario 5,9,"=""54,74,89,104,124,144,164,189,239""","=""0.0149,0.2077,0.1076,0.0735,0.1374,0.0927,0.1757,0.0990,0.0916""",kmeans_clustering|Scenario 5|K=9
CFG_110,kmeans_clustering,Scenario 5,10,"=""54,74,89,104,119,139,149,164,189,239""","=""0.0149,0.2077,0.1076,0.0735,0.1353,0.0564,0.0905,0.1235,0.0990,0.0916""",kmeans_clustering|Scenario 5|K=10
CFG_112,kmeans_clustering,Scenario 6,2,"=""114,239""","=""0.5250,0.4750""",kmeans_clustering|Scenario 6|K=2
CFG_113,kmeans_clustering,Scenario 6,3,"=""94,144,239""","=""0.3387,0.2662,0.3951""",kmeans_clustering|Scenario 6|K=3
CFG_114,kmeans_clustering,Scenario 6,4,"=""94,129,174,239""","=""0.3387,0.2066,0.2716,0.1832""",kmeans_clustering|Scenario 6|K=4
CFG_115,kmeans_clustering,Scenario 6,5,"=""74,94,139,179,239""","=""0.2471,0.0916,0.2439,0.2556,0.1619""",kmeans_clustering|Scenario 6|K=5
CFG_116,kmeans_clustering,Scenario 6,6,"=""74,94,114,144,179,239""","=""0.2066,0.1321,0.1864,0.0799,0.2332,0.1619""",kmeans_clustering|Scenario 6|K=6
CFG_117,kmeans_clustering,Scenario 6,7,"=""74,89,109,139,164,189,239""","=""0.2066,0.1235,0.0437,0.2087,0.1949,0.1289,0.0937""",kmeans_clustering|Scenario 6|K=7
CFG_118,kmeans_clustering,Scenario 6,8,"=""74,79,94,114,144,164,189,239""","=""0.2045,0.0490,0.0852,0.1864,0.0799,0.1725,0.1289,0.0937""",kmeans_clustering|Scenario 6|K=8
CFG_119,kmeans_clustering,Scenario 6,9,"=""74,79,94,109,114,144,164,189,239""","=""0.2045,0.0490,0.0852,0.1054,0.0809,0.0799,0.1725,0.1289,0.0937""",kmeans_clustering|Scenario 6|K=9
CFG_120,kmeans_clustering,Scenario 6,10,"=""74,79,89,104,114,144,154,174,204,239""","=""0.2045,0.0458,0.0809,0.0415,0.1523,0.0799,0.1246,0.0671,0.1108,0.0927""",kmeans_clustering|Scenario 6|K=10
CFG_122,quantile_binning,Scenario 1,2,"=""74,239""","=""0.4973,0.5027""",quantile_binning|Scenario 1|K=2
CFG_123,quantile_binning,Scenario 1,3,"=""59,94,239""","=""0.3344,0.3280,0.3376""",quantile_binning|Scenario 1|K=3
CFG_124,quantile_binning,Scenario 1,4,"=""49,74,109,239""","=""0.2492,0.2481,0.2535,0.2492""",quantile_binning|Scenario 1|K=4
CFG_125,quantile_binning,Scenario 1,5,"=""44,64,84,119,239""","=""0.2002,0.2002,0.1960,0.2023,0.2013""",quantile_binning|Scenario 1|K=5
CFG_126,quantile_binning,Scenario 1,6,"=""39,59,74,94,129,239""","=""0.1683,0.1661,0.1629,0.1651,0.1661,0.1715""",quantile_binning|Scenario 1|K=6
CFG_127,quantile_binning,Scenario 1,7,"=""39,54,64,84,99,139,239""","=""0.1427,0.1470,0.1448,0.1374,0.1395,0.1470,0.1416""",quantile_binning|Scenario 1|K=7
CFG_128,quantile_binning,Scenario 1,8,"=""34,49,59,74,89,109,149,239""","=""0.1278,0.1214,0.1182,0.1299,0.1299,0.1235,0.1246,0.1246""",quantile_binning|Scenario 1|K=8
CFG_129,quantile_binning,Scenario 1,9,"=""34,49,59,69,79,94,114,149,239""","=""0.1118,0.1108,0.1118,0.1140,0.1076,0.1065,0.1140,0.1097,0.1140""",quantile_binning|Scenario 1|K=9
CFG_130,quantile_binning,Scenario 1,10,"=""29,44,54,64,74,84,99,119,159,239""","=""0.0990,0.1012,0.1001,0.1001,0.0969,0.0990,0.1033,0.0990,0.1012,0.1001""",quantile_binning|Scenario 1|K=10
CFG_132,quantile_binning,Scenario 2,2,"=""84,239""","=""0.5005,0.4995""",quantile_binning|Scenario 2|K=2
CFG_133,quantile_binning,Scenario 2,3,"=""64,109,239""","=""0.3312,0.3355,0.3333""",quantile_binning|Scenario 2|K=3
CFG_134,quantile_binning,Scenario 2,4,"=""59,84,119,239""","=""0.2481,0.2524,0.2481,0.2513""",quantile_binning|Scenario 2|K=4
CFG_135,quantile_binning,Scenario 2,5,"=""54,74,99,129,239""","=""0.2002,0.2002,0.1991,0.2002,0.2002""",quantile_binning|Scenario 2|K=5
CFG_136,quantile_binning,Scenario 2,6,"=""54,64,84,109,139,239""","=""0.1661,0.1651,0.1693,0.1661,0.1661,0.1672""",quantile_binning|Scenario 2|K=6
CFG_137,quantile_binning,Scenario 2,7,"=""49,64,74,94,114,149,239""","=""0.1427,0.1448,0.1406,0.1427,0.1438,0.1427,0.1427""",quantile_binning|Scenario 2|K=7
CFG_138,quantile_binning,Scenario 2,8,"=""49,59,69,84,104,119,154,239""","=""0.1246,0.1235,0.1278,0.1246,0.1246,0.1235,0.1267,0.1246""",quantile_binning|Scenario 2|K=8
CFG_139,quantile_binning,Scenario 2,9,"=""44,59,64,79,89,109,124,159,239""","=""0.1108,0.1118,0.1086,0.1150,0.1108,0.1097,0.1108,0.1118,0.1108""",quantile_binning|Scenario 2|K=9
CFG_140,quantile_binning,Scenario 2,10,"=""44,54,64,74,84,99,109,129,164,239""","=""0.0969,0.1033,0.0937,0.1065,0.1001,0.0990,0.1001,0.1001,0.1001,0.1001""",quantile_binning|Scenario 2|K=10
CFG_142,quantile_binning,Scenario 3,2,"=""94,239""","=""0.4984,0.5016""",quantile_binning|Scenario 3|K=2
CFG_143,quantile_binning,Scenario 3,3,"=""74,119,239""","=""0.3323,0.3344,0.3333""",quantile_binning|Scenario 3|K=3
CFG_144,quantile_binning,Scenario 3,4,"=""69,94,129,239""","=""0.2428,0.2556,0.2513,0.2503""",quantile_binning|Scenario 3|K=4
CFG_145,quantile_binning,Scenario 3,5,"=""64,84,109,139,239""","=""0.2002,0.1991,0.1991,0.2023,0.1991""",quantile_binning|Scenario 3|K=5
CFG_146,quantile_binning,Scenario 3,6,"=""59,74,94,119,149,239""","=""0.1651,0.1672,0.1661,0.1683,0.1640,0.1693""",quantile_binning|Scenario 3|K=6
CFG_147,quantile_binning,Scenario 3,7,"=""59,69,84,104,124,154,239""","=""0.1448,0.1395,0.1448,0.1416,0.1459,0.1416,0.1416""",quantile_binning|Scenario 3|K=7
CFG_148,quantile_binning,Scenario 3,8,"=""59,69,79,94,114,129,164,239""","=""0.1246,0.1182,0.1299,0.1257,0.1267,0.1246,0.1246,0.1257""",quantile_binning|Scenario 3|K=8
CFG_149,quantile_binning,Scenario 3,9,"=""54,64,74,89,104,119,134,169,239""","=""0.1108,0.1097,0.1118,0.1129,0.1118,0.1097,0.1108,0.1118,0.1108""",quantile_binning|Scenario 3|K=9
CFG_150,quantile_binning,Scenario 3,10,"=""54,64,69,84,94,109,124,139,174,239""","=""0.0990,0.1012,0.1012,0.0980,0.0990,0.1001,0.1001,0.1022,0.0990,0.1001""",quantile_binning|Scenario 3|K=10
CFG_152,quantile_binning,Scenario 4,2,"=""104,239""","=""0.5005,0.4995""",quantile_binning|Scenario 4|K=2
CFG_153,quantile_binning,Scenario 4,3,"=""84,134,239""","=""0.3333,0.3344,0.3323""",quantile_binning|Scenario 4|K=3
CFG_154,quantile_binning,Scenario 4,4,"=""74,104,144,239""","=""0.2481,0.2524,0.2471,0.2524""",quantile_binning|Scenario 4|K=4
CFG_155,quantile_binning,Scenario 4,5,"=""69,94,124,149,239""","=""0.1991,0.2034,0.1970,0.2002,0.2002""",quantile_binning|Scenario 4|K=5
CFG_156,quantile_binning,Scenario 4,6,"=""69,84,104,134,154,239""","=""0.1651,0.1683,0.1672,0.1672,0.1661,0.1661""",quantile_binning|Scenario 4|K=6
CFG_157,quantile_binning,Scenario 4,7,"=""64,74,94,119,139,164,239""","=""0.1427,0.1406,0.1438,0.1438,0.1438,0.1427,0.1427""",quantile_binning|Scenario 4|K=7
CFG_158,quantile_binning,Scenario 4,8,"=""64,74,89,104,129,144,169,239""","=""0.1235,0.1246,0.1267,0.1257,0.1257,0.1214,0.1278,0.1246""",quantile_binning|Scenario 4|K=8
CFG_159,quantile_binning,Scenario 4,9,"=""64,69,84,99,114,134,149,174,239""","=""0.1086,0.1193,0.1054,0.1118,0.1108,0.1118,0.1086,0.1118,0.1118""",quantile_binning|Scenario 4|K=9
CFG_160,quantile_binning,Scenario 4,10,"=""64,69,79,94,104,124,139,149,179,239""","=""0.1001,0.0990,0.1012,0.1022,0.0980,0.0990,0.1012,0.0990,0.1012,0.0990""",quantile_binning|Scenario 4|K=10
CFG_162,quantile_binning,Scenario 5,2,"=""114,239""","=""0.4995,0.5005""",quantile_binning|Scenario 5|K=2
CFG_163,quantile_binning,Scenario 5,3,"=""89,149,239""","=""0.3323,0.3344,0.3333""",quantile_binning|Scenario 5|K=3
CFG_164,quantile_binning,Scenario 5,4,"=""74,114,154,239""","=""0.2503,0.2492,0.2513,0.2492""",quantile_binning|Scenario 5|K=4
CFG_165,quantile_binning,Scenario 5,5,"=""69,104,139,159,239""","=""0.2002,0.1991,0.2002,0.2002,0.2002""",quantile_binning|Scenario 5|K=5
CFG_166,quantile_binning,Scenario 5,6,"=""69,89,114,149,169,239""","=""0.1619,0.1704,0.1672,0.1672,0.1672,0.1661""",quantile_binning|Scenario 5|K=6
CFG_167,quantile_binning,Scenario 5,7,"=""69,79,109,134,154,174,239""","=""0.1384,0.1502,0.1384,0.1448,0.1427,0.1416,0.1438""",quantile_binning|Scenario 5|K=7
CFG_168,quantile_binning,Scenario 5,8,"=""69,74,99,114,144,154,179,239""","=""0.1235,0.1267,0.1246,0.1246,0.1246,0.1267,0.1246,0.1246""",quantile_binning|Scenario 5|K=8
CFG_169,quantile_binning,Scenario 5,9,"=""69,74,89,109,129,149,159,184,239""","=""0.1108,0.1118,0.1097,0.1129,0.1097,0.1118,0.1118,0.1108,0.1108""",quantile_binning|Scenario 5|K=9
CFG_170,quantile_binning,Scenario 5,10,"=""69,69,79,104,114,139,149,159,184,239""","=""0.0969,0.1033,0.0990,0.1001,0.1001,0.1001,0.0980,0.1022,0.1001,0.1001""",quantile_binning|Scenario 5|K=10
CFG_172,quantile_binning,Scenario 6,2,"=""114,239""","=""0.5250,0.4750""",quantile_binning|Scenario 6|K=2
CFG_173,quantile_binning,Scenario 6,3,"=""89,149,239""","=""0.3312,0.2843,0.3845""",quantile_binning|Scenario 6|K=3
CFG_174,quantile_binning,Scenario 6,4,"=""79,114,154,239""","=""0.2503,0.2748,0.2045,0.2705""",quantile_binning|Scenario 6|K=4
CFG_175,quantile_binning,Scenario 6,5,"=""69,109,144,174,239""","=""0.1991,0.1747,0.2311,0.1917,0.2034""",quantile_binning|Scenario 6|K=5
CFG_176,quantile_binning,Scenario 6,6,"=""69,89,114,149,179,239""","=""0.1991,0.1321,0.1938,0.0905,0.2226,0.1619""",quantile_binning|Scenario 6|K=6
CFG_177,quantile_binning,Scenario 6,7,"=""69,79,109,134,154,179,239""","=""0.1991,0.0543,0.1906,0.1374,0.1480,0.1086,0.1619""",quantile_binning|Scenario 6|K=7
CFG_178,quantile_binning,Scenario 6,8,"=""69,79,109,114,149,154,184,239""","=""0.1991,0.0511,0.1235,0.1512,0.0905,0.1140,0.1757,0.0948""",quantile_binning|Scenario 6|K=8
CFG_179,quantile_binning,Scenario 6,9,"=""69,74,89,109,129,149,164,184,239""","=""0.0394,0.1683,0.1235,0.1129,0.1012,0.0703,0.1619,0.1278,0.0948""",quantile_binning|Scenario 6|K=9
CFG_180,quantile_binning,Scenario 6,10,"=""69,69,79,109,114,144,154,174,184,239""","=""0.0394,0.1597,0.1193,0.0554,0.1512,0.0799,0.1246,0.0671,0.1086,0.0948""",quantile_binning|Scenario 6|K=10
