Config_ID,Runtime_Seconds,Runtime_Minutes,Profile_Generation_Seconds,Profile_Shortlist_Seconds,Rack_Search_Seconds,Profile_Generation_Timeout,Rack_Search_Timeout,Layout_Feasible,Layout_Feasibility_Reason,Required_Locations_Total,Total_Locations,Capacity_Margin,Assigned_Used_Height_Total,Total_Allowed_Height,Space_Left,Beam_Relocations_Total,Initial_Beams_Total,Required_Beams_Total,Additional_Beams_Required,Initial_Grids_Total,Required_Grids_Total,Additional_Grids_Required,Percentage_Rack_Height_Used,Minimum_Required_Counts,Additional_Fill_Counts,Layout_Slot_Size_Distribution,Layout_Slot_Size_Cumulative_Coverage,Source_Slot_Sizes,Layout_Usable_Alignment_Conversions,Feasible_Profiles_Considered_Total,Feasible_Profiles_Used_Total
CFG_002,0.918,0.015,0.458,0.000,0.000,NO,NO,NO,Assigned locations (0) are below the required total (926); Capacity margin is negative (-926),926,0,-926,0.000,161356.000,161356.000,0,305,0,0,949,0,0,0.00,124:755|239:171,,,,"=""124,239""",0,0,0
CFG_003,0.933,0.016,0.001,0.000,0.678,NO,NO,YES,Feasible,926,1076,150,161356.000,161356.000,0.000,234,305,274,0,949,862,0,100.00,69:428|124:327|239:171,74:22|79:44|104:126|124:19|194:22|239:103,69:434|124:368|239:274,69:1076|124:642|239:274,"=""69,124,239""",0,10,5
CFG_004,9.597,0.160,0.002,0.000,9.337,NO,NO,YES,Feasible,926,1098,172,161356.000,161356.000,0.000,235,305,281,0,949,884,0,100.00,69:428|124:327|189:104|239:67,104:104|129:44|189:6|239:141,69:434|124:346|189:110|239:208,69:1098|124:664|189:318|239:208,"=""69,124,189,239""",0,22,3
CFG_005,1.144,0.019,0.031,0.000,0.768,NO,NO,YES,Feasible,926,1218,292,161356.000,161356.000,0.000,241,305,319,14,949,1004,55,100.00,34:126|69:302|124:327|189:104|239:67,39:38|44:22|54:44|74:22|129:22|139:66|189:154|239:15,34:192|69:312|124:374|189:258|239:82,34:1218|69:1026|124:714|189:340|239:82,"=""34,69,124,189,239""",0,92,7
CFG_006,1.655,0.028,0.092,0.000,1.150,NO,NO,YES,Feasible,926,1226,300,161356.000,161356.000,0.000,236,305,321,16,949,1012,63,100.00,34:126|69:302|99:220|124:107|189:104|239:67,39:44|64:16|74:22|114:44|129:22|139:44|189:182|239:21,34:172|69:306|99:220|124:154|189:286|239:88,34:1226|69:1054|99:748|124:528|189:374|239:88,"=""34,69,99,124,189,239""",0,210,7
CFG_007,2.498,0.042,0.242,0.000,1.441,NO,NO,YES,Feasible,926,1230,304,161356.000,161356.000,0.000,250,305,323,18,949,1016,67,100.00,34:126|69:302|99:220|124:107|154:75|189:29|239:67,39:22|49:22|74:22|104:66|124:25|154:29|174:60|189:113|239:43,34:154|69:308|99:220|124:132|154:164|189:142|239:110,34:1230|69:1076|99:768|124:548|154:416|189:252|239:110,"=""34,69,99,124,154,189,239""",0,353,8
CFG_008,4.829,0.080,0.695,0.000,2.392,NO,NO,YES,Feasible,926,1262,336,161356.000,161356.000,0.000,248,305,333,28,949,1048,99,100.00,34:126|59:183|69:118|99:220|124:108|154:75|189:29|239:67,34:6|39:22|59:15|74:22|89:16|104:22|124:2|154:57|174:44|189:113|239:43,34:154|59:198|69:152|99:220|124:110|154:176|189:142|239:110,34:1262|59:1108|69:910|99:758|124:538|154:428|189:252|239:110,"=""34,59,69,99,124,154,189,239""",0,835,9
CFG_009,10.098,0.168,1.793,0.000,4.359,NO,NO,YES,Feasible,926,1270,344,161356.000,161356.000,0.000,235,305,335,30,949,1056,107,100.00,34:126|59:183|69:118|84:115|99:105|124:108|154:75|189:29|239:67,39:66|64:22|69:2|84:11|99:5|129:22|154:35|159:22|174:44|189:125|239:43,34:178|59:186|69:120|84:126|99:110|124:110|154:176|189:154|239:110,34:1270|59:1092|69:906|84:786|99:660|124:550|154:440|189:264|239:110,"=""34,59,69,84,99,124,154,189,239""",0,1776,8
CFG_010,18.798,0.313,4.232,0.000,5.609,NO,NO,YES,Feasible,926,1272,346,161356.000,161356.000,0.000,248,305,336,31,949,1058,109,100.00,34:126|59:183|69:118|84:115|99:105|124:108|154:75|189:29|214:56|239:11,44:60|59:3|69:14|84:17|94:22|104:22|134:22|154:57|174:44|189:91|214:10|239:55,34:152|59:186|69:132|84:154|99:110|124:110|154:176|189:120|214:66|239:66,34:1272|59:1120|69:934|84:802|99:648|124:538|154:428|189:252|214:132|239:66,"=""34,59,69,84,99,124,154,189,214,239""",0,2205,9
CFG_012,0.848,0.014,0.419,0.000,5.609,NO,NO,NO,Assigned locations (0) are below the required total (926); Capacity margin is negative (-926),926,0,-926,0.000,161356.000,161356.000,0,305,0,0,949,0,0,0.00,124:720|239:206,,,,"=""124,239""",0,0,0
CFG_013,0.621,0.010,0.001,0.000,0.381,NO,NO,YES,Feasible,926,1054,128,161356.000,161356.000,0.000,234,305,267,0,949,840,0,100.00,74:372|124:348|239:206,79:22|104:126|114:22|194:22|239:68,74:412|124:368|239:274,74:1054|124:642|239:274,"=""74,124,239""",0,8,5
CFG_014,6.219,0.104,0.002,0.000,5.964,NO,NO,YES,Feasible,926,1076,150,161356.000,161356.000,0.000,234,305,274,0,949,862,0,100.00,74:372|124:348|184:133|239:73,104:104|114:22|134:22|154:44|184:21|239:91,74:390|124:368|184:154|239:164,74:1076|124:686|184:318|239:164,"=""74,124,184,239""",0,18,6
CFG_015,0.897,0.015,0.005,0.000,0.597,NO,NO,YES,Feasible,926,1152,226,161356.000,161356.000,0.000,240,305,298,0,949,938,0,100.00,74:372|94:166|124:182|184:133|239:73,89:16|99:44|104:22|134:22|154:44|184:109|239:31,74:372|94:220|124:214|184:242|239:104,74:1152|94:780|124:560|184:346|239:104,"=""74,94,124,184,239""",0,32,7
CFG_016,1.331,0.022,0.046,0.000,0.934,NO,NO,YES,Feasible,926,1180,254,161356.000,161356.000,0.000,259,305,307,2,949,966,17,100.00,44:103|74:269|94:166|124:182|184:133|239:73,54:22|64:22|84:66|94:4|134:22|154:44|184:153|239:3,44:126|74:280|94:170|124:242|184:286|239:76,44:1180|74:1054|94:774|124:604|184:362|239:76,"=""44,74,94,124,184,239""",0,194,7
CFG_017,1.894,0.032,0.085,0.000,1.314,NO,NO,YES,Feasible,926,1212,286,161356.000,161356.000,0.000,249,305,317,12,949,998,49,100.00,44:103|74:269|94:166|124:182|149:76|184:57|239:73,44:5|54:22|84:22|104:44|124:16|154:44|184:135|239:15,44:130|74:286|94:198|124:198|149:120|184:192|239:88,44:1212|74:1082|94:796|124:598|149:400|184:280|239:88,"=""44,74,94,124,149,184,239""",0,306,8
CFG_018,2.763,0.046,0.214,0.000,1.776,NO,NO,YES,Feasible,926,1238,312,161356.000,161356.000,0.000,239,305,325,20,949,1024,75,100.00,44:103|59:141|74:128|94:166|124:182|149:76|184:57|239:73,44:31|54:22|59:7|79:22|94:4|104:22|124:16|149:6|154:44|184:141|239:15,44:156|59:148|74:132|94:192|124:198|149:126|184:198|239:88,44:1238|59:1082|74:934|94:802|124:610|149:412|184:286|239:88,"=""44,59,74,94,124,149,184,239""",0,645,9
CFG_019,3.794,0.063,0.424,0.000,2.172,NO,NO,YES,Feasible,926,1224,298,161356.000,161356.000,0.000,241,305,321,16,949,1010,61,100.00,44:103|59:141|74:128|94:166|124:182|149:76|184:57|219:62|239:11,49:44|54:22|59:1|84:22|99:22|114:22|119:22|124:16|149:6|154:44|184:135|219:26|239:5,44:154|59:142|74:132|94:176|124:198|149:126|184:192|219:88|239:16,44:1224|59:1070|74:928|94:796|124:620|149:422|184:296|219:104|239:16,"=""44,59,74,94,124,149,184,219,239""",0,780,9
CFG_020,6.613,0.110,0.891,0.000,3.573,NO,NO,YES,Feasible,926,1224,298,161356.000,161356.000,0.000,247,305,321,16,949,1010,61,100.00,44:103|59:141|74:128|94:166|109:79|124:103|149:76|184:57|219:62|239:11,49:22|59:13|84:44|99:66|109:3|124:7|154:44|184:141|219:4|239:27,44:104|59:154|74:154|94:198|109:82|124:110|149:120|184:198|219:66|239:38,44:1224|59:1120|74:966|94:812|109:614|124:532|149:422|184:302|219:104|239:38,"=""44,59,74,94,109,124,149,184,219,239""",0,1351,9
CFG_022,0.864,0.014,0.420,0.000,0.001,NO,NO,NO,Assigned locations (856) are below the required total (926); Capacity margin is negative (-70),926,856,-70,161356.000,161356.000,0.000,204,305,204,0,949,642,0,100.00,114:589|239:337,239:91,114:428|239:428,114:856|239:428,"=""114,239""",0,1,1
CFG_023,0.425,0.007,0.000,0.000,0.214,NO,NO,YES,Feasible,926,966,40,161356.000,161356.000,0.000,229,305,239,0,949,752,0,100.00,114:589|194:265|239:72,124:44|154:110|159:44|194:21|239:4,114:604|194:286|239:76,114:966|194:362|239:76,"=""114,194,239""",0,4,4
CFG_024,2.533,0.042,0.002,0.000,2.299,NO,NO,YES,Feasible,926,1032,106,161356.000,161356.000,0.000,255,305,260,0,949,818,0,100.00,84:373|114:216|194:265|239:72,99:22|104:132|114:14|159:22|194:21|239:48,84:374|114:252|194:286|239:120,84:1032|114:658|194:406|239:120,"=""84,114,194,239""",0,13,4
CFG_025,0.826,0.014,0.004,0.000,0.554,NO,NO,YES,Feasible,926,1098,172,161356.000,161356.000,0.000,261,305,281,0,949,884,0,100.00,84:373|114:216|144:170|194:95|239:72,94:66|104:22|124:22|174:38|179:44|194:47|239:16,84:396|114:220|144:252|194:142|239:88,84:1098|114:702|144:482|194:230|239:88,"=""84,114,144,194,239""",0,27,7
CFG_026,1.035,0.017,0.019,0.000,0.724,NO,NO,YES,Feasible,926,1118,192,161356.000,161356.000,0.000,235,305,287,0,949,904,0,100.00,59:138|84:235|114:216|144:170|194:95|239:72,69:16|84:1|94:22|124:22|144:28|174:22|179:22|194:53|239:38,59:140|84:258|114:220|144:242|194:148|239:110,59:1118|84:978|114:720|144:500|194:258|239:110,"=""59,84,114,144,194,239""",0,92,10
CFG_027,1.377,0.023,0.042,0.000,0.970,NO,NO,YES,Feasible,926,1134,208,161356.000,161356.000,0.000,229,305,292,0,949,920,0,100.00,59:138|84:235|94:89|114:127|144:170|194:95|239:72,69:22|84:23|94:9|124:22|129:22|144:50|174:22|194:59|239:38,59:140|84:258|94:98|114:132|144:242|194:154|239:110,59:1134|84:994|94:736|114:638|144:506|194:264|239:110,"=""59,84,94,114,144,194,239""",0,191,10
CFG_028,1.876,0.031,0.073,0.000,1.305,NO,NO,YES,Feasible,926,1162,236,161356.000,161356.000,0.000,247,305,301,0,949,948,0,100.00,59:138|84:235|94:89|114:127|144:171|169:65|194:29|239:72,59:2|69:44|84:7|94:15|129:22|144:5|169:67|174:22|194:31|239:38,59:184|84:242|94:104|114:132|144:176|169:154|194:60|239:110,59:1162|84:978|94:736|114:632|144:500|169:324|194:170|239:110,"=""59,84,94,114,144,169,194,239""",0,281,9
CFG_029,2.271,0.038,0.134,0.000,1.568,NO,NO,YES,Feasible,926,1158,232,161356.000,161356.000,0.000,251,305,300,0,949,944,0,100.00,59:138|84:235|94:89|114:127|144:171|169:65|194:29|229:62|239:10,69:16|74:22|89:66|94:9|119:22|144:5|169:45|174:22|194:31|229:4|239:50,59:170|84:264|94:98|114:132|144:176|169:132|194:60|229:66|239:60,59:1158|84:988|94:724|114:626|144:494|169:318|194:186|229:126|239:60,"=""59,84,94,114,144,169,194,229,239""",0,348,9
CFG_030,3.227,0.054,0.272,0.000,2.069,NO,NO,YES,Feasible,926,1162,236,161356.000,161356.000,0.000,238,305,301,0,949,948,0,100.00,59:138|69:119|84:115|94:89|114:127|144:171|169:65|194:30|229:62|239:10,64:38|69:7|79:22|84:5|94:3|114:5|134:22|144:5|169:45|174:22|194:58|229:4|239:34,59:142|69:148|84:120|94:92|114:154|144:176|169:132|194:88|229:66|239:44,59:1162|69:1020|84:872|94:752|114:660|144:506|169:330|194:198|229:110|239:44,"=""59,69,84,94,114,144,169,194,229,239""",0,629,9
CFG_032,0.898,0.015,0.448,0.000,2.069,NO,NO,NO,Assigned locations (0) are below the required total (926); Capacity margin is negative (-926),926,0,-926,0.000,161356.000,161356.000,0,305,0,0,949,0,0,0.00,119:542|239:384,,,,"=""119,239""",0,0,0
CFG_033,0.379,0.006,0.000,0.000,0.182,NO,NO,YES,Feasible,926,944,18,161356.000,161356.000,0.000,228,305,232,0,949,730,0,100.00,119:542|189:302|239:82,139:44|144:88|159:82,119:560|189:302|239:82,119:944|189:384|239:82,"=""119,189,239""",0,3,3
CFG_034,5.943,0.099,0.002,0.000,5.713,NO,NO,YES,Feasible,926,1010,84,161356.000,161356.000,0.000,228,305,253,0,949,796,0,100.00,74:254|119:288|189:302|239:82,79:44|109:60|139:88|189:6|239:38,74:258|119:324|189:308|239:120,74:1010|119:752|189:428|239:120,"=""74,119,189,239""",0,18,5
CFG_035,0.945,0.016,0.004,0.000,0.633,NO,NO,YES,Feasible,926,1092,166,161356.000,161356.000,0.000,242,305,279,0,949,878,0,100.00,74:254|119:288|154:235|189:67|239:82,74:4|79:44|144:44|159:44|174:22|189:53|239:6,74:302|119:296|154:286|189:120|239:88,74:1092|119:790|154:494|189:208|239:88,"=""74,119,154,189,239""",0,37,8
CFG_036,0.941,0.016,0.010,0.000,0.649,NO,NO,YES,Feasible,926,1114,188,161356.000,161356.000,0.000,255,305,286,0,949,900,0,100.00,74:254|94:134|119:154|154:235|189:67|239:82,79:44|99:38|119:16|154:7|159:44|174:22|189:53|239:6,74:286|94:142|119:170|154:308|189:120|239:88,74:1114|94:828|119:686|154:516|189:208|239:88,"=""74,94,119,154,189,239""",0,60,8
CFG_037,1.152,0.019,0.019,0.000,0.817,NO,NO,YES,Feasible,926,1136,210,161356.000,161356.000,0.000,254,305,293,0,949,922,0,100.00,74:254|94:134|119:154|139:135|154:100|189:67|239:82,79:22|84:16|89:22|94:20|134:22|139:19|154:26|174:22|189:53|239:6,74:296|94:154|119:176|139:154|154:148|189:120|239:88,74:1136|94:840|119:686|139:510|154:356|189:208|239:88,"=""74,94,119,139,154,189,239""",0,105,9
CFG_038,1.374,0.023,0.050,0.000,0.962,NO,NO,YES,Feasible,926,1136,210,161356.000,161356.000,0.000,233,305,293,0,949,922,0,100.00,74:254|94:134|119:154|139:135|154:100|189:67|224:66|239:16,79:22|84:66|109:16|139:41|154:4|174:44|189:65,74:308|94:136|119:154|139:176|154:148|189:132|224:66|239:16,74:1136|94:828|119:692|139:538|154:362|189:214|224:82|239:16,"=""74,94,119,139,154,189,224,239""",0,138,9
CFG_039,2.291,0.038,0.139,0.000,1.588,NO,NO,YES,Feasible,926,1124,198,161356.000,161356.000,0.000,229,305,289,0,949,910,0,100.00,59:91|74:164|94:134|119:154|139:135|154:99|189:67|224:66|239:16,59:1|84:22|89:22|94:14|124:22|134:22|139:19|154:33|174:22|189:65|239:22,59:92|74:186|94:148|119:154|139:154|154:154|189:132|224:66|239:38,59:1124|74:1032|94:846|119:698|139:544|154:390|189:236|224:104|239:38,"=""59,74,94,119,139,154,189,224,239""",0,369,10
CFG_040,3.394,0.057,0.266,0.000,2.285,NO,NO,YES,Feasible,926,1152,226,161356.000,161356.000,0.000,246,305,298,0,949,938,0,100.00,59:91|74:164|94:134|104:82|119:72|139:135|154:99|189:67|224:66|239:16,59:1|79:22|94:20|104:22|134:22|139:41|154:5|174:44|189:65,59:92|74:176|94:154|104:104|119:88|139:176|154:148|189:132|224:66|239:16,59:1152|74:1060|94:884|104:730|119:626|139:538|154:362|189:214|224:82|239:16,"=""59,74,94,104,119,139,154,189,224,239""",0,671,10
CFG_042,0.850,0.014,0.420,0.000,2.285,NO,NO,NO,Assigned locations (0) are below the required total (926); Capacity margin is negative (-926),926,0,-926,0.000,161356.000,161356.000,0,305,0,0,949,0,0,0.00,119:499|239:427,,,,"=""119,239""",0,0,0
CFG_043,0.234,0.004,0.000,0.000,0.203,NO,NO,NO,Assigned locations (922) are below the required total (926); Capacity margin is negative (-4),926,922,-4,161356.000,161356.000,0.000,222,305,225,0,949,708,0,100.00,119:499|189:342|239:85,139:60|144:66|159:88|239:3,119:500|189:334|239:88,119:922|189:422|239:88,"=""119,189,239""",0,3,3
CFG_044,1.779,0.030,0.001,0.000,1.547,NO,NO,YES,Feasible,926,1010,84,161356.000,161356.000,0.000,222,305,253,0,949,796,0,100.00,89:306|119:193|189:342|239:85,94:44|109:16|139:66|144:22|189:10|239:13,89:346|119:214|189:352|239:98,89:1010|119:664|189:450|239:98,"=""89,119,189,239""",0,11,5
CFG_045,0.783,0.013,0.003,0.000,0.524,NO,NO,YES,Feasible,926,1076,150,161356.000,161356.000,0.000,260,305,274,0,949,862,0,100.00,89:306|119:193|164:250|189:92|239:85,94:44|109:88|124:44|139:22|164:2|189:6|239:3,89:396|119:242|164:252|189:98|239:88,89:1076|119:680|164:438|189:186|239:88,"=""89,119,164,189,239""",0,20,6
CFG_046,0.811,0.014,0.006,0.000,0.557,NO,NO,YES,Feasible,926,1054,128,161356.000,161356.000,0.000,248,305,267,0,949,840,0,100.00,89:306|119:193|139:52|164:198|189:92|239:85,94:22|99:22|104:22|109:88|119:5|139:52|239:25,89:352|119:198|139:104|164:198|189:92|239:110,89:1054|119:702|139:504|164:400|189:202|239:110,"=""89,119,139,164,189,239""",0,37,7
CFG_047,0.906,0.015,0.010,0.000,0.629,NO,NO,YES,Feasible,926,1054,128,161356.000,161356.000,0.000,248,305,267,0,949,840,0,100.00,89:306|119:193|139:52|164:198|189:92|219:55|239:30,94:44|104:44|109:22|124:44|139:24|189:12|219:11|239:30,89:352|119:198|139:76|164:198|189:104|219:66|239:60,89:1054|119:702|139:504|164:428|189:230|219:126|239:60,"=""89,119,139,164,189,219,239""",0,51,7
CFG_048,1.180,0.020,0.027,0.000,0.844,NO,NO,YES,Feasible,926,1070,144,161356.000,161356.000,0.000,229,305,272,0,949,856,0,100.00,74:192|89:114|119:193|139:52|164:198|189:92|219:55|239:30,79:22|84:16|89:34|104:22|124:44|129:22|139:2|189:40|219:11|239:30,74:192|89:170|119:198|139:54|164:198|189:132|219:66|239:60,74:1070|89:878|119:708|139:510|164:456|189:258|219:126|239:60,"=""74,89,119,139,164,189,219,239""",0,124,8
CFG_049,1.572,0.026,0.048,0.000,1.163,NO,NO,YES,Feasible,926,1076,150,161356.000,161356.000,0.000,246,305,274,0,949,862,0,100.00,74:192|89:114|104:50|119:143|139:52|164:198|189:92|219:55|239:30,79:44|84:44|99:22|104:16|124:44|139:8|189:18|219:33|239:24,74:220|89:126|104:66|119:154|139:60|164:198|189:110|219:88|239:54,74:1076|89:856|104:730|119:664|139:510|164:450|189:252|219:142|239:54,"=""74,89,104,119,139,164,189,219,239""",0,222,8
CFG_050,2.167,0.036,0.079,0.000,1.657,NO,NO,YES,Feasible,926,1086,160,161356.000,161356.000,0.000,227,305,277,0,949,872,0,100.00,74:192|89:113|104:50|119:143|139:52|149:91|164:108|189:92|219:55|239:30,79:22|94:22|99:16|104:4|109:22|124:22|139:2|154:22|159:22|164:2|189:18|219:11|239:36,74:198|89:142|104:76|119:154|139:54|149:110|164:110|189:110|219:66|239:66,74:1086|89:888|104:746|119:670|139:516|149:462|164:352|189:242|219:132|239:66,"=""74,89,104,119,139,149,164,189,219,239""",0,339,10
CFG_052,0.868,0.014,0.428,0.000,0.001,NO,NO,NO,Assigned locations (856) are below the required total (926); Capacity margin is negative (-70),926,856,-70,161356.000,161356.000,0.000,204,305,204,0,949,642,0,100.00,114:486|239:440,,114:428|239:428,114:856|239:428,"=""114,239""",0,1,1
CFG_053,1.355,0.023,0.000,0.000,0.948,NO,NO,NO,Exact minimum family counts are not satisfied across the completed layout,926,938,12,161356.000,161356.000,0.000,222,305,230,0,949,724,0,100.00,114:486|189:353|239:87,139:88|159:82|239:1,114:504|189:346|239:88,114:938|189:434|239:88,"=""114,189,239""",0,4,3
CFG_054,1.728,0.029,0.002,0.000,1.498,NO,NO,YES,Feasible,926,1010,84,161356.000,161356.000,0.000,227,305,253,0,949,796,0,100.00,94:314|114:172|189:353|239:87,94:16|104:22|139:104|189:3|239:1,94:352|114:214|189:356|239:88,94:1010|114:658|189:444|239:88,"=""94,114,189,239""",0,9,4
CFG_055,0.708,0.012,0.003,0.000,0.472,NO,NO,YES,Feasible,926,1026,100,161356.000,161356.000,0.000,242,305,258,0,949,812,0,100.00,94:314|114:172|164:234|189:119|239:87,99:22|104:44|109:22|114:8|159:16|164:30|189:7|239:23,94:330|114:196|164:264|189:126|239:110,94:1026|114:696|164:500|189:236|239:110,"=""94,114,164,189,239""",0,21,8
CFG_056,0.789,0.013,0.004,0.000,0.544,NO,NO,YES,Feasible,926,1042,116,161356.000,161356.000,0.000,233,305,263,0,949,828,0,100.00,94:314|114:172|144:74|164:160|189:119|239:87,104:22|114:30|139:22|144:8|164:16|189:13|239:23,94:318|114:224|144:82|164:176|189:132|239:110,94:1042|114:724|144:500|164:418|189:242|239:110,"=""94,114,144,164,189,239""",0,37,6
CFG_057,0.865,0.014,0.006,0.000,0.596,NO,NO,YES,Feasible,926,1032,106,161356.000,161356.000,0.000,235,305,260,0,949,818,0,100.00,94:314|114:173|144:74|164:160|189:119|229:55|239:31,104:66|109:22|114:3|139:22|144:8|164:16|189:13|229:5|239:29,94:324|114:198|144:82|164:176|189:132|229:60|239:60,94:1032|114:708|144:510|164:428|189:252|229:120|239:60,"=""94,114,144,164,189,229,239""",0,50,8
CFG_058,1.186,0.020,0.025,0.000,0.865,NO,NO,YES,Feasible,926,1048,122,161356.000,161356.000,0.000,221,305,265,0,949,834,0,100.00,74:189|94:124|114:173|144:74|164:160|189:119|229:55|239:32,79:16|84:22|94:2|124:22|134:22|144:2|164:16|189:13|229:27|239:34,74:214|94:126|114:176|144:76|164:176|189:132|229:82|239:66,74:1048|94:834|114:708|144:532|164:456|189:280|229:148|239:66,"=""74,94,114,144,164,189,229,239""",0,135,8
CFG_059,2.374,0.040,0.144,0.000,1.696,NO,NO,YES,Feasible,926,1048,122,161356.000,161356.000,0.000,233,305,265,0,949,834,0,100.00,54:14|74:175|94:124|114:173|144:74|164:160|189:119|229:55|239:32,64:22|69:16|84:22|89:22|94:2|119:22|134:22|144:2|164:16|189:13|229:11|239:50,54:38|74:176|94:126|114:176|144:76|164:176|189:132|229:66|239:82,54:1048|74:1010|94:834|114:708|144:532|164:456|189:280|229:148|239:82,"=""54,74,94,114,144,164,189,229,239""",0,450,8
CFG_060,3.562,0.059,0.268,0.000,2.483,NO,NO,YES,Feasible,926,1064,138,161356.000,161356.000,0.000,233,305,270,0,949,850,0,100.00,54:14|74:176|94:124|109:32|114:140|144:74|164:160|189:119|229:55|239:32,54:2|79:22|84:22|99:44|104:22|114:8|139:22|144:2|164:16|189:13|229:11|239:34,54:16|74:198|94:132|109:32|114:170|144:76|164:176|189:132|229:66|239:66,54:1064|74:1048|94:850|109:718|114:686|144:516|164:440|189:264|229:132|239:66,"=""54,74,94,109,114,144,164,189,229,239""",0,752,9
CFG_062,0.854,0.014,0.416,0.000,0.001,NO,NO,NO,Assigned locations (856) are below the required total (926); Capacity margin is negative (-70),926,856,-70,161356.000,161356.000,0.000,204,305,204,0,949,642,0,100.00,114:727|239:199,239:229,114:428|239:428,114:856|239:428,"=""114,239""",0,1,1
CFG_063,0.808,0.013,0.001,0.000,0.566,NO,NO,YES,Feasible,926,1054,128,161356.000,161356.000,0.000,234,305,267,0,949,840,0,100.00,69:434|139:351|239:141,74:22|89:126|119:22|134:44|139:17|239:111,69:434|139:368|239:252,69:1054|139:620|239:252,"=""69,139,239""",0,11,4
CFG_064,11.303,0.188,0.003,0.000,11.025,NO,NO,YES,Feasible,926,1120,194,161356.000,161356.000,0.000,224,305,288,0,949,906,0,100.00,64:376|104:305|169:164|239:81,74:44|124:104|129:22|199:22|239:149,64:396|104:318|169:176|239:230,64:1120|104:724|169:406|239:230,"=""64,104,169,239""",0,23,5
CFG_065,1.025,0.017,0.013,0.000,0.683,NO,NO,YES,Feasible,926,1212,286,161356.000,161356.000,0.000,241,305,317,12,949,998,49,100.00,49:206|79:282|119:250|174:116|239:72,54:38|69:22|79:2|89:22|119:14|174:148|184:66|239:10,49:230|79:306|119:264|174:330|239:82,49:1212|79:982|119:676|174:412|239:82,"=""49,79,119,174,239""",0,68,7
CFG_066,1.324,0.022,0.042,0.000,0.910,NO,NO,YES,Feasible,926,1226,300,161356.000,161356.000,0.000,231,305,321,16,949,1012,63,100.00,44:179|69:249|99:219|134:132|179:76|239:71,44:3|49:44|89:22|109:22|154:22|169:44|179:166|239:39,44:226|69:252|99:220|134:176|179:242|239:110,44:1226|69:1000|99:748|134:528|179:352|239:110,"=""44,69,99,134,179,239""",0,152,8
CFG_067,2.199,0.037,0.142,0.000,1.387,NO,NO,YES,Feasible,926,1244,318,161356.000,161356.000,0.000,235,305,327,22,949,1030,81,100.00,39:136|54:159|79:187|104:192|134:107|179:74|239:71,44:22|49:60|64:22|79:3|109:44|124:22|134:3|169:44|179:168|239:39,39:180|54:176|79:190|104:192|134:154|179:242|239:110,39:1244|54:1064|79:888|104:698|134:506|179:352|239:110,"=""39,54,79,104,134,179,239""",0,387,8
CFG_068,5.214,0.087,0.743,0.000,2.639,NO,NO,YES,Feasible,926,1248,322,161356.000,161356.000,0.000,234,305,328,23,949,1034,85,100.00,34:118|49:100|64:172|84:140|104:152|134:100|179:73|239:71,44:16|49:30|64:4|84:2|104:2|109:22|154:44|169:44|179:169|239:39,34:118|49:130|64:176|84:142|104:176|134:154|179:242|239:110,34:1248|49:1130|64:1000|84:824|104:682|134:506|179:352|239:110,"=""34,49,64,84,104,134,179,239""",0,1154,8
CFG_069,10.977,0.183,2.029,0.000,4.622,NO,NO,YES,Feasible,926,1254,328,161356.000,161356.000,0.000,235,305,330,25,949,1040,91,100.00,34:111|44:88|59:103|69:126|84:115|104:138|134:101|179:73|239:71,39:16|49:22|54:22|59:1|79:22|89:22|109:44|154:22|169:44|179:169|239:39,34:112|44:110|59:104|69:132|84:126|104:164|134:154|179:242|239:110,34:1254|44:1142|59:1032|69:928|84:796|104:670|134:506|179:352|239:110,"=""34,44,59,69,84,104,134,179,239""",0,2741,9
CFG_070,22.482,0.375,4.859,0.000,7.976,NO,NO,YES,Feasible,926,1260,334,161356.000,161356.000,0.000,248,305,332,27,949,1046,97,100.00,34:104|44:76|54:115|69:132|84:103|99:111|114:86|139:58|179:70|239:71,34:6|44:4|49:22|54:5|74:22|84:1|99:9|109:22|114:2|139:8|169:44|179:150|239:61,34:110|44:102|54:120|69:132|84:104|99:142|114:88|139:110|179:220|239:132,34:1260|44:1150|54:1048|69:928|84:796|99:692|114:550|139:462|179:352|239:132,"=""34,44,54,69,84,99,114,139,179,239""",0,4724,9
CFG_072,0.884,0.015,0.427,0.000,7.976,NO,NO,NO,Assigned locations (0) are below the required total (926); Capacity margin is negative (-926),926,0,-926,0.000,161356.000,161356.000,0,305,0,0,949,0,0,0.00,119:710|239:216,,,,"=""119,239""",0,0,0
CFG_073,0.623,0.010,0.001,0.000,0.386,NO,NO,YES,Feasible,926,1032,106,161356.000,161356.000,0.000,229,305,260,0,949,818,0,100.00,84:479|154:324|239:123,114:22|144:148|159:22|239:63,84:516|154:330|239:186,84:1032|154:516|239:186,"=""84,154,239""",0,8,5
CFG_074,6.274,0.105,0.002,0.000,6.023,NO,NO,YES,Feasible,926,1076,150,161356.000,161356.000,0.000,234,305,274,0,949,862,0,100.00,79:404|119:306|179:142|239:74,89:22|109:104|169:22|179:12|239:112,79:412|119:324|179:154|239:186,79:1076|119:664|179:340|239:186,"=""79,119,179,239""",0,18,6
CFG_075,0.942,0.016,0.006,0.000,0.642,NO,NO,YES,Feasible,926,1136,210,161356.000,161356.000,0.000,247,305,293,0,949,922,0,100.00,64:261|94:269|129:210|179:112|239:74,79:22|84:38|99:44|109:22|169:44|174:22|179:86|239:46,64:268|94:286|129:264|179:198|239:120,64:1136|94:868|129:582|179:318|239:120,"=""64,94,129,179,239""",0,45,8
CFG_076,1.360,0.023,0.023,0.000,1.017,NO,NO,YES,Feasible,926,1162,236,161356.000,161356.000,0.000,232,305,301,0,949,948,0,100.00,54:164|74:216|99:179|134:187|184:107|239:73,59:22|69:16|79:22|84:22|94:44|99:1|154:88|184:135|239:15,54:164|74:246|99:180|134:242|184:242|239:88,54:1162|74:998|99:752|134:572|184:330|239:88,"=""54,74,99,134,184,239""",0,109,7
CFG_077,1.608,0.027,0.070,0.000,1.086,NO,NO,YES,Feasible,926,1184,258,161356.000,161356.000,0.000,228,305,308,3,949,970,21,100.00,49:106|64:161|79:170|104:146|134:167|184:103|239:73,49:8|64:3|94:22|109:44|154:88|184:133|239:15,49:114|64:164|79:192|104:148|134:242|184:236|239:88,49:1184|64:1070|79:906|104:714|134:566|184:324|239:88,"=""49,64,79,104,134,184,239""",0,261,7
CFG_078,2.910,0.049,0.217,0.000,1.920,NO,NO,YES,Feasible,926,1222,296,161356.000,161356.000,0.000,240,305,320,15,949,1008,59,100.00,44:102|59:141|79:161|99:146|119:147|144:89|184:67|239:73,44:34|49:22|59:1|84:44|99:2|124:44|144:21|154:44|184:153|239:15,44:158|59:142|79:164|99:148|119:148|144:154|184:220|239:88,44:1222|59:1064|79:922|99:758|119:610|144:462|184:308|239:88,"=""44,59,79,99,119,144,184,239""",0,606,7
CFG_079,4.759,0.079,0.486,0.000,2.973,NO,NO,YES,Feasible,926,1200,274,161356.000,161356.000,0.000,239,305,313,8,949,986,37,100.00,44:90|59:107|69:143|84:124|99:112|124:137|149:78|189:63|239:72,44:8|59:1|74:22|94:22|104:44|129:22|139:22|149:48|179:44|189:113|239:16,44:98|59:108|69:148|84:126|99:132|124:154|149:170|189:176|239:88,44:1200|59:1102|69:994|84:846|99:720|124:588|149:434|189:264|239:88,"=""44,59,69,84,99,124,149,189,239""",0,1268,8
CFG_080,8.130,0.135,1.078,0.000,4.549,NO,NO,YES,Feasible,926,1216,290,161356.000,161356.000,0.000,240,305,318,13,949,1002,53,100.00,44:86|54:91|64:96|79:132|89:114|104:91|124:110|149:72|189:62|239:72,54:1|69:22|79:22|89:18|119:22|139:22|149:60|169:22|179:44|189:92|239:16,44:86|54:92|64:104|79:154|89:132|104:98|124:110|149:198|189:154|239:88,44:1216|54:1130|64:1038|79:934|89:780|104:648|124:550|149:440|189:242|239:88,"=""44,54,64,79,89,104,124,149,189,239""",0,2449,9
CFG_082,0.859,0.014,0.418,0.000,0.001,NO,NO,NO,Assigned locations (856) are below the required total (926); Capacity margin is negative (-70),926,856,-70,161356.000,161356.000,0.000,204,305,204,0,949,642,0,100.00,114:589|239:337,239:91,114:428|239:428,114:856|239:428,"=""114,239""",0,1,1
CFG_083,0.552,0.009,0.001,0.000,0.308,NO,NO,YES,Feasible,926,1010,84,161356.000,161356.000,0.000,247,305,253,0,949,796,0,100.00,94:461|159:343|239:122,119:110|134:82|139:22|159:9|239:42,94:494|159:352|239:164,94:1010|159:516|239:164,"=""94,159,239""",0,6,3
CFG_084,4.625,0.077,0.002,0.000,4.384,NO,NO,YES,Feasible,926,1054,128,161356.000,161356.000,0.000,228,305,267,0,949,840,0,100.00,79:335|114:250|169:239|239:102,89:44|124:22|129:22|199:44|239:84,79:352|114:252|169:264|239:186,79:1054|114:702|169:450|239:186,"=""79,114,169,239""",0,15,5
CFG_085,0.825,0.014,0.005,0.000,0.553,NO,NO,YES,Feasible,926,1098,172,161356.000,161356.000,0.000,229,305,281,0,949,884,0,100.00,74:307|104:219|139:210|184:112|239:78,94:44|119:22|144:82|154:44|184:102|239:26,74:308|104:220|139:252|184:214|239:104,74:1098|104:790|139:570|184:318|239:104,"=""74,104,139,184,239""",0,32,5
CFG_086,0.981,0.016,0.015,0.000,0.684,NO,NO,YES,Feasible,926,1108,182,161356.000,161356.000,0.000,240,305,284,0,949,894,0,100.00,64:156|84:239|114:186|144:180|184:88|239:77,74:22|79:16|94:22|99:22|104:22|154:44|179:44|184:66|239:49,64:158|84:264|114:186|144:220|184:154|239:126,64:1108|84:950|114:686|144:500|184:280|239:126,"=""64,84,114,144,184,239""",0,91,8
CFG_087,1.298,0.022,0.042,0.000,0.889,NO,NO,YES,Feasible,926,1140,214,161356.000,161356.000,0.000,233,305,294,0,949,926,0,100.00,59:122|74:189|94:139|114:138|144:173|184:88|239:77,64:38|74:1|104:22|114:10|154:66|184:132|239:11,59:126|74:190|94:148|114:148|144:220|184:220|239:88,59:1140|74:1014|94:824|114:676|144:528|184:308|239:88,"=""59,74,94,114,144,184,239""",0,192,6
CFG_088,1.948,0.032,0.092,0.000,1.359,NO,NO,YES,Feasible,926,1168,242,161356.000,161356.000,0.000,233,305,303,0,949,954,5,100.00,59:116|69:170|84:118|104:119|124:121|149:124|184:81|239:77,64:38|79:44|84:2|114:22|134:22|149:2|154:44|169:22|184:73|239:33,59:126|69:214|84:120|104:120|124:132|149:192|184:154|239:110,59:1168|69:1042|84:828|104:708|124:588|149:456|184:264|239:110,"=""59,69,84,104,124,149,184,239""",0,340,8
CFG_089,2.834,0.047,0.182,0.000,1.981,NO,NO,YES,Feasible,926,1162,236,161356.000,161356.000,0.000,230,305,301,0,949,948,0,100.00,54:98|64:101|79:138|94:122|114:125|134:141|159:78|194:51|239:72,64:3|69:22|84:22|94:2|124:22|149:22|154:22|159:76|194:59|239:38,54:98|64:126|79:154|94:124|114:132|134:154|159:154|194:110|239:110,54:1162|64:1064|79:938|94:784|114:660|134:528|159:374|194:220|239:110,"=""54,64,79,94,114,134,159,194,239""",0,723,10
CFG_090,4.536,0.076,0.344,0.000,3.165,NO,NO,YES,Feasible,926,1200,274,161356.000,161356.000,0.000,241,305,313,8,949,986,37,100.00,54:94|64:94|74:123|84:92|99:96|114:90|134:137|159:77|194:51|239:72,54:4|64:20|69:22|74:3|104:22|124:44|154:22|159:77|194:59|239:16,54:98|64:136|74:126|84:92|99:110|114:132|134:154|159:154|194:110|239:88,54:1200|64:1102|74:966|84:840|99:748|114:638|134:506|159:352|194:198|239:88,"=""54,64,74,84,99,114,134,159,194,239""",0,1420,10
CFG_092,0.844,0.014,0.414,0.000,3.165,NO,NO,NO,Assigned locations (0) are below the required total (926); Capacity margin is negative (-926),926,0,-926,0.000,161356.000,161356.000,0,305,0,0,949,0,0,0.00,119:542|239:384,,,,"=""119,239""",0,0,0
CFG_093,0.468,0.008,0.000,0.000,0.262,NO,NO,YES,Feasible,926,966,40,161356.000,161356.000,0.000,212,305,239,0,949,752,0,100.00,104:467|169:342|239:117,124:60|129:22|144:22|154:44|199:66|239:25,104:472|169:352|239:142,104:966|169:494|239:142,"=""104,169,239""",0,6,5
CFG_094,4.654,0.078,0.002,0.000,4.407,NO,NO,YES,Feasible,926,1010,84,161356.000,161356.000,0.000,227,305,253,0,949,796,0,100.00,84:312|124:236|174:279|239:99,94:22|104:82|114:22|184:66|239:65,84:324|124:236|174:286|239:164,84:1010|124:686|174:450|239:164,"=""84,124,174,239""",0,16,5
CFG_095,0.784,0.013,0.003,0.000,0.521,NO,NO,YES,Feasible,926,1080,154,161356.000,161356.000,0.000,235,305,275,0,949,866,0,100.00,84:309|114:213|149:210|189:110|239:84,89:60|114:7|129:44|149:4|179:44|189:44|239:4,84:316|114:264|149:258|189:154|239:88,84:1080|114:764|149:500|189:242|239:88,"=""84,114,149,189,239""",0,26,6
CFG_096,0.951,0.016,0.011,0.000,0.644,NO,NO,YES,Feasible,926,1096,170,161356.000,161356.000,0.000,228,305,280,0,949,882,0,100.00,69:172|89:170|119:187|149:209|189:104|239:84,74:22|79:38|94:22|124:44|139:22|149:27|169:22|179:22|189:50|239:4,69:200|89:176|119:198|149:280|189:154|239:88,69:1096|89:896|119:720|149:522|189:242|239:88,"=""69,89,119,149,189,239""",0,68,9
CFG_097,1.236,0.021,0.027,0.000,0.878,NO,NO,YES,Feasible,926,1096,170,161356.000,161356.000,0.000,228,305,280,0,949,882,0,100.00,64:138|84:175|104:154|129:109|154:191|189:77|239:82,74:16|79:22|84:9|89:22|124:22|129:1|159:44|174:44|189:55|239:28,64:142|84:206|104:154|129:110|154:242|189:132|239:110,64:1096|84:954|104:748|129:594|154:484|189:242|239:110,"=""64,84,104,129,154,189,239""",0,149,8
CFG_098,1.574,0.026,0.058,0.000,1.104,NO,NO,YES,Feasible,926,1124,198,161356.000,161356.000,0.000,239,305,289,0,949,910,0,100.00,64:106|74:149|89:90|109:128|129:103|154:191|189:77|239:82,69:16|74:5|84:22|89:8|119:66|129:1|154:23|174:44|189:55|239:6,64:114|74:176|89:98|109:154|129:104|154:258|189:132|239:88,64:1124|74:1010|89:834|109:736|129:582|154:478|189:220|239:88,"=""64,74,89,109,129,154,189,239""",0,283,8
CFG_099,2.313,0.039,0.100,0.000,1.670,NO,NO,YES,Feasible,926,1124,198,161356.000,161356.000,0.000,235,305,289,0,949,910,0,100.00,64:96|74:153|89:82|104:108|119:98|139:125|159:124|189:58|239:82,69:16|74:5|89:22|94:22|104:2|134:22|149:22|159:24|169:22|189:52|239:28,64:104|74:158|89:126|104:110|119:104|139:132|159:170|189:110|239:110,64:1124|74:1020|89:862|104:736|119:626|139:522|159:390|189:220|239:110,"=""64,74,89,104,119,139,159,189,239""",0,470,10
CFG_100,6.474,0.108,0.311,0.000,4.914,NO,NO,YES,Feasible,926,1140,214,161356.000,161356.000,0.000,234,305,294,0,949,926,0,100.00,59:78|69:97|79:107|94:80|104:104|124:79|139:117|159:124|189:58|239:82,59:4|69:29|89:22|94:2|109:22|129:22|134:22|139:15|159:30|169:44|189:52|239:6,59:82|69:126|79:108|94:82|104:126|124:88|139:132|159:198|189:110|239:88,59:1140|69:1058|79:932|94:824|104:742|124:616|139:528|159:396|189:198|239:88,"=""59,69,79,94,104,124,139,159,189,239""",0,1025,9
CFG_102,0.977,0.016,0.518,0.000,4.914,NO,NO,NO,Assigned locations (0) are below the required total (926); Capacity margin is negative (-926),926,0,-926,0.000,161356.000,161356.000,0,305,0,0,949,0,0,0.00,129:510|239:416,,,,"=""129,239""",0,0,0
CFG_103,2.543,0.042,0.000,0.000,2.458,NO,NO,NO,Assigned locations (922) are below the required total (926); Capacity margin is negative (-4),926,922,-4,161356.000,161356.000,0.000,214,305,225,0,949,708,0,100.00,104:383|164:368|239:175,124:66|139:44|154:22|214:82|239:1,104:374|164:372|239:176,104:922|164:548|239:176,"=""104,164,239""",0,6,5
CFG_104,2.787,0.046,0.002,0.000,2.555,NO,NO,YES,Feasible,926,988,62,161356.000,161356.000,0.000,228,305,246,0,949,774,0,100.00,89:310|134:223|189:307|239:86,94:82|124:22|139:88|189:1|239:34,89:324|134:236|189:308|239:120,89:988|134:664|189:428|239:120,"=""89,134,189,239""",0,14,5
CFG_105,0.768,0.013,0.006,0.000,0.522,NO,NO,YES,Feasible,926,1014,88,161356.000,161356.000,0.000,210,305,254,0,949,800,0,100.00,74:210|94:114|134:212|189:304|239:86,84:22|94:12|139:88|144:44|189:26|239:24,74:218|94:126|134:230|189:330|239:110,74:1014|94:796|134:670|189:440|239:110,"=""74,94,134,189,239""",0,31,6
CFG_106,0.959,0.016,0.010,0.000,0.656,NO,NO,YES,Feasible,926,1064,138,161356.000,161356.000,0.000,234,305,270,0,949,850,0,100.00,74:209|94:112|129:191|159:225|189:104|239:85,79:44|84:22|94:2|99:22|119:22|144:22|149:22|169:22|189:22|239:25,74:236|94:158|129:192|159:242|189:126|239:110,74:1064|94:828|129:670|159:478|189:236|239:110,"=""74,94,129,159,189,239""",0,52,10
CFG_107,1.156,0.019,0.017,0.000,0.826,NO,NO,YES,Feasible,926,1080,154,161356.000,161356.000,0.000,228,305,275,0,949,866,0,100.00,74:209|94:111|119:178|144:88|164:163|189:92|239:85,74:11|84:22|94:1|109:22|124:44|139:44|144:22|164:13|189:18|239:25,74:242|94:134|119:198|144:110|164:176|189:110|239:110,74:1080|94:838|119:704|144:506|164:396|189:220|239:110,"=""74,94,119,144,164,189,239""",0,115,8
CFG_108,1.417,0.024,0.044,0.000,1.019,NO,NO,YES,Feasible,926,1080,154,161356.000,161356.000,0.000,234,305,275,0,949,866,0,100.00,69:95|79:142|94:84|119:177|144:88|164:163|189:92|239:85,69:3|84:22|89:22|94:8|109:22|124:22|139:22|164:13|189:40|239:25,69:98|79:176|94:114|119:186|144:88|164:176|189:132|239:110,69:1080|79:982|94:806|119:692|144:506|164:418|189:242|239:110,"=""69,79,94,119,144,164,189,239""",0,194,9
CFG_109,3.067,0.051,0.165,0.000,2.236,NO,NO,YES,Feasible,926,1102,176,161356.000,161356.000,0.000,229,305,282,0,949,888,0,100.00,54:14|74:192|89:99|104:68|124:127|144:86|164:163|189:92|239:85,64:60|74:10|89:11|94:22|104:8|134:44|144:2|164:7|189:40|239:25,54:60|74:202|89:132|104:76|124:132|144:88|164:170|189:132|239:110,54:1102|74:1042|89:840|104:708|124:632|144:500|164:412|189:242|239:110,"=""54,74,89,104,124,144,164,189,239""",0,619,8
CFG_110,4.873,0.081,0.487,0.000,3.325,NO,NO,YES,Feasible,926,1080,154,161356.000,161356.000,0.000,222,305,275,0,949,866,0,100.00,54:14|74:192|89:100|104:68|119:125|139:52|149:84|164:114|189:92|239:85,64:38|79:44|89:4|104:2|114:22|124:22|139:14|154:44|164:18|189:18|239:47,54:38|74:192|89:104|104:92|119:126|139:66|149:88|164:132|189:110|239:132,54:1080|74:1042|89:850|104:746|119:654|139:528|149:462|164:374|189:242|239:132,"=""54,74,89,104,119,139,149,164,189,239""",0,915,9
CFG_112,0.866,0.014,0.422,0.000,0.001,NO,NO,NO,Assigned locations (856) are below the required total (926); Capacity margin is negative (-70),926,856,-70,161356.000,161356.000,0.000,204,305,204,0,949,642,0,100.00,114:486|239:440,,114:428|239:428,114:856|239:428,"=""114,239""",0,1,1
CFG_113,2.730,0.045,0.001,0.000,2.644,NO,NO,NO,Assigned locations (910) are below the required total (926); Capacity margin is negative (-16),926,910,-16,161356.000,161356.000,0.000,204,305,221,0,949,696,0,100.00,94:314|144:246|239:366,104:16|114:22|134:132|179:44,94:350|144:252|239:308,94:910|144:560|239:308,"=""94,144,239""",0,6,4
CFG_114,3.304,0.055,0.001,0.000,3.084,NO,NO,YES,Feasible,926,966,40,161356.000,161356.000,0.000,235,305,239,0,949,752,0,100.00,94:314|129:191|174:251|239:170,99:82|119:132|129:1|174:13|239:16,94:324|129:192|174:264|239:186,94:966|129:642|174:450|239:186,"=""94,129,174,239""",0,11,3
CFG_115,0.762,0.013,0.006,0.000,0.509,NO,NO,YES,Feasible,926,1042,116,161356.000,161356.000,0.000,223,305,263,0,949,828,0,100.00,74:229|94:85|139:226|179:236|239:150,79:44|84:22|89:66|94:7|134:22|149:22|169:22|239:4,74:302|94:114|139:236|179:236|239:154,74:1042|94:740|139:626|179:390|239:154,"=""74,94,139,179,239""",0,32,7
CFG_116,0.842,0.014,0.010,0.000,0.584,NO,NO,YES,Feasible,926,1042,116,161356.000,161356.000,0.000,222,305,263,0,949,828,0,100.00,74:191|94:122|114:173|144:74|179:216|239:150,79:22|104:16|109:44|114:3|144:2|169:22|179:4|239:26,74:198|94:174|114:176|144:98|179:220|239:176,74:1042|94:844|114:670|144:494|179:396|239:176,"=""74,94,114,144,179,239""",0,66,7
CFG_117,0.998,0.017,0.018,0.000,0.704,NO,NO,YES,Feasible,926,1042,116,161356.000,161356.000,0.000,221,305,263,0,949,828,0,100.00,74:191|89:114|109:41|139:193|164:181|189:119|239:87,79:38|84:22|89:22|114:22|139:27|164:5|189:35|239:23,74:192|89:136|109:44|139:220|164:186|189:154|239:110,74:1042|89:850|109:714|139:670|164:450|189:264|239:110,"=""74,89,109,139,164,189,239""",0,110,8
CFG_118,1.211,0.020,0.036,0.000,0.839,NO,NO,YES,Feasible,926,1080,154,161356.000,161356.000,0.000,228,305,275,0,949,866,0,100.00,74:189|79:45|94:79|114:173|144:74|164:160|189:119|239:87,74:1|89:44|94:9|114:25|144:2|164:16|189:35|239:23,74:190|79:88|94:88|114:198|144:76|164:176|189:154|239:110,74:1080|79:890|94:802|114:714|144:516|164:440|189:264|239:110,"=""74,79,94,114,144,164,189,239""",0,190,6
CFG_119,1.635,0.027,0.064,0.000,1.179,NO,NO,YES,Feasible,926,1080,154,161356.000,161356.000,0.000,227,305,275,0,949,866,0,100.00,74:189|79:45|94:79|109:98|114:75|144:74|164:160|189:119|239:87,74:3|79:9|84:22|94:3|114:29|144:14|164:16|189:35|239:23,74:192|79:76|94:82|109:98|114:104|144:88|164:176|189:154|239:110,74:1080|79:888|94:812|109:730|114:632|144:528|164:440|189:264|239:110,"=""74,79,94,109,114,144,164,189,239""",0,331,8
CFG_120,2.078,0.035,0.094,0.000,1.523,NO,NO,YES,Feasible,926,1086,160,161356.000,161356.000,0.000,234,305,277,0,949,872,0,100.00,74:189|79:42|89:75|104:39|114:141|144:74|154:115|174:62|204:103|239:86,74:9|79:2|89:23|94:38|104:5|114:7|144:2|159:44|174:26|204:7|239:24,74:198|79:44|89:136|104:44|114:148|144:76|154:132|174:88|204:110|239:110,74:1086|79:888|89:844|104:708|114:664|144:516|154:440|174:308|204:220|239:110,"=""74,79,89,104,114,144,154,174,204,239""",0,486,9
CFG_122,0.849,0.014,0.420,0.000,1.523,NO,NO,NO,Assigned locations (0) are below the required total (926); Capacity margin is negative (-926),926,0,-926,0.000,161356.000,161356.000,0,305,0,0,949,0,0,0.00,74:460|239:466,,,,"=""74,239""",0,0,0
CFG_123,0.814,0.014,0.001,0.000,0.560,NO,NO,YES,Feasible,926,1054,128,161356.000,161356.000,0.000,222,305,267,0,949,840,0,100.00,59:310|94:304|239:312,79:22|89:22|134:170|239:50,59:330|94:362|239:362,59:1054|94:724|239:362,"=""59,94,239""",0,12,3
CFG_124,24.034,0.401,0.006,0.000,23.741,NO,NO,YES,Feasible,926,1142,216,161356.000,161356.000,0.000,234,305,295,0,949,928,0,100.00,49:231|74:229|109:235|239:231,54:44|59:22|69:22|74:13|119:126|239:109,49:264|74:242|109:296|239:340,49:1142|74:878|109:636|239:340,"=""49,74,109,239""",0,34,4
CFG_125,1.146,0.019,0.023,0.000,0.760,NO,NO,YES,Feasible,926,1212,286,161356.000,161356.000,0.000,234,305,317,12,949,998,49,100.00,44:185|64:185|84:182|119:187|239:187,44:1|54:22|79:22|109:110|114:22|119:49|239:93,44:208|64:186|84:302|119:236|239:280,44:1212|64:1004|84:818|119:516|239:280,"=""44,64,84,119,239""",0,99,6
CFG_126,1.608,0.027,0.071,0.000,1.144,NO,NO,YES,Feasible,926,1226,300,161356.000,161356.000,0.000,228,305,321,16,949,1012,63,100.00,39:156|59:154|74:151|94:153|129:153|239:159,39:4|69:22|84:22|99:110|129:111|209:44|239:61,39:160|59:154|74:154|94:230|129:308|239:220,39:1226|59:1066|74:912|94:758|129:528|239:220,"=""39,59,74,94,129,239""",0,331,6
CFG_127,2.500,0.042,0.176,0.000,1.643,NO,NO,YES,Feasible,926,1216,290,161356.000,161356.000,0.000,222,305,318,13,949,1002,53,100.00,39:132|54:136|64:134|84:128|99:129|139:136|239:131,44:22|89:66|114:22|139:84|189:66|239:89,39:132|54:136|64:134|84:176|99:132|139:286|239:220,39:1216|54:1084|64:948|84:814|99:638|139:506|239:220,"=""39,54,64,84,99,139,239""",0,656,6
CFG_128,6.190,0.103,0.812,0.000,3.320,NO,NO,YES,Feasible,926,1254,328,161356.000,161356.000,0.000,235,305,330,25,949,1040,91,100.00,34:118|49:113|59:110|74:120|89:120|109:114|149:116|239:115,39:16|44:22|49:1|79:44|89:6|119:44|149:120|169:44|239:83,34:140|49:114|59:110|74:154|89:126|109:132|149:280|239:198,34:1254|49:1114|59:1000|74:890|89:736|109:610|149:478|239:198,"=""34,49,59,74,89,109,149,239""",0,1738,8
CFG_129,12.460,0.208,2.050,0.000,5.931,NO,NO,YES,Feasible,926,1260,334,161356.000,161356.000,0.000,235,305,332,27,949,1046,97,100.00,34:103|49:103|59:103|69:106|79:100|94:99|114:105|149:102|239:105,39:16|49:9|59:7|69:4|79:4|89:22|94:11|114:5|149:134|169:66|239:71,34:104|49:112|59:110|69:110|79:126|94:110|114:110|149:302|239:176,34:1260|49:1156|59:1044|69:934|79:824|94:698|114:588|149:478|239:176,"=""34,49,59,69,79,94,114,149,239""",0,3656,8
CFG_130,38.368,0.639,7.803,0.000,14.679,NO,NO,YES,Feasible,926,1336,410,161356.000,161356.000,0.000,254,305,356,51,949,1122,173,100.00,29:92|44:94|54:93|64:93|74:90|84:91|99:95|119:91|159:94|239:93,29:32|34:16|44:4|59:22|64:11|69:22|74:8|84:19|99:31|134:22|149:44|159:126|239:61,29:140|44:98|54:110|64:126|74:98|84:110|99:126|119:154|159:220|239:154,29:1336|44:1196|54:1098|64:988|74:862|84:764|99:654|119:528|159:374|239:154,"=""29,44,54,64,74,84,99,119,159,239""",0,8925,9
CFG_132,0.865,0.014,0.426,0.000,14.679,NO,NO,NO,Assigned locations (0) are below the required total (926); Capacity margin is negative (-926),926,0,-926,0.000,161356.000,161356.000,0,305,0,0,949,0,0,0.00,84:463|239:463,,,,"=""84,239""",0,0,0
CFG_133,0.749,0.012,0.001,0.000,0.501,NO,NO,YES,Feasible,926,1032,106,161356.000,161356.000,0.000,222,305,260,0,949,818,0,100.00,64:307|109:311|239:308,69:22|99:22|119:170|239:54,64:308|109:362|239:362,64:1032|109:724|239:362,"=""64,109,239""",0,9,3
CFG_134,13.755,0.229,0.005,0.000,13.497,NO,NO,YES,Feasible,926,1054,128,161356.000,161356.000,0.000,222,305,267,0,949,840,0,100.00,59:230|84:234|119:230|239:232,69:22|109:170|119:6|239:108,59:242|84:236|119:236|239:340,59:1054|84:812|119:576|239:340,"=""59,84,119,239""",0,23,3
CFG_135,0.971,0.016,0.012,0.000,0.659,NO,NO,YES,Feasible,926,1146,220,161356.000,161356.000,0.000,222,305,296,0,949,932,0,100.00,54:186|74:186|99:184|129:185|239:185,59:22|99:46|124:22|129:45|209:44|239:57,54:192|74:186|99:252|129:274|239:242,54:1146|74:954|99:768|129:516|239:242,"=""54,74,99,129,239""",0,66,6
CFG_136,1.130,0.019,0.032,0.000,0.777,NO,NO,YES,Feasible,926,1146,220,161356.000,161356.000,0.000,221,305,296,0,949,932,0,100.00,54:154|64:153|84:156|109:154|139:154|239:155,59:38|64:1|84:2|119:66|134:22|139:66|189:66|239:59,54:158|64:154|84:158|109:176|139:286|239:214,54:1146|64:988|84:834|109:676|139:500|239:214,"=""54,64,84,109,139,239""",0,140,6
CFG_137,1.761,0.029,0.081,0.000,1.198,NO,NO,YES,Feasible,926,1200,274,161356.000,161356.000,0.000,235,305,313,8,949,986,37,100.00,49:132|64:134|74:131|94:132|114:133|149:132|239:132,59:22|64:16|79:44|114:15|129:22|149:110|169:44|239:44,49:132|64:150|74:154|94:132|114:170|149:286|239:176,49:1200|64:1068|74:918|94:764|114:632|149:462|239:176,"=""49,64,74,94,114,149,239""",0,369,8
CFG_138,2.751,0.046,0.182,0.000,1.880,NO,NO,YES,Feasible,926,1200,274,161356.000,161356.000,0.000,229,305,313,8,949,986,37,100.00,49:116|59:114|69:118|84:116|104:116|119:114|154:117|239:115,49:4|59:6|69:2|74:22|84:4|109:44|144:22|154:81|159:66|239:61,49:120|59:120|69:142|84:120|104:126|119:132|154:264|239:176,49:1200|59:1080|69:960|84:818|104:698|119:572|154:440|239:176,"=""49,59,69,84,104,119,154,239""",0,737,8
CFG_139,5.575,0.093,0.541,0.000,3.605,NO,NO,YES,Feasible,926,1194,268,161356.000,161356.000,0.000,228,305,311,6,949,980,31,100.00,44:103|59:103|64:100|79:106|89:103|109:102|124:103|159:103|239:103,54:22|59:9|64:4|84:22|94:22|119:44|124:7|149:66|159:95|239:73,44:104|59:112|64:104|79:110|89:104|109:110|124:176|159:198|239:176,44:1194|59:1090|64:978|79:874|89:764|109:660|124:550|159:374|239:176,"=""44,59,64,79,89,109,124,159,239""",0,1843,7
CFG_140,9.493,0.158,1.172,0.000,5.706,NO,NO,YES,Feasible,926,1216,290,161356.000,161356.000,0.000,235,305,318,13,949,1002,53,100.00,44:90|54:95|64:87|74:98|84:93|99:91|109:93|129:93|164:93|239:93,44:6|54:15|64:1|84:17|99:7|119:44|139:22|164:127|214:66|239:17,44:96|54:110|64:88|74:98|84:110|99:98|109:110|129:110|164:286|239:110,44:1216|54:1120|64:1010|74:922|84:824|99:714|109:616|129:506|164:396|239:110,"=""44,54,64,74,84,99,109,129,164,239""",0,3369,7
CFG_142,1.285,0.021,0.422,0.000,0.002,NO,NO,NO,Exact minimum family counts are not satisfied across the completed layout,926,1498,572,161356.000,161356.000,0.000,294,305,408,103,949,1284,335,100.00,94:462|239:464,94:1036,94:1498,94:1498,"=""94,239""",0,1,1
CFG_143,0.614,0.010,0.001,0.000,0.359,NO,NO,YES,Feasible,926,1010,84,161356.000,161356.000,0.000,228,305,253,0,949,796,0,100.00,74:308|119:310|239:308,79:44|94:22|109:148|119:36|239:10,74:346|119:346|239:318,74:1010|119:664|239:318,"=""74,119,239""",0,7,4
CFG_144,8.191,0.137,0.004,0.000,7.952,NO,NO,YES,Feasible,926,1032,106,161356.000,161356.000,0.000,222,305,260,0,949,818,0,100.00,69:225|94:236|129:233|239:232,74:22|84:22|99:148|209:22|239:86,69:242|94:236|129:236|239:318,69:1032|94:790|129:554|239:318,"=""69,94,129,239""",0,16,4
CFG_145,0.873,0.015,0.009,0.000,0.587,NO,NO,YES,Feasible,926,1102,176,161356.000,161356.000,0.000,229,305,282,0,949,888,0,100.00,64:186|84:185|109:184|139:187|239:184,69:16|74:22|89:22|99:22|119:66|134:44|139:71|189:22|239:36,64:186|84:208|109:208|139:280|239:220,64:1102|84:916|109:708|139:500|239:220,"=""64,84,109,139,239""",0,50,7
CFG_146,1.214,0.020,0.024,0.000,0.828,NO,NO,YES,Feasible,926,1140,214,161356.000,161356.000,0.000,234,305,294,0,949,926,0,100.00,59:153|74:155|94:154|119:156|149:152|239:156,64:38|79:110|119:8|149:68|169:44|239:42,59:158|74:202|94:154|119:164|149:264|239:198,59:1140|74:982|94:780|119:626|149:462|239:198,"=""59,74,94,119,149,239""",0,120,7
CFG_147,1.558,0.026,0.049,0.000,1.114,NO,NO,YES,Feasible,926,1156,230,161356.000,161356.000,0.000,234,305,299,0,949,942,0,100.00,59:134|69:130|84:134|104:131|124:135|154:131|239:131,64:16|79:22|84:8|104:45|124:19|154:1|159:66|239:67,59:136|69:152|84:142|104:176|124:154|154:198|239:198,59:1156|69:1020|84:868|104:726|124:550|154:396|239:198,"=""59,69,84,104,124,154,239""",0,239,7
CFG_148,1.935,0.032,0.099,0.000,1.345,NO,NO,YES,Feasible,926,1140,214,161356.000,161356.000,0.000,227,305,294,0,949,926,0,100.00,59:115|69:110|79:120|94:117|114:117|129:115|164:115|239:117,64:22|79:4|99:22|114:15|129:11|139:22|164:61|214:44|239:37,59:120|69:110|79:124|94:132|114:132|129:148|164:220|239:154,59:1140|69:1020|79:910|94:786|114:654|129:522|164:374|239:154,"=""59,69,79,94,114,129,164,239""",0,439,7
CFG_149,3.236,0.054,0.219,0.000,2.279,NO,NO,YES,Feasible,926,1156,230,161356.000,161356.000,0.000,227,305,299,0,949,942,0,100.00,54:103|64:102|74:103|89:104|104:103|119:102|134:103|169:103|239:103,59:38|79:44|104:1|109:44|129:44|164:22|169:73|199:22|239:51,54:120|64:102|74:110|89:104|104:148|119:110|134:110|169:198|239:154,54:1156|64:1036|74:934|89:824|104:720|119:572|134:462|169:352|239:154,"=""54,64,74,89,104,119,134,169,239""",0,937,8
CFG_150,5.142,0.086,0.389,0.000,3.640,NO,NO,YES,Feasible,926,1200,274,161356.000,161356.000,0.000,242,305,313,8,949,986,37,100.00,54:92|64:94|69:94|84:91|94:91|109:93|124:93|139:94|174:91|239:93,54:6|59:38|64:4|74:22|79:22|84:7|94:13|114:22|134:22|139:16|174:85|184:44|239:17,54:136|64:98|69:104|84:98|94:104|109:110|124:110|139:110|174:220|239:110,54:1200|64:1064|69:966|84:862|94:764|109:660|124:550|139:440|174:330|239:110,"=""54,64,69,84,94,109,124,139,174,239""",0,1775,8
CFG_152,0.852,0.014,0.422,0.000,3.640,NO,NO,NO,Assigned locations (0) are below the required total (926); Capacity margin is negative (-926),926,0,-926,0.000,161356.000,161356.000,0,305,0,0,949,0,0,0.00,104:463|239:463,,,,"=""104,239""",0,0,0
CFG_153,0.563,0.009,0.001,0.000,0.350,NO,NO,YES,Feasible,926,966,40,161356.000,161356.000,0.000,222,305,239,0,949,752,0,100.00,84:308|134:310|239:308,94:148|99:22|104:22|154:22|239:10,84:324|134:324|239:318,84:966|134:642|239:318,"=""84,134,239""",0,7,4
CFG_154,7.713,0.129,0.003,0.000,7.472,NO,NO,YES,Feasible,926,1032,106,161356.000,161356.000,0.000,212,305,260,0,949,818,0,100.00,74:230|104:234|144:229|239:233,84:126|94:44|104:8|179:22|239:41,74:280|104:242|144:236|239:274,74:1032|104:752|144:510|239:274,"=""74,104,144,239""",0,18,4
CFG_155,0.851,0.014,0.006,0.000,0.583,NO,NO,YES,Feasible,926,1074,148,161356.000,161356.000,0.000,229,305,273,0,949,860,0,100.00,69:184|94:188|124:183|149:186|239:185,79:104|109:22|114:44|124:9|169:44|239:35,69:250|94:192|124:192|149:220|239:220,69:1074|94:824|124:632|149:440|239:220,"=""69,94,124,149,239""",0,37,7
CFG_156,0.995,0.017,0.014,0.000,0.696,NO,NO,YES,Feasible,926,1108,182,161356.000,161356.000,0.000,241,305,284,0,949,894,0,100.00,69:153|84:156|104:155|134:155|154:154|239:153,74:44|94:60|104:3|134:9|154:44|159:44|239:23,69:176|84:192|104:158|134:164|154:242|239:176,69:1108|84:932|104:740|134:582|154:418|239:176,"=""69,84,104,134,154,239""",0,68,8
CFG_157,1.240,0.021,0.031,0.000,0.865,NO,NO,YES,Feasible,926,1124,198,161356.000,161356.000,0.000,229,305,289,0,949,910,0,100.00,64:132|74:131|94:133|119:133|139:133|164:132|239:132,64:22|79:22|89:22|94:1|124:22|134:22|139:21|164:88|214:22,64:154|74:154|94:134|119:154|139:154|164:242|239:132,64:1124|74:970|94:816|119:682|139:528|164:374|239:132,"=""64,74,94,119,139,164,239""",0,162,9
CFG_158,1.685,0.028,0.059,0.000,1.222,NO,NO,YES,Feasible,926,1124,198,161356.000,161356.000,0.000,235,305,289,0,949,910,0,100.00,64:114|74:115|89:117|104:117|129:117|144:113|169:118|239:115,69:22|84:88|89:9|104:3|134:22|144:19|199:22|239:61,64:114|74:198|89:126|104:120|129:132|144:132|169:126|239:176,64:1124|74:1010|89:812|104:686|129:566|144:434|169:302|239:176,"=""64,74,89,104,129,144,169,239""",0,336,7
CFG_159,2.249,0.037,0.112,0.000,1.624,NO,NO,YES,Feasible,926,1124,198,161356.000,161356.000,0.000,235,305,289,0,949,910,0,100.00,64:101|69:110|84:98|99:104|114:103|134:103|149:101|174:103|239:103,64:9|79:22|89:16|114:7|134:1|149:9|169:44|174:51|184:44|239:7,64:110|69:132|84:102|99:104|114:110|134:104|149:154|174:198|239:110,64:1124|69:1014|84:882|99:780|114:676|134:566|149:462|174:308|239:110,"=""64,69,84,99,114,134,149,174,239""",0,525,8
CFG_160,3.184,0.053,0.197,0.000,2.257,NO,NO,YES,Feasible,926,1162,236,161356.000,161356.000,0.000,241,305,301,0,949,948,0,100.00,64:93|69:92|79:94|94:94|104:91|124:92|139:94|149:91|179:94|239:91,64:11|79:54|94:4|104:13|124:40|139:16|149:19|169:44|179:16|239:19,64:104|69:92|79:148|94:98|104:104|124:132|139:110|149:154|179:110|239:110,64:1162|69:1058|79:966|94:818|104:720|124:616|139:484|149:374|179:220|239:110,"=""64,69,79,94,104,124,139,149,179,239""",0,913,9
CFG_162,0.855,0.014,0.415,0.000,0.001,NO,NO,NO,Assigned locations (856) are below the required total (926); Capacity margin is negative (-70),926,856,-70,161356.000,161356.000,0.000,204,305,204,0,949,642,0,100.00,114:463|239:463,,114:428|239:428,114:856|239:428,"=""114,239""",0,1,1
CFG_163,2.987,0.050,0.001,0.000,2.902,NO,NO,NO,Assigned locations (916) are below the required total (926); Capacity margin is negative (-10),926,916,-10,161356.000,161356.000,0.000,214,305,223,0,949,702,0,100.00,89:308|149:310|239:308,94:44|124:16|139:110|169:44,89:312|149:324|239:280,89:916|149:604|239:280,"=""89,149,239""",0,6,4
CFG_164,5.865,0.098,0.007,0.000,5.636,NO,NO,YES,Feasible,926,988,62,161356.000,161356.000,0.000,228,305,246,0,949,774,0,100.00,74:232|114:231|154:232|239:231,104:66|114:11|159:22|239:43,74:236|114:242|154:236|239:274,74:988|114:752|154:510|239:274,"=""74,114,154,239""",0,17,4
CFG_165,0.821,0.014,0.005,0.000,0.559,NO,NO,YES,Feasible,926,1058,132,161356.000,161356.000,0.000,221,305,268,0,949,844,0,100.00,69:186|104:184|139:186|159:185|239:185,69:54|89:22|114:22|119:22|149:66|159:35|239:13,69:262|104:192|139:186|159:220|239:198,69:1058|104:796|139:604|159:418|239:198,"=""69,104,139,159,239""",0,47,6
CFG_166,0.958,0.016,0.010,0.000,0.658,NO,NO,YES,Feasible,926,1080,154,161356.000,161356.000,0.000,225,305,275,0,949,866,0,100.00,69:150|89:157|114:155|149:155|169:155|239:154,69:14|79:44|94:22|114:3|149:65|199:22,69:208|89:164|114:158|149:220|169:176|239:154,69:1080|89:872|114:708|149:550|169:330|239:154,"=""69,89,114,149,169,239""",0,74,7
CFG_167,1.071,0.018,0.020,0.000,0.749,NO,NO,YES,Feasible,926,1064,138,161356.000,161356.000,0.000,229,305,270,0,949,850,0,100.00,69:128|79:139|109:128|134:134|154:132|174:131|239:134,74:66|84:16|119:66|134:2|154:22|184:22|239:42,69:176|79:142|109:148|134:136|154:154|174:132|239:176,69:1064|79:888|109:746|134:598|154:462|174:308|239:176,"=""69,79,109,134,154,174,239""",0,116,9
CFG_168,1.436,0.024,0.038,0.000,1.059,NO,NO,YES,Feasible,926,1080,154,161356.000,161356.000,0.000,229,305,275,0,949,866,0,100.00,69:114|74:117|99:116|114:116|144:116|154:117|179:115|239:115,69:6|74:25|109:44|114:4|144:10|159:22|169:22|179:17|239:39,69:120|74:142|99:154|114:120|144:126|154:132|179:132|239:154,69:1080|74:960|99:818|114:664|144:544|154:418|179:286|239:154,"=""69,74,99,114,144,154,179,239""",0,223,10
CFG_169,1.689,0.028,0.066,0.000,1.225,NO,NO,YES,Feasible,926,1080,154,161356.000,161356.000,0.000,220,305,275,0,949,866,0,100.00,69:103|74:103|89:102|109:104|129:102|149:103|159:103|184:103|239:103,69:5|74:7|79:22|89:2|134:22|144:22|154:22|159:29|179:22|184:45|239:7,69:108|74:132|89:104|109:104|129:110|149:110|159:154|184:148|239:110,69:1080|74:972|89:840|109:736|129:632|149:522|159:412|184:258|239:110,"=""69,74,89,109,129,149,159,184,239""",0,371,9
CFG_170,1.928,0.032,0.059,0.000,1.464,NO,NO,YES,Feasible,926,1102,176,161356.000,161356.000,0.000,228,305,282,0,949,888,0,100.00,69:185|79:91|104:93|114:93|139:93|149:91|159:94|184:93|239:93,74:38|79:1|99:22|104:5|129:22|134:44|139:11|149:19|159:16|179:22|184:17|239:17,69:214|79:114|104:98|114:110|139:104|149:110|159:132|184:110|239:110,69:1102|79:888|104:774|114:676|139:566|149:462|159:352|184:220|239:110,"=""69,79,104,114,139,149,159,184,239""",0,364,10
CFG_172,0.886,0.015,0.431,0.000,0.002,NO,NO,NO,Assigned locations (856) are below the required total (926); Capacity margin is negative (-70),926,856,-70,161356.000,161356.000,0.000,204,305,204,0,949,642,0,100.00,114:486|239:440,,114:428|239:428,114:856|239:428,"=""114,239""",0,1,1
CFG_173,2.825,0.047,0.001,0.000,2.742,NO,NO,NO,Assigned locations (904) are below the required total (926); Capacity margin is negative (-22),926,904,-22,161356.000,161356.000,0.000,204,305,219,0,949,690,0,100.00,89:307|149:263|239:356,124:16|139:110|169:88,89:332|149:264|239:308,89:904|149:572|239:308,"=""89,149,239""",0,6,3
CFG_174,3.305,0.055,0.002,0.000,3.075,NO,NO,YES,Feasible,926,1010,84,161356.000,161356.000,0.000,222,305,253,0,949,796,0,100.00,79:232|114:254|154:189|239:251,79:10|89:22|114:20|159:66|239:23,79:264|114:274|154:198|239:274,79:1010|114:746|154:472|239:274,"=""79,114,154,239""",0,14,4
CFG_175,2.181,0.036,0.005,0.000,1.948,NO,NO,YES,Feasible,926,998,72,161356.000,161356.000,0.000,208,305,249,0,949,784,0,100.00,69:184|109:162|144:214|174:178|239:188,84:44|119:22|124:22|149:88|184:22|239:10,69:208|109:164|144:236|174:192|239:198,69:998|109:790|144:626|174:390|239:198,"=""69,109,144,174,239""",0,37,7
CFG_176,0.883,0.015,0.012,0.000,0.614,NO,NO,YES,Feasible,926,1052,126,161356.000,161356.000,0.000,222,305,266,0,949,838,0,100.00,69:184|89:122|114:180|149:84|179:206|239:150,74:22|79:22|94:22|104:22|109:66|114:6|149:4|169:44|179:14|239:4,69:206|89:154|114:186|149:132|179:220|239:154,69:1052|89:846|114:692|149:506|179:374|239:154,"=""69,89,114,149,179,239""",0,73,8
CFG_177,1.112,0.019,0.019,0.000,0.787,NO,NO,YES,Feasible,926,1086,160,161356.000,161356.000,0.000,229,305,277,0,949,872,0,100.00,69:184|79:50|109:177|134:127|154:137|179:101|239:150,74:88|89:38|129:22|134:5|154:17|159:22|169:22|179:3|239:4,69:264|79:54|109:180|134:132|154:198|179:104|239:154,69:1086|79:822|109:768|134:588|154:456|179:258|239:154,"=""69,79,109,134,154,179,239""",0,125,8
CFG_178,1.534,0.026,0.036,0.000,1.145,NO,NO,YES,Feasible,926,1080,154,161356.000,161356.000,0.000,228,305,275,0,949,866,0,100.00,69:184|79:47|109:114|114:140|149:84|154:106|184:163|239:88,74:44|84:22|99:22|119:22|129:22|149:4|154:26|184:35|239:22,69:208|79:82|109:114|114:148|149:88|154:132|184:198|239:110,69:1080|79:872|109:790|114:676|149:528|154:440|184:308|239:110,"=""69,79,109,114,149,154,184,239""",0,235,9
CFG_179,1.906,0.032,0.066,0.000,1.430,NO,NO,YES,Feasible,926,1080,154,161356.000,161356.000,0.000,229,305,275,0,949,866,0,100.00,69:36|74:156|89:114|109:105|129:94|149:65|164:150|184:118|239:88,69:8|79:22|89:6|99:44|119:66|129:4|149:1|174:22|184:36|239:22,69:44|74:158|89:164|109:132|129:98|149:66|164:154|184:154|239:110,69:1080|74:1036|89:878|109:714|129:582|149:484|164:418|184:264|239:110,"=""69,74,89,109,129,149,164,184,239""",0,373,9
CFG_180,1.778,0.030,0.061,0.000,1.336,NO,NO,YES,Feasible,926,1086,160,161356.000,161356.000,0.000,221,305,277,0,949,872,0,100.00,69:185|79:110|109:51|114:140|144:74|154:115|174:62|184:101|239:88,74:16|109:3|114:2|129:22|144:14|159:22|174:70|184:31,69:192|79:110|109:54|114:164|144:88|154:126|174:132|184:132|239:88,69:1086|79:894|109:784|114:730|144:566|154:478|174:352|184:220|239:88,"=""69,79,109,114,144,154,174,184,239""",0,310,9
