Config_ID,Source_Slot_Sizes,Assigned_Locations_Total,Capacity_Margin,Occupancy_Rate,Occupied_Locations,Empty_Locations,Occupied_Slot_Space_cm,Empty_Slot_Space_cm,Total_Slot_Space_cm,Occupied_Slot_Space_m3,Empty_Slot_Space_m3,Total_Slot_Space_m3,Space_Utilization_Pct,Beam_Relocations_Total,Required_Beams_Total,Additional_Beams_Required,Required_Grids_Total,Additional_Grids_Required,Implementation_Effort_Total,Standardization_Unique_Slot_Sizes,Additional_Fill_Height_Total_cm,Additional_Fill_Extra_Slot_Size_Variants,Additional_Fill_Extra_Slot_Sizes,Robustness
CFG_175,"=""69,109,144,174,239""",998,72,0.000000,926,72,137074,9868,146942,1370.740000,98.680000,1469.420000,93.2844,208,249,0,784,0,208,5,0,0,,1.000000
CFG_105,"=""74,94,134,189,239""",1014,88,0.000000,926,88,132674,14782,147456,1326.740000,147.820000,1474.560000,89.9753,210,254,0,800,0,210,5,0,0,,1.000000
CFG_093,"=""104,169,239""",966,40,0.000000,926,40,134329,8185,142514,1343.290000,81.850000,1425.140000,94.2567,212,239,0,752,0,212,3,0,0,,0.833333
CFG_154,"=""74,104,144,239""",1032,106,0.000000,926,106,130019,15339,145358,1300.190000,153.390000,1453.580000,89.4474,212,260,0,818,0,212,4,0,0,,1.000000
CFG_169,"=""69,74,89,109,129,149,159,184,239""",1080,154,0.000000,926,154,123594,22806,146400,1235.940000,228.060000,1464.000000,84.4221,220,275,0,866,0,220,9,0,0,,1.000000
CFG_058,"=""74,94,114,144,164,189,229,239""",1048,122,0.000000,926,122,124994,22058,147052,1249.940000,220.580000,1470.520000,84.9999,221,265,0,834,0,221,8,0,0,,1.000000
CFG_117,"=""74,89,109,139,164,189,239""",1042,116,0.000000,926,116,128544,19044,147588,1285.440000,190.440000,1475.880000,87.0965,221,263,0,828,0,221,7,0,0,,1.000000
CFG_136,"=""54,64,84,109,139,239""",1146,220,0.000000,926,220,106449,35295,141744,1064.490000,352.950000,1417.440000,75.0995,221,296,0,932,0,221,6,0,0,,0.666667
CFG_165,"=""69,104,139,159,239""",1058,132,0.000000,926,132,131454,14748,146202,1314.540000,147.480000,1462.020000,89.9126,221,268,0,844,0,221,5,0,0,,1.000000
CFG_180,"=""69,79,109,114,144,154,174,184,239""",1086,160,0.000000,926,160,121744,25140,146884,1217.440000,251.400000,1468.840000,82.8845,221,277,0,872,0,221,9,0,0,,1.000000
CFG_044,"=""89,119,189,239""",1010,84,0.000000,926,84,135154,11056,146210,1351.540000,110.560000,1462.100000,92.4383,222,253,0,796,0,222,4,0,0,,1.000000
CFG_110,"=""54,74,89,104,119,139,149,164,189,239""",1080,154,0.000000,926,154,121954,24396,146350,1219.540000,243.960000,1463.500000,83.3304,222,275,0,866,0,222,10,0,0,,1.000000
CFG_116,"=""74,94,114,144,179,239""",1042,116,0.000000,926,116,130494,16134,146628,1304.940000,161.340000,1466.280000,88.9966,222,263,0,828,0,222,6,0,0,,1.000000
CFG_123,"=""59,94,239""",1054,128,0.000000,926,128,121434,18582,140016,1214.340000,185.820000,1400.160000,86.7287,222,267,0,840,0,222,3,0,0,,0.333333
CFG_133,"=""64,109,239""",1032,106,0.000000,926,106,127159,18529,145688,1271.590000,185.290000,1456.880000,87.2817,222,260,0,818,0,222,3,0,0,,0.500000
CFG_134,"=""59,84,119,239""",1054,128,0.000000,926,128,116044,27402,143446,1160.440000,274.020000,1434.460000,80.8973,222,267,0,840,0,222,4,0,0,,0.666667
CFG_135,"=""54,74,99,129,239""",1146,220,0.000000,926,220,110104,32160,142264,1101.040000,321.600000,1422.640000,77.3941,222,296,0,932,0,222,5,0,0,,0.500000
CFG_144,"=""69,94,129,239""",1032,106,0.000000,926,106,123214,22114,145328,1232.140000,221.140000,1453.280000,84.7834,222,260,0,818,0,222,4,0,0,,0.666667
CFG_153,"=""84,134,239""",966,40,0.000000,926,40,141024,5610,146634,1410.240000,56.100000,1466.340000,96.1741,222,239,0,752,0,222,3,0,0,,0.666667
CFG_174,"=""79,114,154,239""",1010,84,0.000000,926,84,136379,11691,148070,1363.790000,116.910000,1480.700000,92.1044,222,253,0,796,0,222,4,0,0,,1.000000
CFG_176,"=""69,89,114,149,179,239""",1052,126,0.000000,926,126,129314,15664,144978,1293.140000,156.640000,1449.780000,89.1956,222,266,0,838,0,222,6,0,0,,1.000000
CFG_115,"=""74,94,139,179,239""",1042,116,0.000000,926,116,134444,10474,144918,1344.440000,104.740000,1449.180000,92.7725,223,263,0,828,0,223,5,0,0,,1.000000
CFG_064,"=""64,104,169,239""",1120,194,0.000000,926,194,102859,40271,143130,1028.590000,402.710000,1431.300000,71.8640,224,288,0,906,0,224,4,0,0,,0.666667
CFG_166,"=""69,89,114,149,169,239""",1080,154,0.000000,926,154,128089,18201,146290,1280.890000,182.010000,1462.900000,87.5583,225,275,0,866,0,225,6,0,0,,1.000000
CFG_050,"=""74,89,104,119,139,149,164,189,219,239""",1086,160,0.000000,926,160,121584,24890,146474,1215.840000,248.900000,1464.740000,83.0072,227,277,0,872,0,227,10,0,0,,1.000000
CFG_054,"=""94,114,189,239""",1010,84,0.000000,926,84,136634,9166,145800,1366.340000,91.660000,1458.000000,93.7133,227,253,0,796,0,227,4,0,0,,1.000000
CFG_094,"=""84,124,174,239""",1010,84,0.000000,926,84,127679,17761,145440,1276.790000,177.610000,1454.400000,87.7881,227,253,0,796,0,227,4,0,0,,1.000000
CFG_119,"=""74,79,94,109,114,144,164,189,239""",1080,154,0.000000,926,154,124379,23011,147390,1243.790000,230.110000,1473.900000,84.3877,227,275,0,866,0,227,9,0,0,,1.000000
CFG_148,"=""59,69,79,94,114,129,164,239""",1140,214,0.000000,926,214,109849,34051,143900,1098.490000,340.510000,1439.000000,76.3370,227,294,0,926,0,227,8,0,0,,0.833333
CFG_149,"=""54,64,74,89,104,119,134,169,239""",1156,230,0.000000,926,230,107644,36250,143894,1076.440000,362.500000,1438.940000,74.8078,227,299,0,942,0,227,9,0,0,,0.833333
CFG_033,"=""119,189,239""",944,18,0.000000,926,18,141174,2142,143316,1411.740000,21.420000,1433.160000,98.5054,228,232,0,730,0,228,3,0,0,,0.666667
CFG_034,"=""74,119,189,239""",1010,84,0.000000,926,84,129744,14796,144540,1297.440000,147.960000,1445.400000,89.7634,228,253,0,796,0,228,4,0,0,,1.000000
CFG_084,"=""79,114,169,239""",1054,128,0.000000,926,128,119734,25872,145606,1197.340000,258.720000,1456.060000,82.2315,228,267,0,840,0,228,4,0,0,,1.000000
CFG_096,"=""69,89,119,149,189,239""",1096,170,0.000000,926,170,120124,24760,144884,1201.240000,247.600000,1448.840000,82.9105,228,280,0,882,0,228,6,0,0,,1.000000
CFG_097,"=""64,84,104,129,154,189,239""",1096,170,0.000000,926,170,117174,27930,145104,1171.740000,279.300000,1451.040000,80.7517,228,280,0,882,0,228,7,0,0,,1.000000
CFG_104,"=""89,134,189,239""",988,62,0.000000,926,62,136049,11303,147352,1360.490000,113.030000,1473.520000,92.3293,228,246,0,774,0,228,4,0,0,,1.000000
CFG_107,"=""74,94,119,144,164,189,239""",1080,154,0.000000,926,154,124189,21661,145850,1241.890000,216.610000,1458.500000,85.1484,228,275,0,866,0,228,7,0,0,,1.000000
CFG_118,"=""74,79,94,114,144,164,189,239""",1080,154,0.000000,926,154,124869,22191,147060,1248.690000,221.910000,1470.600000,84.9102,228,275,0,866,0,228,8,0,0,,1.000000
CFG_143,"=""74,119,239""",1010,84,0.000000,926,84,133294,9486,142780,1332.940000,94.860000,1427.800000,93.3562,228,253,0,796,0,228,3,0,0,,0.500000
CFG_164,"=""74,114,154,239""",988,62,0.000000,926,62,134439,12443,146882,1344.390000,124.430000,1468.820000,91.5286,228,246,0,774,0,228,4,0,0,,1.000000
CFG_170,"=""69,79,104,114,139,149,159,184,239""",1102,176,0.000000,926,176,120999,23869,144868,1209.990000,238.690000,1448.680000,83.5236,228,282,0,888,0,228,9,0,0,,1.000000
CFG_178,"=""69,79,109,114,149,154,184,239""",1080,154,0.000000,926,154,124659,21631,146290,1246.590000,216.310000,1462.900000,85.2136,228,275,0,866,0,228,8,0,0,,1.000000
CFG_023,"=""114,194,239""",966,40,0.000000,926,40,135764,6740,142504,1357.640000,67.400000,1425.040000,95.2703,229,239,0,752,0,229,3,0,0,,0.666667
CFG_027,"=""59,84,94,114,144,194,239""",1134,208,0.000000,926,208,110844,34362,145206,1108.440000,343.620000,1452.060000,76.3357,229,292,0,920,0,229,7,0,0,,1.000000
CFG_039,"=""59,74,94,119,139,154,189,224,239""",1124,198,0.000000,926,198,113709,31657,145366,1137.090000,316.570000,1453.660000,78.2226,229,289,0,910,0,229,9,0,0,,1.000000
CFG_048,"=""74,89,119,139,164,189,219,239""",1070,144,0.000000,926,144,123624,22996,146620,1236.240000,229.960000,1466.200000,84.3159,229,272,0,856,0,229,8,0,0,,1.000000
CFG_073,"=""84,154,239""",1032,106,0.000000,926,106,119529,19089,138618,1195.290000,190.890000,1386.180000,86.2291,229,260,0,818,0,229,3,0,0,,0.500000
CFG_085,"=""74,104,139,184,239""",1098,172,0.000000,926,172,113934,30998,144932,1139.340000,309.980000,1449.320000,78.6120,229,281,0,884,0,229,5,0,0,,0.833333
CFG_109,"=""54,74,89,104,124,144,164,189,239""",1102,176,0.000000,926,176,123414,22584,145998,1234.140000,225.840000,1459.980000,84.5313,229,282,0,888,0,229,9,0,0,,1.000000
CFG_145,"=""64,84,109,139,239""",1102,176,0.000000,926,176,117469,26079,143548,1174.690000,260.790000,1435.480000,81.8326,229,282,0,888,0,229,5,0,0,,0.666667
CFG_155,"=""69,94,124,149,239""",1074,148,0.000000,926,148,124989,19477,144466,1249.890000,194.770000,1444.660000,86.5179,229,273,0,860,0,229,5,0,0,,1.000000
CFG_157,"=""64,74,94,119,139,164,239""",1124,198,0.000000,926,198,118154,26662,144816,1181.540000,266.620000,1448.160000,81.5891,229,289,0,910,0,229,7,0,0,,0.833333
CFG_167,"=""69,79,109,134,154,174,239""",1064,138,0.000000,926,138,126869,19597,146466,1268.690000,195.970000,1464.660000,86.6201,229,270,0,850,0,229,7,0,0,,1.000000
CFG_168,"=""69,74,99,114,144,154,179,239""",1080,154,0.000000,926,154,124024,22596,146620,1240.240000,225.960000,1466.200000,84.5887,229,275,0,866,0,229,8,0,0,,1.000000
CFG_177,"=""69,79,109,134,154,179,239""",1086,160,0.000000,926,160,127984,17720,145704,1279.840000,177.200000,1457.040000,87.8384,229,277,0,872,0,229,7,0,0,,1.000000
CFG_179,"=""69,74,89,109,129,149,164,184,239""",1080,154,0.000000,926,154,124774,21296,146070,1247.740000,212.960000,1460.700000,85.4207,229,275,0,866,0,229,9,0,0,,1.000000
CFG_089,"=""54,64,79,94,114,134,159,194,239""",1162,236,0.000000,926,236,106774,38204,144978,1067.740000,382.040000,1449.780000,73.6484,230,301,0,948,0,230,9,0,0,,1.000000
CFG_076,"=""54,74,99,134,184,239""",1162,236,0.000000,926,236,104754,38114,142868,1047.540000,381.140000,1428.680000,73.3222,232,301,0,948,0,232,6,0,0,,0.833333
CFG_038,"=""74,94,119,139,154,189,224,239""",1136,210,0.000000,926,210,115154,29560,144714,1151.540000,295.600000,1447.140000,79.5735,233,293,0,922,0,233,8,0,0,,0.666667
CFG_056,"=""94,114,144,164,189,239""",1042,116,0.000000,926,116,129304,18034,147338,1293.040000,180.340000,1473.380000,87.7601,233,263,0,828,0,233,6,0,0,,1.000000
CFG_059,"=""54,74,94,114,144,164,189,229,239""",1048,122,0.000000,926,122,124714,21738,146452,1247.140000,217.380000,1464.520000,85.1569,233,265,0,834,0,233,9,0,0,,1.000000
CFG_060,"=""54,74,94,109,114,144,164,189,229,239""",1064,138,0.000000,926,138,124514,21922,146436,1245.140000,219.220000,1464.360000,85.0296,233,270,0,850,0,233,10,0,0,,1.000000
CFG_087,"=""59,74,94,114,144,184,239""",1140,214,0.000000,926,214,109489,35981,145470,1094.890000,359.810000,1454.700000,75.2657,233,294,0,926,0,233,7,0,0,,1.000000
CFG_003,"=""69,124,239""",1076,150,0.000000,926,150,110949,30115,141064,1109.490000,301.150000,1410.640000,78.6515,234,274,0,862,0,234,3,0,0,,0.500000
CFG_013,"=""74,124,239""",1054,128,0.000000,926,128,119914,21692,141606,1199.140000,216.920000,1416.060000,84.6814,234,267,0,840,0,234,3,0,0,,0.500000
CFG_014,"=""74,124,184,239""",1076,150,0.000000,926,150,112599,29425,142024,1125.990000,294.250000,1420.240000,79.2817,234,274,0,862,0,234,4,0,0,,0.666667
CFG_063,"=""69,139,239""",1054,128,0.000000,926,128,112434,28892,141326,1124.340000,288.920000,1413.260000,79.5565,234,267,0,840,0,234,3,0,0,,0.500000
CFG_074,"=""79,119,179,239""",1076,150,0.000000,926,150,111434,31690,143124,1114.340000,316.900000,1431.240000,77.8584,234,274,0,862,0,234,4,0,0,,0.666667
CFG_100,"=""59,69,79,94,104,124,139,159,189,239""",1140,214,0.000000,926,214,114419,31021,145440,1144.190000,310.210000,1454.400000,78.6709,234,294,0,926,0,234,10,0,0,,1.000000
CFG_106,"=""74,94,129,159,189,239""",1064,138,0.000000,926,138,126379,19287,145666,1263.790000,192.870000,1456.660000,86.7594,234,270,0,850,0,234,6,0,0,,1.000000
CFG_108,"=""69,79,94,119,144,164,189,239""",1080,154,0.000000,926,154,123839,22451,146290,1238.390000,224.510000,1462.900000,84.6531,234,275,0,866,0,234,8,0,0,,1.000000
CFG_120,"=""74,79,89,104,114,144,154,174,204,239""",1086,160,0.000000,926,160,124829,22165,146994,1248.290000,221.650000,1469.940000,84.9212,234,277,0,872,0,234,10,0,0,,1.000000
CFG_124,"=""49,74,109,239""",1142,216,0.000000,926,216,109089,35279,144368,1090.890000,352.790000,1443.680000,75.5631,234,295,0,928,0,234,4,0,0,,0.500000
CFG_146,"=""59,74,94,119,149,239""",1140,214,0.000000,926,214,113469,31451,144920,1134.690000,314.510000,1449.200000,78.2977,234,294,0,926,0,234,6,0,0,,0.833333
CFG_147,"=""59,69,84,104,124,154,239""",1156,230,0.000000,926,230,109979,35675,145654,1099.790000,356.750000,1456.540000,75.5070,234,299,0,942,0,234,7,0,0,,0.833333
CFG_004,"=""69,124,189,239""",1098,172,0.000000,926,172,105749,37603,143352,1057.490000,376.030000,1433.520000,73.7688,235,281,0,884,0,235,4,0,0,,0.666667
CFG_026,"=""59,84,114,144,194,239""",1118,192,0.000000,926,192,112624,32238,144862,1126.240000,322.380000,1448.620000,77.7457,235,287,0,904,0,235,6,0,0,,1.000000
CFG_057,"=""94,114,144,164,189,229,239""",1032,106,0.000000,926,106,128629,18099,146728,1286.290000,180.990000,1467.280000,87.6649,235,260,0,818,0,235,7,0,0,,1.000000
CFG_095,"=""84,114,149,189,239""",1080,154,0.000000,926,154,122394,22826,145220,1223.940000,228.260000,1452.200000,84.2818,235,275,0,866,0,235,5,0,0,,1.000000
CFG_099,"=""64,74,89,104,119,139,159,189,239""",1124,198,0.000000,926,198,115309,30527,145836,1153.090000,305.270000,1458.360000,79.0676,235,289,0,910,0,235,9,0,0,,1.000000
CFG_114,"=""94,129,174,239""",966,40,0.000000,926,40,138459,7155,145614,1384.590000,71.550000,1456.140000,95.0863,235,239,0,752,0,235,4,0,0,,1.000000
CFG_158,"=""64,74,89,104,129,144,169,239""",1124,198,0.000000,926,198,117179,27857,145036,1171.790000,278.570000,1450.360000,80.7930,235,289,0,910,0,235,8,0,0,,1.000000
CFG_159,"=""64,69,84,99,114,134,149,174,239""",1124,198,0.000000,926,198,115714,29462,145176,1157.140000,294.620000,1451.760000,79.7060,235,289,0,910,0,235,9,0,0,,1.000000
CFG_030,"=""59,69,84,94,114,144,169,194,229,239""",1162,236,0.000000,926,236,106874,38354,145228,1068.740000,383.540000,1452.280000,73.5905,238,301,0,948,0,238,10,0,0,,1.000000
CFG_088,"=""59,69,84,104,124,149,184,239""",1168,242,0.000000,926,242,107649,36713,144362,1076.490000,367.130000,1443.620000,74.5688,233,303,0,954,5,238,8,0,0,,1.000000
CFG_098,"=""64,74,89,109,129,154,189,239""",1124,198,0.000000,926,198,116624,28332,144956,1166.240000,283.320000,1449.560000,80.4548,239,289,0,910,0,239,8,0,0,,1.000000
CFG_015,"=""74,94,124,184,239""",1152,226,0.000000,926,226,107619,36509,144128,1076.190000,365.090000,1441.280000,74.6690,240,298,0,938,0,240,5,0,0,,0.666667
CFG_086,"=""64,84,114,144,184,239""",1108,182,0.000000,926,182,111779,31843,143622,1117.790000,318.430000,1436.220000,77.8286,240,284,0,894,0,240,6,0,0,,1.000000
CFG_156,"=""69,84,104,134,154,239""",1108,182,0.000000,926,182,120834,25178,146012,1208.340000,251.780000,1460.120000,82.7562,241,284,0,894,0,241,6,0,0,,0.833333
CFG_160,"=""64,69,79,94,104,124,139,149,179,239""",1162,236,0.000000,926,236,114634,30674,145308,1146.340000,306.740000,1453.080000,78.8904,241,301,0,948,0,241,10,0,0,,1.000000
CFG_035,"=""74,119,154,189,239""",1092,166,0.000000,926,166,121519,23809,145328,1215.190000,238.090000,1453.280000,83.6171,242,279,0,878,0,242,5,0,0,,1.000000
CFG_055,"=""94,114,164,189,239""",1026,100,0.000000,926,100,130784,15980,146764,1307.840000,159.800000,1467.640000,89.1118,242,258,0,812,0,242,5,0,0,,1.000000
CFG_040,"=""59,74,94,104,119,139,154,189,224,239""",1152,226,0.000000,926,226,112479,32549,145028,1124.790000,325.490000,1450.280000,77.5567,246,298,0,938,0,246,10,0,0,,0.666667
CFG_049,"=""74,89,104,119,139,164,189,219,239""",1076,150,0.000000,926,150,122874,23590,146464,1228.740000,235.900000,1464.640000,83.8937,246,274,0,862,0,246,9,0,0,,1.000000
CFG_028,"=""59,84,94,114,144,169,194,239""",1162,236,0.000000,926,236,109169,36139,145308,1091.690000,361.390000,1453.080000,75.1294,247,301,0,948,0,247,8,0,0,,1.000000
CFG_075,"=""64,94,129,179,239""",1136,210,0.000000,926,210,106814,35400,142214,1068.140000,354.000000,1422.140000,75.1079,247,293,0,922,0,247,5,0,0,,0.666667
CFG_083,"=""94,159,239""",1010,84,0.000000,926,84,127029,14571,141600,1270.290000,145.710000,1416.000000,89.7097,247,253,0,796,0,247,3,0,0,,0.666667
CFG_046,"=""89,119,139,164,189,239""",1054,128,0.000000,926,128,127604,17892,145496,1276.040000,178.920000,1454.960000,87.7028,248,267,0,840,0,248,6,0,0,,1.000000
CFG_047,"=""89,119,139,164,189,219,239""",1054,128,0.000000,926,128,126504,19872,146376,1265.040000,198.720000,1463.760000,86.4240,248,267,0,840,0,248,7,0,0,,1.000000
CFG_029,"=""59,84,94,114,144,169,194,229,239""",1158,232,0.000000,926,232,108549,36663,145212,1085.490000,366.630000,1452.120000,74.7521,251,300,0,944,0,251,9,0,0,,1.000000
CFG_077,"=""49,64,79,104,134,184,239""",1184,258,0.000000,926,258,102889,40637,143526,1028.890000,406.370000,1435.260000,71.6867,228,308,3,970,21,252,7,0,0,,0.833333
CFG_037,"=""74,94,119,139,154,189,239""",1136,210,0.000000,926,210,116144,29090,145234,1161.440000,290.900000,1452.340000,79.9703,254,293,0,922,0,254,7,0,0,,1.000000
CFG_024,"=""84,114,194,239""",1032,106,0.000000,926,106,124574,19734,144308,1245.740000,197.340000,1443.080000,86.3251,255,260,0,818,0,255,4,0,0,,0.666667
CFG_036,"=""74,94,119,154,189,239""",1114,188,0.000000,926,188,118169,27717,145886,1181.690000,277.170000,1458.860000,81.0009,255,286,0,900,0,255,6,0,0,,1.000000
CFG_045,"=""89,119,164,189,239""",1076,150,0.000000,926,150,128904,16020,144924,1289.040000,160.200000,1449.240000,88.9459,260,274,0,862,0,260,5,0,0,,1.000000
CFG_025,"=""84,114,144,194,239""",1098,172,0.000000,926,172,116074,27138,143212,1160.740000,271.380000,1432.120000,81.0505,261,281,0,884,0,261,5,0,0,,0.833333
CFG_139,"=""44,59,64,79,89,109,124,159,239""",1194,268,0.000000,926,268,99434,43712,143146,994.340000,437.120000,1431.460000,69.4633,228,311,6,980,31,265,9,0,0,,0.666667
CFG_138,"=""49,59,69,84,104,119,154,239""",1200,274,0.000000,926,274,101429,42941,144370,1014.290000,429.410000,1443.700000,70.2563,229,313,8,986,37,274,8,0,0,,0.833333
CFG_016,"=""44,74,94,124,184,239""",1180,254,0.000000,926,254,104529,38511,143040,1045.290000,385.110000,1430.400000,73.0768,259,307,2,966,17,278,6,0,0,,0.500000
CFG_137,"=""49,64,74,94,114,149,239""",1200,274,0.000000,926,274,103524,40406,143930,1035.240000,404.060000,1439.300000,71.9266,235,313,8,986,37,280,7,0,0,,0.666667
CFG_079,"=""44,59,69,84,99,124,149,189,239""",1200,274,0.000000,926,274,99369,43901,143270,993.690000,439.010000,1432.700000,69.3579,239,313,8,986,37,284,9,0,0,,1.000000
CFG_090,"=""54,64,74,84,99,114,134,159,194,239""",1200,274,0.000000,926,274,105389,39091,144480,1053.890000,390.910000,1444.800000,72.9437,241,313,8,986,37,286,10,0,0,,0.833333
CFG_150,"=""54,64,69,84,94,109,124,139,174,239""",1200,274,0.000000,926,274,106464,37826,144290,1064.640000,378.260000,1442.900000,73.7847,242,313,8,986,37,287,10,0,0,,0.833333
CFG_127,"=""39,54,64,84,99,139,239""",1216,290,0.000000,926,290,94804,46450,141254,948.040000,464.500000,1412.540000,67.1160,222,318,13,1002,53,288,7,0,0,,0.666667
CFG_125,"=""44,64,84,119,239""",1212,286,0.000000,926,286,102214,39214,141428,1022.140000,392.140000,1414.280000,72.2728,234,317,12,998,49,295,5,0,0,,0.500000
CFG_140,"=""44,54,64,74,84,99,109,129,164,239""",1216,290,0.000000,926,290,98344,43020,141364,983.440000,430.200000,1413.640000,69.5679,235,318,13,1002,53,301,10,0,0,,0.666667
CFG_065,"=""49,79,119,174,239""",1212,286,0.000000,926,286,99514,44364,143878,995.140000,443.640000,1438.780000,69.1655,241,317,12,998,49,302,5,0,0,,0.500000
CFG_080,"=""44,54,64,79,89,104,124,149,189,239""",1216,290,0.000000,926,290,98174,44620,142794,981.740000,446.200000,1427.940000,68.7522,240,318,13,1002,53,306,10,0,0,,1.000000
CFG_126,"=""39,59,74,94,129,239""",1226,300,0.000000,926,300,98464,42190,140654,984.640000,421.900000,1406.540000,70.0044,228,321,16,1012,63,307,6,0,0,,0.500000
CFG_005,"=""34,69,124,189,239""",1218,292,0.000000,926,292,101339,41453,142792,1013.390000,414.530000,1427.920000,70.9697,241,319,14,1004,55,310,5,0,0,,0.666667
CFG_017,"=""44,74,94,124,149,184,239""",1212,286,0.000000,926,286,101869,42419,144288,1018.690000,424.190000,1442.880000,70.6012,249,317,12,998,49,310,7,0,0,,1.000000
CFG_066,"=""44,69,99,134,179,239""",1226,300,0.000000,926,300,94999,47305,142304,949.990000,473.050000,1423.040000,66.7578,231,321,16,1012,63,310,6,0,0,,0.833333
CFG_078,"=""44,59,79,99,119,144,184,239""",1222,296,0.000000,926,296,100064,44174,144238,1000.640000,441.740000,1442.380000,69.3742,240,320,15,1008,59,314,8,0,0,,1.000000
CFG_006,"=""34,69,99,124,189,239""",1226,300,0.000000,926,300,95839,47085,142924,958.390000,470.850000,1429.240000,67.0559,236,321,16,1012,63,315,6,0,0,,0.666667
CFG_019,"=""44,59,74,94,124,149,184,219,239""",1224,298,0.000000,926,298,98514,44702,143216,985.140000,447.020000,1432.160000,68.7870,241,321,16,1010,61,318,9,0,0,,0.666667
CFG_020,"=""44,59,74,94,109,124,149,184,219,239""",1224,298,0.000000,926,298,97329,46767,144096,973.290000,467.670000,1440.960000,67.5446,247,321,16,1010,61,324,10,0,0,,1.000000
CFG_018,"=""44,59,74,94,124,149,184,239""",1238,312,0.000000,926,312,99754,44448,144202,997.540000,444.480000,1442.020000,69.1766,239,325,20,1024,75,334,8,0,0,,1.000000
CFG_007,"=""34,69,99,124,154,189,239""",1230,304,0.000000,926,304,93214,49806,143020,932.140000,498.060000,1430.200000,65.1755,250,323,18,1016,67,335,7,0,0,,1.000000
CFG_067,"=""39,54,79,104,134,179,239""",1244,318,0.000000,926,318,93184,48562,141746,931.840000,485.620000,1417.460000,65.7401,235,327,22,1030,81,338,7,0,0,,0.833333
CFG_068,"=""34,49,64,84,104,134,179,239""",1248,322,0.000000,926,322,90924,51198,142122,909.240000,511.980000,1421.220000,63.9760,234,328,23,1034,85,342,8,0,0,,0.833333
CFG_069,"=""34,44,59,69,84,104,134,179,239""",1254,328,0.000000,926,328,89999,51777,141776,899.990000,517.770000,1417.760000,63.4797,235,330,25,1040,91,351,9,0,0,,0.833333
CFG_128,"=""34,49,59,74,89,109,149,239""",1254,328,0.000000,926,328,92794,50082,142876,927.940000,500.820000,1428.760000,64.9472,235,330,25,1040,91,351,8,0,0,,0.833333
CFG_129,"=""34,49,59,69,79,94,114,149,239""",1260,334,0.000000,926,334,91409,51591,143000,914.090000,515.910000,1430.000000,63.9224,235,332,27,1046,97,359,9,0,0,,0.666667
CFG_009,"=""34,59,69,84,99,124,154,189,239""",1270,344,0.000000,926,344,89714,53206,142920,897.140000,532.060000,1429.200000,62.7722,235,335,30,1056,107,372,9,0,0,,1.000000
CFG_070,"=""34,44,54,69,84,99,114,139,179,239""",1260,334,0.000000,926,334,89204,53656,142860,892.040000,536.560000,1428.600000,62.4416,248,332,27,1046,97,372,10,0,0,,0.833333
CFG_008,"=""34,59,69,99,124,154,189,239""",1262,336,0.000000,926,336,91439,51619,143058,914.390000,516.190000,1430.580000,63.9174,248,333,28,1048,99,375,8,0,0,,1.000000
CFG_010,"=""34,59,69,84,99,124,154,189,214,239""",1272,346,0.000000,926,346,88314,54084,142398,883.140000,540.840000,1423.980000,62.0191,248,336,31,1058,109,388,10,0,0,,1.000000
CFG_130,"=""29,44,54,64,74,84,99,119,159,239""",1336,410,0.000000,926,410,89489,51965,141454,894.890000,519.650000,1414.540000,63.2637,254,356,51,1122,173,478,10,0,0,,0.666667
