Weighted_Sum_Rank,Config_ID,Robustness,Assigned_Locations_Total_Raw,Assigned_Locations_Total_Normalized,Assigned_Locations_Total_Weighted,Empty_Locations_Raw,Empty_Locations_Normalized,Empty_Locations_Weighted,Occupancy_Rate_Raw,Occupancy_Rate_Normalized,Occupancy_Rate_Weighted,Total_Slot_Space_m3_Raw,Total_Slot_Space_m3_Normalized,Total_Slot_Space_m3_Weighted,Occupied_Slot_Space_m3_Raw,Occupied_Slot_Space_m3_Normalized,Occupied_Slot_Space_m3_Weighted,Empty_Slot_Space_m3_Raw,Empty_Slot_Space_m3_Normalized,Empty_Slot_Space_m3_Weighted,Space_Utilization_Pct_Raw,Space_Utilization_Pct_Normalized,Space_Utilization_Pct_Weighted,Beam_Relocations_Total_Raw,Beam_Relocations_Total_Normalized,Beam_Relocations_Total_Weighted,Additional_Beams_Required_Raw,Additional_Beams_Required_Normalized,Additional_Beams_Required_Weighted,Additional_Grids_Required_Raw,Additional_Grids_Required_Normalized,Additional_Grids_Required_Weighted,Standardization_Unique_Slot_Sizes_Raw,Standardization_Unique_Slot_Sizes_Normalized,Standardization_Unique_Slot_Sizes_Weighted,Weighted_Sum_Score
1,CFG_003,0.500000,1076.000000,0.805389,0.000000,150.000000,0.365854,0.000000,0.000000,1.000000,0.000000,1410.640000,0.952685,0.000000,1109.490000,0.795987,0.000000,301.150000,0.556819,0.000000,78.651500,0.788530,0.394265,234.000000,0.888889,0.222222,0.000000,1.000000,0.000000,0.000000,1.000000,0.000000,3.000000,1.000000,0.250000,0.866487
2,CFG_063,0.500000,1054.000000,0.788922,0.000000,128.000000,0.312195,0.000000,0.000000,1.000000,0.000000,1413.260000,0.954454,0.000000,1124.340000,0.785474,0.000000,288.920000,0.534206,0.000000,79.556500,0.779560,0.389780,234.000000,0.888889,0.222222,0.000000,1.000000,0.000000,0.000000,1.000000,0.000000,3.000000,1.000000,0.250000,0.862002
3,CFG_064,0.666667,1120.000000,0.838323,0.000000,194.000000,0.473171,0.000000,0.000000,1.000000,0.000000,1431.300000,0.966637,0.000000,1028.590000,0.858593,0.000000,402.710000,0.744601,0.000000,71.864000,0.863007,0.431503,224.000000,0.928571,0.232143,0.000000,1.000000,0.000000,0.000000,1.000000,0.000000,4.000000,0.750000,0.187500,0.851146
4,CFG_123,0.333333,1054.000000,0.788922,0.000000,128.000000,0.312195,0.000000,0.000000,1.000000,0.000000,1400.160000,0.945607,0.000000,1214.340000,0.727259,0.000000,185.820000,0.343577,0.000000,86.728700,0.715093,0.357547,222.000000,0.936937,0.234234,0.000000,1.000000,0.000000,0.000000,1.000000,0.000000,3.000000,1.000000,0.250000,0.841781
5,CFG_133,0.500000,1032.000000,0.772455,0.000000,106.000000,0.258537,0.000000,0.000000,1.000000,0.000000,1456.880000,0.983913,0.000000,1271.590000,0.694516,0.000000,185.290000,0.342597,0.000000,87.281700,0.710562,0.355281,222.000000,0.936937,0.234234,0.000000,1.000000,0.000000,0.000000,1.000000,0.000000,3.000000,1.000000,0.250000,0.839515
6,CFG_013,0.500000,1054.000000,0.788922,0.000000,128.000000,0.312195,0.000000,0.000000,1.000000,0.000000,1416.060000,0.956345,0.000000,1199.140000,0.736478,0.000000,216.920000,0.401080,0.000000,84.681400,0.732382,0.366191,234.000000,0.888889,0.222222,0.000000,1.000000,0.000000,0.000000,1.000000,0.000000,3.000000,1.000000,0.250000,0.838413
7,CFG_073,0.500000,1032.000000,0.772455,0.000000,106.000000,0.258537,0.000000,0.000000,1.000000,0.000000,1386.180000,0.936165,0.000000,1195.290000,0.738850,0.000000,190.890000,0.352951,0.000000,86.229100,0.719236,0.359618,229.000000,0.908297,0.227074,0.000000,1.000000,0.000000,0.000000,1.000000,0.000000,3.000000,1.000000,0.250000,0.836692
8,CFG_004,0.666667,1098.000000,0.821856,0.000000,172.000000,0.419512,0.000000,0.000000,1.000000,0.000000,1433.520000,0.968137,0.000000,1057.490000,0.835128,0.000000,376.030000,0.695270,0.000000,73.768800,0.840723,0.420361,235.000000,0.885106,0.221277,0.000000,1.000000,0.000000,0.000000,1.000000,0.000000,4.000000,0.750000,0.187500,0.829138
9,CFG_093,0.833333,966.000000,0.723054,0.000000,40.000000,0.097561,0.000000,0.000000,1.000000,0.000000,1425.140000,0.962477,0.000000,1343.290000,0.657446,0.000000,81.850000,0.151339,0.000000,94.256700,0.657981,0.328990,212.000000,0.981132,0.245283,0.000000,1.000000,0.000000,0.000000,1.000000,0.000000,3.000000,1.000000,0.250000,0.824273
10,CFG_124,0.500000,1142.000000,0.854790,0.000000,216.000000,0.526829,0.000000,0.000000,1.000000,0.000000,1443.680000,0.974998,0.000000,1090.890000,0.809559,0.000000,352.790000,0.652300,0.000000,75.563100,0.820759,0.410380,234.000000,0.888889,0.222222,0.000000,1.000000,0.000000,0.000000,1.000000,0.000000,4.000000,0.750000,0.187500,0.820102
11,CFG_066,0.833333,1226.000000,0.917665,0.000000,300.000000,0.731707,0.000000,0.000000,1.000000,0.000000,1423.040000,0.961059,0.000000,949.990000,0.929631,0.000000,473.050000,0.874658,0.000000,66.757800,0.929017,0.464508,231.000000,0.900433,0.225108,16.000000,0.000000,0.000000,63.000000,0.000000,0.000000,6.000000,0.500000,0.125000,0.814616
12,CFG_065,0.500000,1212.000000,0.907186,0.000000,286.000000,0.697561,0.000000,0.000000,1.000000,0.000000,1438.780000,0.971689,0.000000,995.140000,0.887453,0.000000,443.640000,0.820280,0.000000,69.165500,0.896677,0.448338,241.000000,0.863071,0.215768,12.000000,0.000000,0.000000,49.000000,0.000000,0.000000,5.000000,0.600000,0.150000,0.814106
13,CFG_143,0.500000,1010.000000,0.755988,0.000000,84.000000,0.204878,0.000000,0.000000,1.000000,0.000000,1427.800000,0.964274,0.000000,1332.940000,0.662550,0.000000,94.860000,0.175394,0.000000,93.356200,0.664328,0.332164,228.000000,0.912281,0.228070,0.000000,1.000000,0.000000,0.000000,1.000000,0.000000,3.000000,1.000000,0.250000,0.810234
14,CFG_074,0.666667,1076.000000,0.805389,0.000000,150.000000,0.365854,0.000000,0.000000,1.000000,0.000000,1431.240000,0.966597,0.000000,1114.340000,0.792523,0.000000,316.900000,0.585940,0.000000,77.858400,0.796563,0.398281,234.000000,0.888889,0.222222,0.000000,1.000000,0.000000,0.000000,1.000000,0.000000,4.000000,0.750000,0.187500,0.808004
15,CFG_006,0.666667,1226.000000,0.917665,0.000000,300.000000,0.731707,0.000000,0.000000,1.000000,0.000000,1429.240000,0.965246,0.000000,958.390000,0.921483,0.000000,470.850000,0.870590,0.000000,67.055900,0.924887,0.462443,236.000000,0.881356,0.220339,16.000000,0.000000,0.000000,63.000000,0.000000,0.000000,6.000000,0.500000,0.125000,0.807782
16,CFG_153,0.666667,966.000000,0.723054,0.000000,40.000000,0.097561,0.000000,0.000000,1.000000,0.000000,1466.340000,0.990302,0.000000,1410.240000,0.626234,0.000000,56.100000,0.103728,0.000000,96.174100,0.644863,0.322431,222.000000,0.936937,0.234234,0.000000,1.000000,0.000000,0.000000,1.000000,0.000000,3.000000,1.000000,0.250000,0.806666
17,CFG_083,0.666667,1010.000000,0.755988,0.000000,84.000000,0.204878,0.000000,0.000000,1.000000,0.000000,1416.000000,0.956304,0.000000,1270.290000,0.695227,0.000000,145.710000,0.269414,0.000000,89.709700,0.691331,0.345666,247.000000,0.842105,0.210526,0.000000,1.000000,0.000000,0.000000,1.000000,0.000000,3.000000,1.000000,0.250000,0.806192
18,CFG_134,0.666667,1054.000000,0.788922,0.000000,128.000000,0.312195,0.000000,0.000000,1.000000,0.000000,1434.460000,0.968772,0.000000,1160.440000,0.761039,0.000000,274.020000,0.506656,0.000000,80.897300,0.766640,0.383320,222.000000,0.936937,0.234234,0.000000,1.000000,0.000000,0.000000,1.000000,0.000000,4.000000,0.750000,0.187500,0.805054
19,CFG_127,0.666667,1216.000000,0.910180,0.000000,290.000000,0.707317,0.000000,0.000000,1.000000,0.000000,1412.540000,0.953968,0.000000,948.040000,0.931543,0.000000,464.500000,0.858849,0.000000,67.116000,0.924058,0.462029,222.000000,0.936937,0.234234,13.000000,0.000000,0.000000,53.000000,0.000000,0.000000,7.000000,0.428571,0.107143,0.803406
20,CFG_005,0.666667,1218.000000,0.911677,0.000000,292.000000,0.712195,0.000000,0.000000,1.000000,0.000000,1427.920000,0.964355,0.000000,1013.390000,0.871471,0.000000,414.530000,0.766456,0.000000,70.969700,0.873881,0.436941,241.000000,0.863071,0.215768,14.000000,0.000000,0.000000,55.000000,0.000000,0.000000,5.000000,0.600000,0.150000,0.802708
21,CFG_023,0.666667,966.000000,0.723054,0.000000,40.000000,0.097561,0.000000,0.000000,1.000000,0.000000,1425.040000,0.962410,0.000000,1357.640000,0.650496,0.000000,67.400000,0.124621,0.000000,95.270300,0.650980,0.325490,229.000000,0.908297,0.227074,0.000000,1.000000,0.000000,0.000000,1.000000,0.000000,3.000000,1.000000,0.250000,0.802564
22,CFG_125,0.500000,1212.000000,0.907186,0.000000,286.000000,0.697561,0.000000,0.000000,1.000000,0.000000,1414.280000,0.955143,0.000000,1022.140000,0.864011,0.000000,392.140000,0.725057,0.000000,72.272800,0.858125,0.429063,234.000000,0.888889,0.222222,12.000000,0.000000,0.000000,49.000000,0.000000,0.000000,5.000000,0.600000,0.150000,0.801285
23,CFG_014,0.666667,1076.000000,0.805389,0.000000,150.000000,0.365854,0.000000,0.000000,1.000000,0.000000,1420.240000,0.959168,0.000000,1125.990000,0.784323,0.000000,294.250000,0.544061,0.000000,79.281700,0.782262,0.391131,234.000000,0.888889,0.222222,0.000000,1.000000,0.000000,0.000000,1.000000,0.000000,4.000000,0.750000,0.187500,0.800853
24,CFG_068,0.833333,1248.000000,0.934132,0.000000,322.000000,0.785366,0.000000,0.000000,1.000000,0.000000,1421.220000,0.959830,0.000000,909.240000,0.971295,0.000000,511.980000,0.946639,0.000000,63.976000,0.969412,0.484706,234.000000,0.888889,0.222222,23.000000,0.000000,0.000000,85.000000,0.000000,0.000000,8.000000,0.375000,0.093750,0.800678
25,CFG_067,0.833333,1244.000000,0.931138,0.000000,318.000000,0.775610,0.000000,0.000000,1.000000,0.000000,1417.460000,0.957290,0.000000,931.840000,0.947738,0.000000,485.620000,0.897900,0.000000,65.740100,0.943398,0.471699,235.000000,0.885106,0.221277,22.000000,0.000000,0.000000,81.000000,0.000000,0.000000,7.000000,0.428571,0.107143,0.800119
26,CFG_009,1.000000,1270.000000,0.950599,0.000000,344.000000,0.839024,0.000000,0.000000,1.000000,0.000000,1429.200000,0.965219,0.000000,897.140000,0.984395,0.000000,532.060000,0.983766,0.000000,62.772200,0.988003,0.494001,235.000000,0.885106,0.221277,30.000000,0.000000,0.000000,107.000000,0.000000,0.000000,9.000000,0.333333,0.083333,0.798611
27,CFG_126,0.500000,1226.000000,0.917665,0.000000,300.000000,0.731707,0.000000,0.000000,1.000000,0.000000,1406.540000,0.949916,0.000000,984.640000,0.896917,0.000000,421.900000,0.780083,0.000000,70.004400,0.885931,0.442966,228.000000,0.912281,0.228070,16.000000,0.000000,0.000000,63.000000,0.000000,0.000000,6.000000,0.500000,0.125000,0.796036
28,CFG_069,0.833333,1254.000000,0.938623,0.000000,328.000000,0.800000,0.000000,0.000000,1.000000,0.000000,1417.760000,0.957493,0.000000,899.990000,0.981278,0.000000,517.770000,0.957344,0.000000,63.479700,0.976991,0.488496,235.000000,0.885106,0.221277,25.000000,0.000000,0.000000,91.000000,0.000000,0.000000,9.000000,0.333333,0.083333,0.793105
29,CFG_033,0.666667,944.000000,0.706587,0.000000,18.000000,0.043902,0.000000,0.000000,1.000000,0.000000,1433.160000,0.967894,0.000000,1411.740000,0.625568,0.000000,21.420000,0.039605,0.000000,98.505400,0.629601,0.314801,228.000000,0.912281,0.228070,0.000000,1.000000,0.000000,0.000000,1.000000,0.000000,3.000000,1.000000,0.250000,0.792871
30,CFG_084,1.000000,1054.000000,0.788922,0.000000,128.000000,0.312195,0.000000,0.000000,1.000000,0.000000,1456.060000,0.983359,0.000000,1197.340000,0.737585,0.000000,258.720000,0.478367,0.000000,82.231500,0.754201,0.377101,228.000000,0.912281,0.228070,0.000000,1.000000,0.000000,0.000000,1.000000,0.000000,4.000000,0.750000,0.187500,0.792671
31,CFG_128,0.833333,1254.000000,0.938623,0.000000,328.000000,0.800000,0.000000,0.000000,1.000000,0.000000,1428.760000,0.964922,0.000000,927.940000,0.951721,0.000000,500.820000,0.926004,0.000000,64.947200,0.954916,0.477458,235.000000,0.885106,0.221277,25.000000,0.000000,0.000000,91.000000,0.000000,0.000000,8.000000,0.375000,0.093750,0.792484
32,CFG_007,1.000000,1230.000000,0.920659,0.000000,304.000000,0.741463,0.000000,0.000000,1.000000,0.000000,1430.200000,0.965895,0.000000,932.140000,0.947433,0.000000,498.060000,0.920901,0.000000,65.175500,0.951571,0.475785,250.000000,0.832000,0.208000,18.000000,0.000000,0.000000,67.000000,0.000000,0.000000,7.000000,0.428571,0.107143,0.790928
33,CFG_129,0.666667,1260.000000,0.943114,0.000000,334.000000,0.814634,0.000000,0.000000,1.000000,0.000000,1430.000000,0.965759,0.000000,914.090000,0.966141,0.000000,515.910000,0.953905,0.000000,63.922400,0.970225,0.485112,235.000000,0.885106,0.221277,27.000000,0.000000,0.000000,97.000000,0.000000,0.000000,9.000000,0.333333,0.083333,0.789722
34,CFG_008,1.000000,1262.000000,0.944611,0.000000,336.000000,0.819512,0.000000,0.000000,1.000000,0.000000,1430.580000,0.966151,0.000000,914.390000,0.965824,0.000000,516.190000,0.954423,0.000000,63.917400,0.970301,0.485150,248.000000,0.838710,0.209677,28.000000,0.000000,0.000000,99.000000,0.000000,0.000000,8.000000,0.375000,0.093750,0.788578
35,CFG_144,0.666667,1032.000000,0.772455,0.000000,106.000000,0.258537,0.000000,0.000000,1.000000,0.000000,1453.280000,0.981482,0.000000,1232.140000,0.716753,0.000000,221.140000,0.408882,0.000000,84.783400,0.731501,0.365750,222.000000,0.936937,0.234234,0.000000,1.000000,0.000000,0.000000,1.000000,0.000000,4.000000,0.750000,0.187500,0.787484
36,CFG_135,0.500000,1146.000000,0.857784,0.000000,220.000000,0.536585,0.000000,0.000000,1.000000,0.000000,1422.640000,0.960789,0.000000,1101.040000,0.802096,0.000000,321.600000,0.594631,0.000000,77.394100,0.801341,0.400671,222.000000,0.936937,0.234234,0.000000,1.000000,0.000000,0.000000,1.000000,0.000000,5.000000,0.600000,0.150000,0.784905
37,CFG_010,1.000000,1272.000000,0.952096,0.000000,346.000000,0.843902,0.000000,0.000000,1.000000,0.000000,1423.980000,0.961694,0.000000,883.140000,1.000000,0.000000,540.840000,1.000000,0.000000,62.019100,1.000000,0.500000,248.000000,0.838710,0.209677,31.000000,0.000000,0.000000,109.000000,0.000000,0.000000,10.000000,0.300000,0.075000,0.784677
38,CFG_015,0.666667,1152.000000,0.862275,0.000000,226.000000,0.551220,0.000000,0.000000,1.000000,0.000000,1441.280000,0.973377,0.000000,1076.190000,0.820617,0.000000,365.090000,0.675043,0.000000,74.669000,0.830587,0.415293,240.000000,0.866667,0.216667,0.000000,1.000000,0.000000,0.000000,1.000000,0.000000,5.000000,0.600000,0.150000,0.781960
39,CFG_070,0.833333,1260.000000,0.943114,0.000000,334.000000,0.814634,0.000000,0.000000,1.000000,0.000000,1428.600000,0.964814,0.000000,892.040000,0.990023,0.000000,536.560000,0.992086,0.000000,62.441600,0.993234,0.496617,248.000000,0.838710,0.209677,27.000000,0.000000,0.000000,97.000000,0.000000,0.000000,10.000000,0.300000,0.075000,0.781294
40,CFG_154,1.000000,1032.000000,0.772455,0.000000,106.000000,0.258537,0.000000,0.000000,1.000000,0.000000,1453.580000,0.981684,0.000000,1300.190000,0.679239,0.000000,153.390000,0.283614,0.000000,89.447400,0.693358,0.346679,212.000000,0.981132,0.245283,0.000000,1.000000,0.000000,0.000000,1.000000,0.000000,4.000000,0.750000,0.187500,0.779462
41,CFG_075,0.666667,1136.000000,0.850299,0.000000,210.000000,0.512195,0.000000,0.000000,1.000000,0.000000,1422.140000,0.960451,0.000000,1068.140000,0.826802,0.000000,354.000000,0.654537,0.000000,75.107900,0.825733,0.412867,247.000000,0.842105,0.210526,0.000000,1.000000,0.000000,0.000000,1.000000,0.000000,5.000000,0.600000,0.150000,0.773393
42,CFG_136,0.666667,1146.000000,0.857784,0.000000,220.000000,0.536585,0.000000,0.000000,1.000000,0.000000,1417.440000,0.957277,0.000000,1064.490000,0.829637,0.000000,352.950000,0.652596,0.000000,75.099500,0.825826,0.412913,221.000000,0.941176,0.235294,0.000000,1.000000,0.000000,0.000000,1.000000,0.000000,6.000000,0.500000,0.125000,0.773207
43,CFG_076,0.833333,1162.000000,0.869760,0.000000,236.000000,0.575610,0.000000,0.000000,1.000000,0.000000,1428.680000,0.964868,0.000000,1047.540000,0.843061,0.000000,381.140000,0.704719,0.000000,73.322200,0.845843,0.422922,232.000000,0.896552,0.224138,0.000000,1.000000,0.000000,0.000000,1.000000,0.000000,6.000000,0.500000,0.125000,0.772060
44,CFG_085,0.833333,1098.000000,0.821856,0.000000,172.000000,0.419512,0.000000,0.000000,1.000000,0.000000,1449.320000,0.978807,0.000000,1139.340000,0.775133,0.000000,309.980000,0.573145,0.000000,78.612000,0.788927,0.394463,229.000000,0.908297,0.227074,0.000000,1.000000,0.000000,0.000000,1.000000,0.000000,5.000000,0.600000,0.150000,0.771538
45,CFG_130,0.666667,1336.000000,1.000000,0.000000,410.000000,1.000000,0.000000,0.000000,1.000000,0.000000,1414.540000,0.955318,0.000000,894.890000,0.986870,0.000000,519.650000,0.960820,0.000000,63.263700,0.980327,0.490163,254.000000,0.818898,0.204724,51.000000,0.000000,0.000000,173.000000,0.000000,0.000000,10.000000,0.300000,0.075000,0.769888
46,CFG_094,1.000000,1010.000000,0.755988,0.000000,84.000000,0.204878,0.000000,0.000000,1.000000,0.000000,1454.400000,0.982238,0.000000,1276.790000,0.691688,0.000000,177.610000,0.328397,0.000000,87.788100,0.706464,0.353232,227.000000,0.916300,0.229075,0.000000,1.000000,0.000000,0.000000,1.000000,0.000000,4.000000,0.750000,0.187500,0.769807
47,CFG_077,0.833333,1184.000000,0.886228,0.000000,258.000000,0.629268,0.000000,0.000000,1.000000,0.000000,1435.260000,0.969312,0.000000,1028.890000,0.858342,0.000000,406.370000,0.751368,0.000000,71.686700,0.865141,0.432570,228.000000,0.912281,0.228070,3.000000,0.000000,0.000000,21.000000,0.000000,0.000000,7.000000,0.428571,0.107143,0.767784
48,CFG_138,0.833333,1200.000000,0.898204,0.000000,274.000000,0.668293,0.000000,0.000000,1.000000,0.000000,1443.700000,0.975012,0.000000,1014.290000,0.870698,0.000000,429.410000,0.793969,0.000000,70.256300,0.882755,0.441377,229.000000,0.908297,0.227074,8.000000,0.000000,0.000000,37.000000,0.000000,0.000000,8.000000,0.375000,0.093750,0.762202
49,CFG_034,1.000000,1010.000000,0.755988,0.000000,84.000000,0.204878,0.000000,0.000000,1.000000,0.000000,1445.400000,0.976160,0.000000,1297.440000,0.680679,0.000000,147.960000,0.273574,0.000000,89.763400,0.690917,0.345459,228.000000,0.912281,0.228070,0.000000,1.000000,0.000000,0.000000,1.000000,0.000000,4.000000,0.750000,0.187500,0.761029
50,CFG_018,1.000000,1238.000000,0.926647,0.000000,312.000000,0.760976,0.000000,0.000000,1.000000,0.000000,1442.020000,0.973877,0.000000,997.540000,0.885318,0.000000,444.480000,0.821833,0.000000,69.176600,0.896533,0.448266,239.000000,0.870293,0.217573,20.000000,0.000000,0.000000,75.000000,0.000000,0.000000,8.000000,0.375000,0.093750,0.759590
51,CFG_137,0.666667,1200.000000,0.898204,0.000000,274.000000,0.668293,0.000000,0.000000,1.000000,0.000000,1439.300000,0.972040,0.000000,1035.240000,0.853078,0.000000,404.060000,0.747097,0.000000,71.926600,0.862255,0.431128,235.000000,0.885106,0.221277,8.000000,0.000000,0.000000,37.000000,0.000000,0.000000,7.000000,0.428571,0.107143,0.759547
52,CFG_174,1.000000,1010.000000,0.755988,0.000000,84.000000,0.204878,0.000000,0.000000,1.000000,0.000000,1480.700000,1.000000,0.000000,1363.790000,0.647563,0.000000,116.910000,0.216164,0.000000,92.104400,0.673357,0.336678,222.000000,0.936937,0.234234,0.000000,1.000000,0.000000,0.000000,1.000000,0.000000,4.000000,0.750000,0.187500,0.758413
53,CFG_139,0.666667,1194.000000,0.893713,0.000000,268.000000,0.653659,0.000000,0.000000,1.000000,0.000000,1431.460000,0.966745,0.000000,994.340000,0.888167,0.000000,437.120000,0.808224,0.000000,69.463300,0.892833,0.446416,228.000000,0.912281,0.228070,6.000000,0.000000,0.000000,31.000000,0.000000,0.000000,9.000000,0.333333,0.083333,0.757820
54,CFG_078,1.000000,1222.000000,0.914671,0.000000,296.000000,0.721951,0.000000,0.000000,1.000000,0.000000,1442.380000,0.974120,0.000000,1000.640000,0.882575,0.000000,441.740000,0.816767,0.000000,69.374200,0.893979,0.446990,240.000000,0.866667,0.216667,15.000000,0.000000,0.000000,59.000000,0.000000,0.000000,8.000000,0.375000,0.093750,0.757406
55,CFG_044,1.000000,1010.000000,0.755988,0.000000,84.000000,0.204878,0.000000,0.000000,1.000000,0.000000,1462.100000,0.987438,0.000000,1351.540000,0.653432,0.000000,110.560000,0.204423,0.000000,92.438300,0.670924,0.335462,222.000000,0.936937,0.234234,0.000000,1.000000,0.000000,0.000000,1.000000,0.000000,4.000000,0.750000,0.187500,0.757196
56,CFG_145,0.666667,1102.000000,0.824850,0.000000,176.000000,0.429268,0.000000,0.000000,1.000000,0.000000,1435.480000,0.969460,0.000000,1174.690000,0.751807,0.000000,260.790000,0.482194,0.000000,81.832600,0.757878,0.378939,229.000000,0.908297,0.227074,0.000000,1.000000,0.000000,0.000000,1.000000,0.000000,5.000000,0.600000,0.150000,0.756013
57,CFG_017,1.000000,1212.000000,0.907186,0.000000,286.000000,0.697561,0.000000,0.000000,1.000000,0.000000,1442.880000,0.974458,0.000000,1018.690000,0.866937,0.000000,424.190000,0.784317,0.000000,70.601200,0.878443,0.439221,249.000000,0.835341,0.208835,12.000000,0.000000,0.000000,49.000000,0.000000,0.000000,7.000000,0.428571,0.107143,0.755199
58,CFG_164,1.000000,988.000000,0.739521,0.000000,62.000000,0.151220,0.000000,0.000000,1.000000,0.000000,1468.820000,0.991977,0.000000,1344.390000,0.656908,0.000000,124.430000,0.230068,0.000000,91.528600,0.677593,0.338796,228.000000,0.912281,0.228070,0.000000,1.000000,0.000000,0.000000,1.000000,0.000000,4.000000,0.750000,0.187500,0.754366
59,CFG_104,1.000000,988.000000,0.739521,0.000000,62.000000,0.151220,0.000000,0.000000,1.000000,0.000000,1473.520000,0.995151,0.000000,1360.490000,0.649134,0.000000,113.030000,0.208990,0.000000,92.329300,0.671716,0.335858,228.000000,0.912281,0.228070,0.000000,1.000000,0.000000,0.000000,1.000000,0.000000,4.000000,0.750000,0.187500,0.751428
60,CFG_024,0.666667,1032.000000,0.772455,0.000000,106.000000,0.258537,0.000000,0.000000,1.000000,0.000000,1443.080000,0.974593,0.000000,1245.740000,0.708928,0.000000,197.340000,0.364877,0.000000,86.325100,0.718436,0.359218,255.000000,0.815686,0.203922,0.000000,1.000000,0.000000,0.000000,1.000000,0.000000,4.000000,0.750000,0.187500,0.750640
61,CFG_016,0.500000,1180.000000,0.883234,0.000000,254.000000,0.619512,0.000000,0.000000,1.000000,0.000000,1430.400000,0.966030,0.000000,1045.290000,0.844876,0.000000,385.110000,0.712059,0.000000,73.076800,0.848684,0.424342,259.000000,0.803089,0.200772,2.000000,0.000000,0.000000,17.000000,0.000000,0.000000,6.000000,0.500000,0.125000,0.750114
62,CFG_019,0.666667,1224.000000,0.916168,0.000000,298.000000,0.726829,0.000000,0.000000,1.000000,0.000000,1432.160000,0.967218,0.000000,985.140000,0.896461,0.000000,447.020000,0.826529,0.000000,68.787000,0.901611,0.450805,241.000000,0.863071,0.215768,16.000000,0.000000,0.000000,61.000000,0.000000,0.000000,9.000000,0.333333,0.083333,0.749906
63,CFG_079,1.000000,1200.000000,0.898204,0.000000,274.000000,0.668293,0.000000,0.000000,1.000000,0.000000,1432.700000,0.967583,0.000000,993.690000,0.888748,0.000000,439.010000,0.811719,0.000000,69.357900,0.894189,0.447095,239.000000,0.870293,0.217573,8.000000,0.000000,0.000000,37.000000,0.000000,0.000000,9.000000,0.333333,0.083333,0.748001
64,CFG_054,1.000000,1010.000000,0.755988,0.000000,84.000000,0.204878,0.000000,0.000000,1.000000,0.000000,1458.000000,0.984669,0.000000,1366.340000,0.646354,0.000000,91.660000,0.169477,0.000000,93.713300,0.661796,0.330898,227.000000,0.916300,0.229075,0.000000,1.000000,0.000000,0.000000,1.000000,0.000000,4.000000,0.750000,0.187500,0.747473
65,CFG_026,1.000000,1118.000000,0.836826,0.000000,192.000000,0.468293,0.000000,0.000000,1.000000,0.000000,1448.620000,0.978335,0.000000,1126.240000,0.784149,0.000000,322.380000,0.596073,0.000000,77.745700,0.797717,0.398859,235.000000,0.885106,0.221277,0.000000,1.000000,0.000000,0.000000,1.000000,0.000000,6.000000,0.500000,0.125000,0.745135
66,CFG_020,1.000000,1224.000000,0.916168,0.000000,298.000000,0.726829,0.000000,0.000000,1.000000,0.000000,1440.960000,0.973161,0.000000,973.290000,0.907376,0.000000,467.670000,0.864710,0.000000,67.544600,0.918195,0.459097,247.000000,0.842105,0.210526,16.000000,0.000000,0.000000,61.000000,0.000000,0.000000,10.000000,0.300000,0.075000,0.744624
67,CFG_146,0.833333,1140.000000,0.853293,0.000000,214.000000,0.521951,0.000000,0.000000,1.000000,0.000000,1449.200000,0.978726,0.000000,1134.690000,0.778309,0.000000,314.510000,0.581521,0.000000,78.297700,0.792094,0.396047,234.000000,0.888889,0.222222,0.000000,1.000000,0.000000,0.000000,1.000000,0.000000,6.000000,0.500000,0.125000,0.743269
68,CFG_080,1.000000,1216.000000,0.910180,0.000000,290.000000,0.707317,0.000000,0.000000,1.000000,0.000000,1427.940000,0.964368,0.000000,981.740000,0.899566,0.000000,446.200000,0.825013,0.000000,68.752200,0.902067,0.451034,240.000000,0.866667,0.216667,13.000000,0.000000,0.000000,53.000000,0.000000,0.000000,10.000000,0.300000,0.075000,0.742700
69,CFG_087,1.000000,1140.000000,0.853293,0.000000,214.000000,0.521951,0.000000,0.000000,1.000000,0.000000,1454.700000,0.982441,0.000000,1094.890000,0.806602,0.000000,359.810000,0.665280,0.000000,75.265700,0.824002,0.412001,233.000000,0.892704,0.223176,0.000000,1.000000,0.000000,0.000000,1.000000,0.000000,7.000000,0.428571,0.107143,0.742320
70,CFG_105,1.000000,1014.000000,0.758982,0.000000,88.000000,0.214634,0.000000,0.000000,1.000000,0.000000,1474.560000,0.995853,0.000000,1326.740000,0.665647,0.000000,147.820000,0.273316,0.000000,89.975300,0.689290,0.344645,210.000000,0.990476,0.247619,0.000000,1.000000,0.000000,0.000000,1.000000,0.000000,5.000000,0.600000,0.150000,0.742264
71,CFG_140,0.666667,1216.000000,0.910180,0.000000,290.000000,0.707317,0.000000,0.000000,1.000000,0.000000,1413.640000,0.954711,0.000000,983.440000,0.898011,0.000000,430.200000,0.795429,0.000000,69.567900,0.891490,0.445745,235.000000,0.885106,0.221277,13.000000,0.000000,0.000000,53.000000,0.000000,0.000000,10.000000,0.300000,0.075000,0.742022
72,CFG_027,1.000000,1134.000000,0.848802,0.000000,208.000000,0.507317,0.000000,0.000000,1.000000,0.000000,1452.060000,0.980658,0.000000,1108.440000,0.796741,0.000000,343.620000,0.635345,0.000000,76.335700,0.812452,0.406226,229.000000,0.908297,0.227074,0.000000,1.000000,0.000000,0.000000,1.000000,0.000000,7.000000,0.428571,0.107143,0.740443
73,CFG_086,1.000000,1108.000000,0.829341,0.000000,182.000000,0.443902,0.000000,0.000000,1.000000,0.000000,1436.220000,0.969960,0.000000,1117.790000,0.790077,0.000000,318.430000,0.588769,0.000000,77.828600,0.796868,0.398434,240.000000,0.866667,0.216667,0.000000,1.000000,0.000000,0.000000,1.000000,0.000000,6.000000,0.500000,0.125000,0.740101
74,CFG_147,0.833333,1156.000000,0.865269,0.000000,230.000000,0.560976,0.000000,0.000000,1.000000,0.000000,1456.540000,0.983683,0.000000,1099.790000,0.803008,0.000000,356.750000,0.659622,0.000000,75.507000,0.821369,0.410684,234.000000,0.888889,0.222222,0.000000,1.000000,0.000000,0.000000,1.000000,0.000000,7.000000,0.428571,0.107143,0.740050
75,CFG_095,1.000000,1080.000000,0.808383,0.000000,154.000000,0.375610,0.000000,0.000000,1.000000,0.000000,1452.200000,0.980752,0.000000,1223.940000,0.721555,0.000000,228.260000,0.422047,0.000000,84.281800,0.735854,0.367927,235.000000,0.885106,0.221277,0.000000,1.000000,0.000000,0.000000,1.000000,0.000000,5.000000,0.600000,0.150000,0.739204
76,CFG_035,1.000000,1092.000000,0.817365,0.000000,166.000000,0.404878,0.000000,0.000000,1.000000,0.000000,1453.280000,0.981482,0.000000,1215.190000,0.726751,0.000000,238.090000,0.440223,0.000000,83.617100,0.741704,0.370852,242.000000,0.859504,0.214876,0.000000,1.000000,0.000000,0.000000,1.000000,0.000000,5.000000,0.600000,0.150000,0.735728
77,CFG_155,1.000000,1074.000000,0.803892,0.000000,148.000000,0.360976,0.000000,0.000000,1.000000,0.000000,1444.660000,0.975660,0.000000,1249.890000,0.706574,0.000000,194.770000,0.360125,0.000000,86.517900,0.716835,0.358418,229.000000,0.908297,0.227074,0.000000,1.000000,0.000000,0.000000,1.000000,0.000000,5.000000,0.600000,0.150000,0.735492
78,CFG_114,1.000000,966.000000,0.723054,0.000000,40.000000,0.097561,0.000000,0.000000,1.000000,0.000000,1456.140000,0.983413,0.000000,1384.590000,0.637835,0.000000,71.550000,0.132294,0.000000,95.086300,0.652240,0.326120,235.000000,0.885106,0.221277,0.000000,1.000000,0.000000,0.000000,1.000000,0.000000,4.000000,0.750000,0.187500,0.734897
79,CFG_088,1.000000,1168.000000,0.874251,0.000000,242.000000,0.590244,0.000000,0.000000,1.000000,0.000000,1443.620000,0.974958,0.000000,1076.490000,0.820388,0.000000,367.130000,0.678814,0.000000,74.568800,0.831703,0.415852,233.000000,0.892704,0.223176,0.000000,1.000000,0.000000,5.000000,0.000000,0.000000,8.000000,0.375000,0.093750,0.732778
80,CFG_175,1.000000,998.000000,0.747006,0.000000,72.000000,0.175610,0.000000,0.000000,1.000000,0.000000,1469.420000,0.992382,0.000000,1370.740000,0.644280,0.000000,98.680000,0.182457,0.000000,93.284400,0.664839,0.332419,208.000000,1.000000,0.250000,0.000000,1.000000,0.000000,0.000000,1.000000,0.000000,5.000000,0.600000,0.150000,0.732419
81,CFG_025,0.833333,1098.000000,0.821856,0.000000,172.000000,0.419512,0.000000,0.000000,1.000000,0.000000,1432.120000,0.967191,0.000000,1160.740000,0.760842,0.000000,271.380000,0.501775,0.000000,81.050500,0.765191,0.382595,261.000000,0.796935,0.199234,0.000000,1.000000,0.000000,0.000000,1.000000,0.000000,5.000000,0.600000,0.150000,0.731829
82,CFG_089,1.000000,1162.000000,0.869760,0.000000,236.000000,0.575610,0.000000,0.000000,1.000000,0.000000,1449.780000,0.979118,0.000000,1067.740000,0.827111,0.000000,382.040000,0.706383,0.000000,73.648400,0.842097,0.421049,230.000000,0.904348,0.226087,0.000000,1.000000,0.000000,0.000000,1.000000,0.000000,9.000000,0.333333,0.083333,0.730469
83,CFG_165,1.000000,1058.000000,0.791916,0.000000,132.000000,0.321951,0.000000,0.000000,1.000000,0.000000,1462.020000,0.987384,0.000000,1314.540000,0.671824,0.000000,147.480000,0.272687,0.000000,89.912600,0.689771,0.344885,221.000000,0.941176,0.235294,0.000000,1.000000,0.000000,0.000000,1.000000,0.000000,5.000000,0.600000,0.150000,0.730180
84,CFG_148,0.833333,1140.000000,0.853293,0.000000,214.000000,0.521951,0.000000,0.000000,1.000000,0.000000,1439.000000,0.971838,0.000000,1098.490000,0.803958,0.000000,340.510000,0.629595,0.000000,76.337000,0.812438,0.406219,227.000000,0.916300,0.229075,0.000000,1.000000,0.000000,0.000000,1.000000,0.000000,8.000000,0.375000,0.093750,0.729044
85,CFG_096,1.000000,1096.000000,0.820359,0.000000,170.000000,0.414634,0.000000,0.000000,1.000000,0.000000,1448.840000,0.978483,0.000000,1201.240000,0.735190,0.000000,247.600000,0.457806,0.000000,82.910500,0.748025,0.374012,228.000000,0.912281,0.228070,0.000000,1.000000,0.000000,0.000000,1.000000,0.000000,6.000000,0.500000,0.125000,0.727083
86,CFG_149,0.833333,1156.000000,0.865269,0.000000,230.000000,0.560976,0.000000,0.000000,1.000000,0.000000,1438.940000,0.971797,0.000000,1076.440000,0.820427,0.000000,362.500000,0.670254,0.000000,74.807800,0.829046,0.414523,227.000000,0.916300,0.229075,0.000000,1.000000,0.000000,0.000000,1.000000,0.000000,9.000000,0.333333,0.083333,0.726931
87,CFG_097,1.000000,1096.000000,0.820359,0.000000,170.000000,0.414634,0.000000,0.000000,1.000000,0.000000,1451.040000,0.979969,0.000000,1171.740000,0.753700,0.000000,279.300000,0.516419,0.000000,80.751700,0.768022,0.384011,228.000000,0.912281,0.228070,0.000000,1.000000,0.000000,0.000000,1.000000,0.000000,7.000000,0.428571,0.107143,0.719224
88,CFG_115,1.000000,1042.000000,0.779940,0.000000,116.000000,0.282927,0.000000,0.000000,1.000000,0.000000,1449.180000,0.978713,0.000000,1344.440000,0.656883,0.000000,104.740000,0.193662,0.000000,92.772500,0.668507,0.334254,223.000000,0.932735,0.233184,0.000000,1.000000,0.000000,0.000000,1.000000,0.000000,5.000000,0.600000,0.150000,0.717438
89,CFG_028,1.000000,1162.000000,0.869760,0.000000,236.000000,0.575610,0.000000,0.000000,1.000000,0.000000,1453.080000,0.981347,0.000000,1091.690000,0.808966,0.000000,361.390000,0.668201,0.000000,75.129400,0.825497,0.412749,247.000000,0.842105,0.210526,0.000000,1.000000,0.000000,0.000000,1.000000,0.000000,8.000000,0.375000,0.093750,0.717025
90,CFG_090,0.833333,1200.000000,0.898204,0.000000,274.000000,0.668293,0.000000,0.000000,1.000000,0.000000,1444.800000,0.975755,0.000000,1053.890000,0.837981,0.000000,390.910000,0.722783,0.000000,72.943700,0.850232,0.425116,241.000000,0.863071,0.215768,8.000000,0.000000,0.000000,37.000000,0.000000,0.000000,10.000000,0.300000,0.075000,0.715884
91,CFG_156,0.833333,1108.000000,0.829341,0.000000,182.000000,0.443902,0.000000,0.000000,1.000000,0.000000,1460.120000,0.986101,0.000000,1208.340000,0.730870,0.000000,251.780000,0.465535,0.000000,82.756200,0.749419,0.374710,241.000000,0.863071,0.215768,0.000000,1.000000,0.000000,0.000000,1.000000,0.000000,6.000000,0.500000,0.125000,0.715477
92,CFG_030,1.000000,1162.000000,0.869760,0.000000,236.000000,0.575610,0.000000,0.000000,1.000000,0.000000,1452.280000,0.980806,0.000000,1068.740000,0.826338,0.000000,383.540000,0.709156,0.000000,73.590500,0.842760,0.421380,238.000000,0.873950,0.218487,0.000000,1.000000,0.000000,0.000000,1.000000,0.000000,10.000000,0.300000,0.075000,0.714867
93,CFG_157,0.833333,1124.000000,0.841317,0.000000,198.000000,0.482927,0.000000,0.000000,1.000000,0.000000,1448.160000,0.978024,0.000000,1181.540000,0.747448,0.000000,266.620000,0.492974,0.000000,81.589100,0.760140,0.380070,229.000000,0.908297,0.227074,0.000000,1.000000,0.000000,0.000000,1.000000,0.000000,7.000000,0.428571,0.107143,0.714287
94,CFG_055,1.000000,1026.000000,0.767964,0.000000,100.000000,0.243902,0.000000,0.000000,1.000000,0.000000,1467.640000,0.991180,0.000000,1307.840000,0.675266,0.000000,159.800000,0.295466,0.000000,89.111800,0.695970,0.347985,242.000000,0.859504,0.214876,0.000000,1.000000,0.000000,0.000000,1.000000,0.000000,5.000000,0.600000,0.150000,0.712861
95,CFG_036,1.000000,1114.000000,0.833832,0.000000,188.000000,0.458537,0.000000,0.000000,1.000000,0.000000,1458.860000,0.985250,0.000000,1181.690000,0.747353,0.000000,277.170000,0.512481,0.000000,81.000900,0.765659,0.382830,255.000000,0.815686,0.203922,0.000000,1.000000,0.000000,0.000000,1.000000,0.000000,6.000000,0.500000,0.125000,0.711751
96,CFG_166,1.000000,1080.000000,0.808383,0.000000,154.000000,0.375610,0.000000,0.000000,1.000000,0.000000,1462.900000,0.987979,0.000000,1280.890000,0.689474,0.000000,182.010000,0.336532,0.000000,87.558300,0.708318,0.354159,225.000000,0.924444,0.231111,0.000000,1.000000,0.000000,0.000000,1.000000,0.000000,6.000000,0.500000,0.125000,0.710270
97,CFG_150,0.833333,1200.000000,0.898204,0.000000,274.000000,0.668293,0.000000,0.000000,1.000000,0.000000,1442.900000,0.974472,0.000000,1064.640000,0.829520,0.000000,378.260000,0.699394,0.000000,73.784700,0.840541,0.420271,242.000000,0.859504,0.214876,8.000000,0.000000,0.000000,37.000000,0.000000,0.000000,10.000000,0.300000,0.075000,0.710147
98,CFG_116,1.000000,1042.000000,0.779940,0.000000,116.000000,0.282927,0.000000,0.000000,1.000000,0.000000,1466.280000,0.990261,0.000000,1304.940000,0.676767,0.000000,161.340000,0.298314,0.000000,88.996600,0.696870,0.348435,222.000000,0.936937,0.234234,0.000000,1.000000,0.000000,0.000000,1.000000,0.000000,6.000000,0.500000,0.125000,0.707669
99,CFG_176,1.000000,1052.000000,0.787425,0.000000,126.000000,0.307317,0.000000,0.000000,1.000000,0.000000,1449.780000,0.979118,0.000000,1293.140000,0.682942,0.000000,156.640000,0.289624,0.000000,89.195600,0.695316,0.347658,222.000000,0.936937,0.234234,0.000000,1.000000,0.000000,0.000000,1.000000,0.000000,6.000000,0.500000,0.125000,0.706892
100,CFG_039,1.000000,1124.000000,0.841317,0.000000,198.000000,0.482927,0.000000,0.000000,1.000000,0.000000,1453.660000,0.981738,0.000000,1137.090000,0.776667,0.000000,316.570000,0.585330,0.000000,78.222600,0.792854,0.396427,229.000000,0.908297,0.227074,0.000000,1.000000,0.000000,0.000000,1.000000,0.000000,9.000000,0.333333,0.083333,0.706835
101,CFG_038,0.666667,1136.000000,0.850299,0.000000,210.000000,0.512195,0.000000,0.000000,1.000000,0.000000,1447.140000,0.977335,0.000000,1151.540000,0.766921,0.000000,295.600000,0.546557,0.000000,79.573500,0.779394,0.389697,233.000000,0.892704,0.223176,0.000000,1.000000,0.000000,0.000000,1.000000,0.000000,8.000000,0.375000,0.093750,0.706623
102,CFG_029,1.000000,1158.000000,0.866766,0.000000,232.000000,0.565854,0.000000,0.000000,1.000000,0.000000,1452.120000,0.980698,0.000000,1085.490000,0.813586,0.000000,366.630000,0.677890,0.000000,74.752100,0.829664,0.414832,251.000000,0.828685,0.207171,0.000000,1.000000,0.000000,0.000000,1.000000,0.000000,9.000000,0.333333,0.083333,0.705336
103,CFG_106,1.000000,1064.000000,0.796407,0.000000,138.000000,0.336585,0.000000,0.000000,1.000000,0.000000,1456.660000,0.983764,0.000000,1263.790000,0.698803,0.000000,192.870000,0.356612,0.000000,86.759400,0.714840,0.357420,234.000000,0.888889,0.222222,0.000000,1.000000,0.000000,0.000000,1.000000,0.000000,6.000000,0.500000,0.125000,0.704642
104,CFG_056,1.000000,1042.000000,0.779940,0.000000,116.000000,0.282927,0.000000,0.000000,1.000000,0.000000,1473.380000,0.995056,0.000000,1293.040000,0.682995,0.000000,180.340000,0.333444,0.000000,87.760100,0.706689,0.353345,233.000000,0.892704,0.223176,0.000000,1.000000,0.000000,0.000000,1.000000,0.000000,6.000000,0.500000,0.125000,0.701520
105,CFG_037,1.000000,1136.000000,0.850299,0.000000,210.000000,0.512195,0.000000,0.000000,1.000000,0.000000,1452.340000,0.980847,0.000000,1161.440000,0.760384,0.000000,290.900000,0.537867,0.000000,79.970300,0.775527,0.387763,254.000000,0.818898,0.204724,0.000000,1.000000,0.000000,0.000000,1.000000,0.000000,7.000000,0.428571,0.107143,0.699631
106,CFG_107,1.000000,1080.000000,0.808383,0.000000,154.000000,0.375610,0.000000,0.000000,1.000000,0.000000,1458.500000,0.985007,0.000000,1241.890000,0.711126,0.000000,216.610000,0.400507,0.000000,85.148400,0.728365,0.364182,228.000000,0.912281,0.228070,0.000000,1.000000,0.000000,0.000000,1.000000,0.000000,7.000000,0.428571,0.107143,0.699395
107,CFG_158,1.000000,1124.000000,0.841317,0.000000,198.000000,0.482927,0.000000,0.000000,1.000000,0.000000,1450.360000,0.979510,0.000000,1171.790000,0.753667,0.000000,278.570000,0.515069,0.000000,80.793000,0.767630,0.383815,235.000000,0.885106,0.221277,0.000000,1.000000,0.000000,0.000000,1.000000,0.000000,8.000000,0.375000,0.093750,0.698841
108,CFG_045,1.000000,1076.000000,0.805389,0.000000,150.000000,0.365854,0.000000,0.000000,1.000000,0.000000,1449.240000,0.978753,0.000000,1289.040000,0.685115,0.000000,160.200000,0.296206,0.000000,88.945900,0.697268,0.348634,260.000000,0.800000,0.200000,0.000000,1.000000,0.000000,0.000000,1.000000,0.000000,5.000000,0.600000,0.150000,0.698634
109,CFG_117,1.000000,1042.000000,0.779940,0.000000,116.000000,0.282927,0.000000,0.000000,1.000000,0.000000,1475.880000,0.996745,0.000000,1285.440000,0.687033,0.000000,190.440000,0.352119,0.000000,87.096500,0.712073,0.356037,221.000000,0.941176,0.235294,0.000000,1.000000,0.000000,0.000000,1.000000,0.000000,7.000000,0.428571,0.107143,0.698474
110,CFG_099,1.000000,1124.000000,0.841317,0.000000,198.000000,0.482927,0.000000,0.000000,1.000000,0.000000,1458.360000,0.984913,0.000000,1153.090000,0.765890,0.000000,305.270000,0.564437,0.000000,79.067600,0.784381,0.392190,235.000000,0.885106,0.221277,0.000000,1.000000,0.000000,0.000000,1.000000,0.000000,9.000000,0.333333,0.083333,0.696800
111,CFG_098,1.000000,1124.000000,0.841317,0.000000,198.000000,0.482927,0.000000,0.000000,1.000000,0.000000,1449.560000,0.978969,0.000000,1166.240000,0.757254,0.000000,283.320000,0.523852,0.000000,80.454800,0.770856,0.385428,239.000000,0.870293,0.217573,0.000000,1.000000,0.000000,0.000000,1.000000,0.000000,8.000000,0.375000,0.093750,0.696751
112,CFG_058,1.000000,1048.000000,0.784431,0.000000,122.000000,0.297561,0.000000,0.000000,1.000000,0.000000,1470.520000,0.993125,0.000000,1249.940000,0.706546,0.000000,220.580000,0.407847,0.000000,84.999900,0.729637,0.364819,221.000000,0.941176,0.235294,0.000000,1.000000,0.000000,0.000000,1.000000,0.000000,8.000000,0.375000,0.093750,0.693863
113,CFG_159,1.000000,1124.000000,0.841317,0.000000,198.000000,0.482927,0.000000,0.000000,1.000000,0.000000,1451.760000,0.980455,0.000000,1157.140000,0.763209,0.000000,294.620000,0.544745,0.000000,79.706000,0.778098,0.389049,235.000000,0.885106,0.221277,0.000000,1.000000,0.000000,0.000000,1.000000,0.000000,9.000000,0.333333,0.083333,0.693659
114,CFG_180,1.000000,1086.000000,0.812874,0.000000,160.000000,0.390244,0.000000,0.000000,1.000000,0.000000,1468.840000,0.991990,0.000000,1217.440000,0.725407,0.000000,251.400000,0.464832,0.000000,82.884500,0.748259,0.374130,221.000000,0.941176,0.235294,0.000000,1.000000,0.000000,0.000000,1.000000,0.000000,9.000000,0.333333,0.083333,0.692757
115,CFG_167,1.000000,1064.000000,0.796407,0.000000,138.000000,0.336585,0.000000,0.000000,1.000000,0.000000,1464.660000,0.989167,0.000000,1268.690000,0.696104,0.000000,195.970000,0.362344,0.000000,86.620100,0.715990,0.357995,229.000000,0.908297,0.227074,0.000000,1.000000,0.000000,0.000000,1.000000,0.000000,7.000000,0.428571,0.107143,0.692212
116,CFG_100,1.000000,1140.000000,0.853293,0.000000,214.000000,0.521951,0.000000,0.000000,1.000000,0.000000,1454.400000,0.982238,0.000000,1144.190000,0.771847,0.000000,310.210000,0.573571,0.000000,78.670900,0.788336,0.394168,234.000000,0.888889,0.222222,0.000000,1.000000,0.000000,0.000000,1.000000,0.000000,10.000000,0.300000,0.075000,0.691390
117,CFG_048,1.000000,1070.000000,0.800898,0.000000,144.000000,0.351220,0.000000,0.000000,1.000000,0.000000,1466.200000,0.990207,0.000000,1236.240000,0.714376,0.000000,229.960000,0.425190,0.000000,84.315900,0.735556,0.367778,229.000000,0.908297,0.227074,0.000000,1.000000,0.000000,0.000000,1.000000,0.000000,8.000000,0.375000,0.093750,0.688602
118,CFG_046,1.000000,1054.000000,0.788922,0.000000,128.000000,0.312195,0.000000,0.000000,1.000000,0.000000,1454.960000,0.982616,0.000000,1276.040000,0.692094,0.000000,178.920000,0.330819,0.000000,87.702800,0.707151,0.353575,248.000000,0.838710,0.209677,0.000000,1.000000,0.000000,0.000000,1.000000,0.000000,6.000000,0.500000,0.125000,0.688253
119,CFG_168,1.000000,1080.000000,0.808383,0.000000,154.000000,0.375610,0.000000,0.000000,1.000000,0.000000,1466.200000,0.990207,0.000000,1240.240000,0.712072,0.000000,225.960000,0.417795,0.000000,84.588700,0.733184,0.366592,229.000000,0.908297,0.227074,0.000000,1.000000,0.000000,0.000000,1.000000,0.000000,8.000000,0.375000,0.093750,0.687416
120,CFG_177,1.000000,1086.000000,0.812874,0.000000,160.000000,0.390244,0.000000,0.000000,1.000000,0.000000,1457.040000,0.984021,0.000000,1279.840000,0.690039,0.000000,177.200000,0.327638,0.000000,87.838400,0.706059,0.353030,229.000000,0.908297,0.227074,0.000000,1.000000,0.000000,0.000000,1.000000,0.000000,7.000000,0.428571,0.107143,0.687247
121,CFG_118,1.000000,1080.000000,0.808383,0.000000,154.000000,0.375610,0.000000,0.000000,1.000000,0.000000,1470.600000,0.993179,0.000000,1248.690000,0.707253,0.000000,221.910000,0.410306,0.000000,84.910200,0.730408,0.365204,228.000000,0.912281,0.228070,0.000000,1.000000,0.000000,0.000000,1.000000,0.000000,8.000000,0.375000,0.093750,0.687024
122,CFG_169,1.000000,1080.000000,0.808383,0.000000,154.000000,0.375610,0.000000,0.000000,1.000000,0.000000,1464.000000,0.988722,0.000000,1235.940000,0.714549,0.000000,228.060000,0.421677,0.000000,84.422100,0.734631,0.367316,220.000000,0.945455,0.236364,0.000000,1.000000,0.000000,0.000000,1.000000,0.000000,9.000000,0.333333,0.083333,0.687013
123,CFG_040,0.666667,1152.000000,0.862275,0.000000,226.000000,0.551220,0.000000,0.000000,1.000000,0.000000,1450.280000,0.979456,0.000000,1124.790000,0.785160,0.000000,325.490000,0.601823,0.000000,77.556700,0.799661,0.399831,246.000000,0.845528,0.211382,0.000000,1.000000,0.000000,0.000000,1.000000,0.000000,10.000000,0.300000,0.075000,0.686213
124,CFG_178,1.000000,1080.000000,0.808383,0.000000,154.000000,0.375610,0.000000,0.000000,1.000000,0.000000,1462.900000,0.987979,0.000000,1246.590000,0.708445,0.000000,216.310000,0.399952,0.000000,85.213600,0.727808,0.363904,228.000000,0.912281,0.228070,0.000000,1.000000,0.000000,0.000000,1.000000,0.000000,8.000000,0.375000,0.093750,0.685724
125,CFG_160,1.000000,1162.000000,0.869760,0.000000,236.000000,0.575610,0.000000,0.000000,1.000000,0.000000,1453.080000,0.981347,0.000000,1146.340000,0.770400,0.000000,306.740000,0.567155,0.000000,78.890400,0.786143,0.393071,241.000000,0.863071,0.215768,0.000000,1.000000,0.000000,0.000000,1.000000,0.000000,10.000000,0.300000,0.075000,0.683839
126,CFG_170,1.000000,1102.000000,0.824850,0.000000,176.000000,0.429268,0.000000,0.000000,1.000000,0.000000,1448.680000,0.978375,0.000000,1209.990000,0.729874,0.000000,238.690000,0.441332,0.000000,83.523600,0.742534,0.371267,228.000000,0.912281,0.228070,0.000000,1.000000,0.000000,0.000000,1.000000,0.000000,9.000000,0.333333,0.083333,0.682670
127,CFG_108,1.000000,1080.000000,0.808383,0.000000,154.000000,0.375610,0.000000,0.000000,1.000000,0.000000,1462.900000,0.987979,0.000000,1238.390000,0.713136,0.000000,224.510000,0.415114,0.000000,84.653100,0.732626,0.366313,234.000000,0.888889,0.222222,0.000000,1.000000,0.000000,0.000000,1.000000,0.000000,8.000000,0.375000,0.093750,0.682285
128,CFG_057,1.000000,1032.000000,0.772455,0.000000,106.000000,0.258537,0.000000,0.000000,1.000000,0.000000,1467.280000,0.990937,0.000000,1286.290000,0.686579,0.000000,180.990000,0.334646,0.000000,87.664900,0.707456,0.353728,235.000000,0.885106,0.221277,0.000000,1.000000,0.000000,0.000000,1.000000,0.000000,7.000000,0.428571,0.107143,0.682148
129,CFG_110,1.000000,1080.000000,0.808383,0.000000,154.000000,0.375610,0.000000,0.000000,1.000000,0.000000,1463.500000,0.988384,0.000000,1219.540000,0.724158,0.000000,243.960000,0.451076,0.000000,83.330400,0.744255,0.372128,222.000000,0.936937,0.234234,0.000000,1.000000,0.000000,0.000000,1.000000,0.000000,10.000000,0.300000,0.075000,0.681362
130,CFG_119,1.000000,1080.000000,0.808383,0.000000,154.000000,0.375610,0.000000,0.000000,1.000000,0.000000,1473.900000,0.995408,0.000000,1243.790000,0.710039,0.000000,230.110000,0.425468,0.000000,84.387700,0.734931,0.367465,227.000000,0.916300,0.229075,0.000000,1.000000,0.000000,0.000000,1.000000,0.000000,9.000000,0.333333,0.083333,0.679874
131,CFG_050,1.000000,1086.000000,0.812874,0.000000,160.000000,0.390244,0.000000,0.000000,1.000000,0.000000,1464.740000,0.989221,0.000000,1215.840000,0.726362,0.000000,248.900000,0.460210,0.000000,83.007200,0.747153,0.373577,227.000000,0.916300,0.229075,0.000000,1.000000,0.000000,0.000000,1.000000,0.000000,10.000000,0.300000,0.075000,0.677652
132,CFG_109,1.000000,1102.000000,0.824850,0.000000,176.000000,0.429268,0.000000,0.000000,1.000000,0.000000,1459.980000,0.986007,0.000000,1234.140000,0.715591,0.000000,225.840000,0.417573,0.000000,84.531300,0.733682,0.366841,229.000000,0.908297,0.227074,0.000000,1.000000,0.000000,0.000000,1.000000,0.000000,9.000000,0.333333,0.083333,0.677249
133,CFG_047,1.000000,1054.000000,0.788922,0.000000,128.000000,0.312195,0.000000,0.000000,1.000000,0.000000,1463.760000,0.988559,0.000000,1265.040000,0.698112,0.000000,198.720000,0.367428,0.000000,86.424000,0.717614,0.358807,248.000000,0.838710,0.209677,0.000000,1.000000,0.000000,0.000000,1.000000,0.000000,7.000000,0.428571,0.107143,0.675627
134,CFG_179,1.000000,1080.000000,0.808383,0.000000,154.000000,0.375610,0.000000,0.000000,1.000000,0.000000,1460.700000,0.986493,0.000000,1247.740000,0.707792,0.000000,212.960000,0.393758,0.000000,85.420700,0.726043,0.363021,229.000000,0.908297,0.227074,0.000000,1.000000,0.000000,0.000000,1.000000,0.000000,9.000000,0.333333,0.083333,0.673429
135,CFG_059,1.000000,1048.000000,0.784431,0.000000,122.000000,0.297561,0.000000,0.000000,1.000000,0.000000,1464.520000,0.989073,0.000000,1247.140000,0.708132,0.000000,217.380000,0.401930,0.000000,85.156900,0.728292,0.364146,233.000000,0.892704,0.223176,0.000000,1.000000,0.000000,0.000000,1.000000,0.000000,9.000000,0.333333,0.083333,0.670655
136,CFG_049,1.000000,1076.000000,0.805389,0.000000,150.000000,0.365854,0.000000,0.000000,1.000000,0.000000,1464.640000,0.989154,0.000000,1228.740000,0.718736,0.000000,235.900000,0.436173,0.000000,83.893700,0.739258,0.369629,246.000000,0.845528,0.211382,0.000000,1.000000,0.000000,0.000000,1.000000,0.000000,9.000000,0.333333,0.083333,0.664345
137,CFG_060,1.000000,1064.000000,0.796407,0.000000,138.000000,0.336585,0.000000,0.000000,1.000000,0.000000,1464.360000,0.988965,0.000000,1245.140000,0.709270,0.000000,219.220000,0.405332,0.000000,85.029600,0.729382,0.364691,233.000000,0.892704,0.223176,0.000000,1.000000,0.000000,0.000000,1.000000,0.000000,10.000000,0.300000,0.075000,0.662867
138,CFG_120,1.000000,1086.000000,0.812874,0.000000,160.000000,0.390244,0.000000,0.000000,1.000000,0.000000,1469.940000,0.992733,0.000000,1248.290000,0.707480,0.000000,221.650000,0.409825,0.000000,84.921200,0.730314,0.365157,234.000000,0.888889,0.222222,0.000000,1.000000,0.000000,0.000000,1.000000,0.000000,10.000000,0.300000,0.075000,0.662379
